well,depth,temperature,temperature_unc_1sigma,data_type
AST-02,1624,53.3,30,BHT
AST-02,1626,51.7,30,BHT
AST-02,2,10.77,0.1,continuous log
AST-02,2.2,10.73,0.1,continuous log
AST-02,2.4,10.7,0.1,continuous log
AST-02,2.6,10.67,0.1,continuous log
AST-02,2.8,10.64,0.1,continuous log
AST-02,3,10.61,0.1,continuous log
AST-02,3.2,10.57,0.1,continuous log
AST-02,3.4,10.54,0.1,continuous log
AST-02,3.6,10.51,0.1,continuous log
AST-02,3.8,10.48,0.1,continuous log
AST-02,4,10.44,0.1,continuous log
AST-02,4.2,10.41,0.1,continuous log
AST-02,4.4,10.38,0.1,continuous log
AST-02,4.6,10.35,0.1,continuous log
AST-02,4.8,10.37,0.1,continuous log
AST-02,5,10.38,0.1,continuous log
AST-02,5.2,10.4,0.1,continuous log
AST-02,5.4,10.41,0.1,continuous log
AST-02,5.6,10.43,0.1,continuous log
AST-02,5.8,10.44,0.1,continuous log
AST-02,6,10.46,0.1,continuous log
AST-02,6.2,10.47,0.1,continuous log
AST-02,6.4,10.49,0.1,continuous log
AST-02,6.6,10.51,0.1,continuous log
AST-02,6.8,10.52,0.1,continuous log
AST-02,7,10.54,0.1,continuous log
AST-02,7.2,10.55,0.1,continuous log
AST-02,7.4,10.57,0.1,continuous log
AST-02,7.6,10.58,0.1,continuous log
AST-02,7.8,10.6,0.1,continuous log
AST-02,8,10.61,0.1,continuous log
AST-02,8.2,10.63,0.1,continuous log
AST-02,8.4,10.64,0.1,continuous log
AST-02,8.6,10.66,0.1,continuous log
AST-02,8.8,10.67,0.1,continuous log
AST-02,9,10.69,0.1,continuous log
AST-02,9.2,10.7,0.1,continuous log
AST-02,9.4,10.72,0.1,continuous log
AST-02,9.6,10.74,0.1,continuous log
AST-02,9.8,10.75,0.1,continuous log
AST-02,10,10.77,0.1,continuous log
AST-02,10.2,10.79,0.1,continuous log
AST-02,10.4,10.8,0.1,continuous log
AST-02,10.6,10.82,0.1,continuous log
AST-02,10.8,10.83,0.1,continuous log
AST-02,11,10.85,0.1,continuous log
AST-02,11.2,10.87,0.1,continuous log
AST-02,11.4,10.88,0.1,continuous log
AST-02,11.6,10.9,0.1,continuous log
AST-02,11.8,10.91,0.1,continuous log
AST-02,12,10.93,0.1,continuous log
AST-02,12.2,10.95,0.1,continuous log
AST-02,12.4,10.96,0.1,continuous log
AST-02,12.6,10.98,0.1,continuous log
AST-02,12.8,10.99,0.1,continuous log
AST-02,13,11.01,0.1,continuous log
AST-02,13.2,11.03,0.1,continuous log
AST-02,13.4,11.04,0.1,continuous log
AST-02,13.6,11.06,0.1,continuous log
AST-02,13.8,11.07,0.1,continuous log
AST-02,14,11.09,0.1,continuous log
AST-02,14.2,11.11,0.1,continuous log
AST-02,14.4,11.12,0.1,continuous log
AST-02,14.6,11.14,0.1,continuous log
AST-02,14.8,11.16,0.1,continuous log
AST-02,15,11.17,0.1,continuous log
AST-02,15.2,11.19,0.1,continuous log
AST-02,15.4,11.2,0.1,continuous log
AST-02,15.6,11.22,0.1,continuous log
AST-02,15.8,11.24,0.1,continuous log
AST-02,16,11.25,0.1,continuous log
AST-02,16.2,11.27,0.1,continuous log
AST-02,16.4,11.28,0.1,continuous log
AST-02,16.6,11.3,0.1,continuous log
AST-02,16.8,11.32,0.1,continuous log
AST-02,17,11.33,0.1,continuous log
AST-02,17.2,11.35,0.1,continuous log
AST-02,17.4,11.36,0.1,continuous log
AST-02,17.6,11.37,0.1,continuous log
AST-02,17.8,11.38,0.1,continuous log
AST-02,18,11.39,0.1,continuous log
AST-02,18.2,11.4,0.1,continuous log
AST-02,18.4,11.4,0.1,continuous log
AST-02,18.6,11.41,0.1,continuous log
AST-02,18.8,11.42,0.1,continuous log
AST-02,19,11.43,0.1,continuous log
AST-02,19.2,11.44,0.1,continuous log
AST-02,19.4,11.45,0.1,continuous log
AST-02,19.6,11.46,0.1,continuous log
AST-02,19.8,11.47,0.1,continuous log
AST-02,20,11.48,0.1,continuous log
AST-02,20.2,11.49,0.1,continuous log
AST-02,20.4,11.5,0.1,continuous log
AST-02,20.6,11.51,0.1,continuous log
AST-02,20.8,11.52,0.1,continuous log
AST-02,21,11.53,0.1,continuous log
AST-02,21.2,11.54,0.1,continuous log
AST-02,21.4,11.55,0.1,continuous log
AST-02,21.6,11.56,0.1,continuous log
AST-02,21.8,11.57,0.1,continuous log
AST-02,22,11.58,0.1,continuous log
AST-02,22.2,11.59,0.1,continuous log
AST-02,22.4,11.6,0.1,continuous log
AST-02,22.6,11.61,0.1,continuous log
AST-02,22.8,11.62,0.1,continuous log
AST-02,23,11.63,0.1,continuous log
AST-02,23.2,11.64,0.1,continuous log
AST-02,23.4,11.65,0.1,continuous log
AST-02,23.6,11.66,0.1,continuous log
AST-02,23.8,11.67,0.1,continuous log
AST-02,24,11.68,0.1,continuous log
AST-02,24.2,11.68,0.1,continuous log
AST-02,24.4,11.69,0.1,continuous log
AST-02,24.6,11.7,0.1,continuous log
AST-02,24.8,11.71,0.1,continuous log
AST-02,25,11.72,0.1,continuous log
AST-02,25.2,11.73,0.1,continuous log
AST-02,25.4,11.74,0.1,continuous log
AST-02,25.6,11.75,0.1,continuous log
AST-02,25.8,11.76,0.1,continuous log
AST-02,26,11.77,0.1,continuous log
AST-02,26.2,11.78,0.1,continuous log
AST-02,26.4,11.79,0.1,continuous log
AST-02,26.6,11.8,0.1,continuous log
AST-02,26.8,11.81,0.1,continuous log
AST-02,27,11.82,0.1,continuous log
AST-02,27.2,11.83,0.1,continuous log
AST-02,27.4,11.84,0.1,continuous log
AST-02,27.6,11.85,0.1,continuous log
AST-02,27.8,11.86,0.1,continuous log
AST-02,28,11.87,0.1,continuous log
AST-02,28.2,11.88,0.1,continuous log
AST-02,28.4,11.89,0.1,continuous log
AST-02,28.6,11.9,0.1,continuous log
AST-02,28.8,11.91,0.1,continuous log
AST-02,29,11.92,0.1,continuous log
AST-02,29.2,11.93,0.1,continuous log
AST-02,29.4,11.94,0.1,continuous log
AST-02,29.6,11.95,0.1,continuous log
AST-02,29.8,11.96,0.1,continuous log
AST-02,30,11.97,0.1,continuous log
AST-02,30.2,11.98,0.1,continuous log
AST-02,30.4,11.99,0.1,continuous log
AST-02,30.6,12,0.1,continuous log
AST-02,30.8,12.01,0.1,continuous log
AST-02,31,12.02,0.1,continuous log
AST-02,31.2,12.03,0.1,continuous log
AST-02,31.4,12.04,0.1,continuous log
AST-02,31.6,12.05,0.1,continuous log
AST-02,31.8,12.03,0.1,continuous log
AST-02,32,11.94,0.1,continuous log
AST-02,32.2,11.85,0.1,continuous log
AST-02,32.4,11.76,0.1,continuous log
AST-02,32.6,11.66,0.1,continuous log
AST-02,32.8,11.57,0.1,continuous log
AST-02,33,11.48,0.1,continuous log
AST-02,33.2,11.38,0.1,continuous log
AST-02,33.4,11.29,0.1,continuous log
AST-02,33.6,11.28,0.1,continuous log
AST-02,33.8,11.28,0.1,continuous log
AST-02,34,11.29,0.1,continuous log
AST-02,34.2,11.29,0.1,continuous log
AST-02,34.4,11.3,0.1,continuous log
AST-02,34.6,11.3,0.1,continuous log
AST-02,34.8,11.31,0.1,continuous log
AST-02,35,11.31,0.1,continuous log
AST-02,35.2,11.32,0.1,continuous log
AST-02,35.4,11.32,0.1,continuous log
AST-02,35.6,11.32,0.1,continuous log
AST-02,35.8,11.33,0.1,continuous log
AST-02,36,11.33,0.1,continuous log
AST-02,36.2,11.34,0.1,continuous log
AST-02,36.4,11.34,0.1,continuous log
AST-02,36.6,11.35,0.1,continuous log
AST-02,36.8,11.35,0.1,continuous log
AST-02,37,11.36,0.1,continuous log
AST-02,37.2,11.36,0.1,continuous log
AST-02,37.4,11.37,0.1,continuous log
AST-02,37.6,11.37,0.1,continuous log
AST-02,37.8,11.38,0.1,continuous log
AST-02,38,11.38,0.1,continuous log
AST-02,38.2,11.39,0.1,continuous log
AST-02,38.4,11.39,0.1,continuous log
AST-02,38.6,11.4,0.1,continuous log
AST-02,38.8,11.4,0.1,continuous log
AST-02,39,11.4,0.1,continuous log
AST-02,39.2,11.41,0.1,continuous log
AST-02,39.4,11.41,0.1,continuous log
AST-02,39.6,11.42,0.1,continuous log
AST-02,39.8,11.42,0.1,continuous log
AST-02,40,11.43,0.1,continuous log
AST-02,40.2,11.43,0.1,continuous log
AST-02,40.4,11.44,0.1,continuous log
AST-02,40.6,11.44,0.1,continuous log
AST-02,40.8,11.45,0.1,continuous log
AST-02,41,11.45,0.1,continuous log
AST-02,41.2,11.46,0.1,continuous log
AST-02,41.4,11.46,0.1,continuous log
AST-02,41.6,11.47,0.1,continuous log
AST-02,41.8,11.47,0.1,continuous log
AST-02,42,11.48,0.1,continuous log
AST-02,42.2,11.48,0.1,continuous log
AST-02,42.4,11.48,0.1,continuous log
AST-02,42.6,11.49,0.1,continuous log
AST-02,42.8,11.49,0.1,continuous log
AST-02,43,11.5,0.1,continuous log
AST-02,43.2,11.5,0.1,continuous log
AST-02,43.4,11.51,0.1,continuous log
AST-02,43.6,11.51,0.1,continuous log
AST-02,43.8,11.52,0.1,continuous log
AST-02,44,11.52,0.1,continuous log
AST-02,44.2,11.53,0.1,continuous log
AST-02,44.4,11.53,0.1,continuous log
AST-02,44.6,11.54,0.1,continuous log
AST-02,44.8,11.54,0.1,continuous log
AST-02,45,11.55,0.1,continuous log
AST-02,45.2,11.55,0.1,continuous log
AST-02,45.4,11.56,0.1,continuous log
AST-02,45.6,11.56,0.1,continuous log
AST-02,45.8,11.56,0.1,continuous log
AST-02,46,11.57,0.1,continuous log
AST-02,46.2,11.57,0.1,continuous log
AST-02,46.4,11.58,0.1,continuous log
AST-02,46.6,11.58,0.1,continuous log
AST-02,46.8,11.59,0.1,continuous log
AST-02,47,11.59,0.1,continuous log
AST-02,47.2,11.59,0.1,continuous log
AST-02,47.4,11.58,0.1,continuous log
AST-02,47.6,11.57,0.1,continuous log
AST-02,47.8,11.56,0.1,continuous log
AST-02,48,11.55,0.1,continuous log
AST-02,48.2,11.54,0.1,continuous log
AST-02,48.4,11.53,0.1,continuous log
AST-02,48.6,11.53,0.1,continuous log
AST-02,48.8,11.52,0.1,continuous log
AST-02,49,11.51,0.1,continuous log
AST-02,49.2,11.5,0.1,continuous log
AST-02,49.4,11.49,0.1,continuous log
AST-02,49.6,11.48,0.1,continuous log
AST-02,49.8,11.47,0.1,continuous log
AST-02,50,11.46,0.1,continuous log
AST-02,50.2,11.46,0.1,continuous log
AST-02,50.4,11.45,0.1,continuous log
AST-02,50.6,11.44,0.1,continuous log
AST-02,50.8,11.43,0.1,continuous log
AST-02,51,11.42,0.1,continuous log
AST-02,51.2,11.41,0.1,continuous log
AST-02,51.4,11.4,0.1,continuous log
AST-02,51.6,11.4,0.1,continuous log
AST-02,51.8,11.39,0.1,continuous log
AST-02,52,11.38,0.1,continuous log
AST-02,52.2,11.37,0.1,continuous log
AST-02,52.4,11.36,0.1,continuous log
AST-02,52.6,11.35,0.1,continuous log
AST-02,52.8,11.34,0.1,continuous log
AST-02,53,11.33,0.1,continuous log
AST-02,53.2,11.33,0.1,continuous log
AST-02,53.4,11.32,0.1,continuous log
AST-02,53.6,11.31,0.1,continuous log
AST-02,53.8,11.3,0.1,continuous log
AST-02,54,11.29,0.1,continuous log
AST-02,54.2,11.28,0.1,continuous log
AST-02,54.4,11.27,0.1,continuous log
AST-02,54.6,11.28,0.1,continuous log
AST-02,54.8,11.28,0.1,continuous log
AST-02,55,11.29,0.1,continuous log
AST-02,55.2,11.29,0.1,continuous log
AST-02,55.4,11.3,0.1,continuous log
AST-02,55.6,11.3,0.1,continuous log
AST-02,55.8,11.31,0.1,continuous log
AST-02,56,11.31,0.1,continuous log
AST-02,56.2,11.32,0.1,continuous log
AST-02,56.4,11.32,0.1,continuous log
AST-02,56.6,11.33,0.1,continuous log
AST-02,56.8,11.33,0.1,continuous log
AST-02,57,11.34,0.1,continuous log
AST-02,57.2,11.34,0.1,continuous log
AST-02,57.4,11.35,0.1,continuous log
AST-02,57.6,11.35,0.1,continuous log
AST-02,57.8,11.36,0.1,continuous log
AST-02,58,11.37,0.1,continuous log
AST-02,58.2,11.37,0.1,continuous log
AST-02,58.4,11.38,0.1,continuous log
AST-02,58.6,11.38,0.1,continuous log
AST-02,58.8,11.39,0.1,continuous log
AST-02,59,11.41,0.1,continuous log
AST-02,59.2,11.42,0.1,continuous log
AST-02,59.4,11.44,0.1,continuous log
AST-02,59.6,11.45,0.1,continuous log
AST-02,59.8,11.47,0.1,continuous log
AST-02,60,11.48,0.1,continuous log
AST-02,60.2,11.5,0.1,continuous log
AST-02,60.4,11.51,0.1,continuous log
AST-02,60.6,11.53,0.1,continuous log
AST-02,60.8,11.54,0.1,continuous log
AST-02,61,11.56,0.1,continuous log
AST-02,61.2,11.57,0.1,continuous log
AST-02,61.4,11.58,0.1,continuous log
AST-02,61.6,11.6,0.1,continuous log
AST-02,61.8,11.61,0.1,continuous log
AST-02,62,11.63,0.1,continuous log
AST-02,62.2,11.64,0.1,continuous log
AST-02,62.4,11.66,0.1,continuous log
AST-02,62.6,11.67,0.1,continuous log
AST-02,62.8,11.69,0.1,continuous log
AST-02,63,11.7,0.1,continuous log
AST-02,63.2,11.72,0.1,continuous log
AST-02,63.4,11.73,0.1,continuous log
AST-02,63.6,11.74,0.1,continuous log
AST-02,63.8,11.74,0.1,continuous log
AST-02,64,11.75,0.1,continuous log
AST-02,64.2,11.75,0.1,continuous log
AST-02,64.4,11.76,0.1,continuous log
AST-02,64.6,11.76,0.1,continuous log
AST-02,64.8,11.77,0.1,continuous log
AST-02,65,11.77,0.1,continuous log
AST-02,65.2,11.78,0.1,continuous log
AST-02,65.4,11.78,0.1,continuous log
AST-02,65.6,11.79,0.1,continuous log
AST-02,65.8,11.79,0.1,continuous log
AST-02,66,11.8,0.1,continuous log
AST-02,66.2,11.8,0.1,continuous log
AST-02,66.4,11.81,0.1,continuous log
AST-02,66.6,11.81,0.1,continuous log
AST-02,66.8,11.82,0.1,continuous log
AST-02,67,11.83,0.1,continuous log
AST-02,67.2,11.83,0.1,continuous log
AST-02,67.4,11.84,0.1,continuous log
AST-02,67.6,11.84,0.1,continuous log
AST-02,67.8,11.85,0.1,continuous log
AST-02,68,11.85,0.1,continuous log
AST-02,68.2,11.86,0.1,continuous log
AST-02,68.4,11.86,0.1,continuous log
AST-02,68.6,11.87,0.1,continuous log
AST-02,68.8,11.87,0.1,continuous log
AST-02,69,11.88,0.1,continuous log
AST-02,69.2,11.88,0.1,continuous log
AST-02,69.4,11.89,0.1,continuous log
AST-02,69.6,11.89,0.1,continuous log
AST-02,69.8,11.9,0.1,continuous log
AST-02,70,11.91,0.1,continuous log
AST-02,70.2,11.91,0.1,continuous log
AST-02,70.4,11.92,0.1,continuous log
AST-02,70.6,11.92,0.1,continuous log
AST-02,70.8,11.93,0.1,continuous log
AST-02,71,11.93,0.1,continuous log
AST-02,71.2,11.94,0.1,continuous log
AST-02,71.4,11.94,0.1,continuous log
AST-02,71.6,11.95,0.1,continuous log
AST-02,71.8,11.95,0.1,continuous log
AST-02,72,11.96,0.1,continuous log
AST-02,72.2,11.96,0.1,continuous log
AST-02,72.4,11.97,0.1,continuous log
AST-02,72.6,11.98,0.1,continuous log
AST-02,72.8,11.98,0.1,continuous log
AST-02,73,11.99,0.1,continuous log
AST-02,73.2,11.99,0.1,continuous log
AST-02,73.4,12,0.1,continuous log
AST-02,73.6,12,0.1,continuous log
AST-02,73.8,12.01,0.1,continuous log
AST-02,74,12.01,0.1,continuous log
AST-02,74.2,12.02,0.1,continuous log
AST-02,74.4,12.02,0.1,continuous log
AST-02,74.6,12.03,0.1,continuous log
AST-02,74.8,12.03,0.1,continuous log
AST-02,75,12.04,0.1,continuous log
AST-02,75.2,12.05,0.1,continuous log
AST-02,75.4,12.05,0.1,continuous log
AST-02,75.6,12.06,0.1,continuous log
AST-02,75.8,12.06,0.1,continuous log
AST-02,76,12.06,0.1,continuous log
AST-02,76.2,12.07,0.1,continuous log
AST-02,76.4,12.07,0.1,continuous log
AST-02,76.6,12.07,0.1,continuous log
AST-02,76.8,12.08,0.1,continuous log
AST-02,77,12.08,0.1,continuous log
AST-02,77.2,12.08,0.1,continuous log
AST-02,77.4,12.09,0.1,continuous log
AST-02,77.6,12.09,0.1,continuous log
AST-02,77.8,12.09,0.1,continuous log
AST-02,78,12.1,0.1,continuous log
AST-02,78.2,12.1,0.1,continuous log
AST-02,78.4,12.1,0.1,continuous log
AST-02,78.6,12.11,0.1,continuous log
AST-02,78.8,12.11,0.1,continuous log
AST-02,79,12.11,0.1,continuous log
AST-02,79.2,12.12,0.1,continuous log
AST-02,79.4,12.12,0.1,continuous log
AST-02,79.6,12.12,0.1,continuous log
AST-02,79.8,12.13,0.1,continuous log
AST-02,80,12.13,0.1,continuous log
AST-02,80.2,12.13,0.1,continuous log
AST-02,80.4,12.14,0.1,continuous log
AST-02,80.6,12.14,0.1,continuous log
AST-02,80.8,12.14,0.1,continuous log
AST-02,81,12.15,0.1,continuous log
AST-02,81.2,12.15,0.1,continuous log
AST-02,81.4,12.15,0.1,continuous log
AST-02,81.6,12.16,0.1,continuous log
AST-02,81.8,12.16,0.1,continuous log
AST-02,82,12.16,0.1,continuous log
AST-02,82.2,12.17,0.1,continuous log
AST-02,82.4,12.17,0.1,continuous log
AST-02,82.6,12.17,0.1,continuous log
AST-02,82.8,12.18,0.1,continuous log
AST-02,83,12.18,0.1,continuous log
AST-02,83.2,12.18,0.1,continuous log
AST-02,83.4,12.19,0.1,continuous log
AST-02,83.6,12.19,0.1,continuous log
AST-02,83.8,12.19,0.1,continuous log
AST-02,84,12.2,0.1,continuous log
AST-02,84.2,12.2,0.1,continuous log
AST-02,84.4,12.2,0.1,continuous log
AST-02,84.6,12.21,0.1,continuous log
AST-02,84.8,12.21,0.1,continuous log
AST-02,85,12.21,0.1,continuous log
AST-02,85.2,12.22,0.1,continuous log
AST-02,85.4,12.22,0.1,continuous log
AST-02,85.6,12.23,0.1,continuous log
AST-02,85.8,12.23,0.1,continuous log
AST-02,86,12.23,0.1,continuous log
AST-02,86.2,12.24,0.1,continuous log
AST-02,86.4,12.24,0.1,continuous log
AST-02,86.6,12.24,0.1,continuous log
AST-02,86.8,12.25,0.1,continuous log
AST-02,87,12.25,0.1,continuous log
AST-02,87.2,12.25,0.1,continuous log
AST-02,87.4,12.26,0.1,continuous log
AST-02,87.6,12.26,0.1,continuous log
AST-02,87.8,12.26,0.1,continuous log
AST-02,88,12.27,0.1,continuous log
AST-02,88.2,12.27,0.1,continuous log
AST-02,88.4,12.27,0.1,continuous log
AST-02,88.6,12.28,0.1,continuous log
AST-02,88.8,12.28,0.1,continuous log
AST-02,89,12.28,0.1,continuous log
AST-02,89.2,12.29,0.1,continuous log
AST-02,89.4,12.29,0.1,continuous log
AST-02,89.6,12.29,0.1,continuous log
AST-02,89.8,12.3,0.1,continuous log
AST-02,90,12.3,0.1,continuous log
AST-02,90.2,12.3,0.1,continuous log
AST-02,90.4,12.31,0.1,continuous log
AST-02,90.6,12.32,0.1,continuous log
AST-02,90.8,12.33,0.1,continuous log
AST-02,91,12.34,0.1,continuous log
AST-02,91.2,12.35,0.1,continuous log
AST-02,91.4,12.36,0.1,continuous log
AST-02,91.6,12.37,0.1,continuous log
AST-02,91.8,12.37,0.1,continuous log
AST-02,92,12.38,0.1,continuous log
AST-02,92.2,12.39,0.1,continuous log
AST-02,92.4,12.4,0.1,continuous log
AST-02,92.6,12.41,0.1,continuous log
AST-02,92.8,12.42,0.1,continuous log
AST-02,93,12.43,0.1,continuous log
AST-02,93.2,12.44,0.1,continuous log
AST-02,93.4,12.45,0.1,continuous log
AST-02,93.6,12.46,0.1,continuous log
AST-02,93.8,12.46,0.1,continuous log
AST-02,94,12.47,0.1,continuous log
AST-02,94.2,12.48,0.1,continuous log
AST-02,94.4,12.49,0.1,continuous log
AST-02,94.6,12.5,0.1,continuous log
AST-02,94.8,12.51,0.1,continuous log
AST-02,95,12.52,0.1,continuous log
AST-02,95.2,12.53,0.1,continuous log
AST-02,95.4,12.54,0.1,continuous log
AST-02,95.6,12.55,0.1,continuous log
AST-02,95.8,12.55,0.1,continuous log
AST-02,96,12.56,0.1,continuous log
AST-02,96.2,12.57,0.1,continuous log
AST-02,96.4,12.58,0.1,continuous log
AST-02,96.6,12.59,0.1,continuous log
AST-02,96.8,12.6,0.1,continuous log
AST-02,97,12.61,0.1,continuous log
AST-02,97.2,12.62,0.1,continuous log
AST-02,97.4,12.63,0.1,continuous log
AST-02,97.6,12.64,0.1,continuous log
AST-02,97.8,12.64,0.1,continuous log
AST-02,98,12.65,0.1,continuous log
AST-02,98.2,12.63,0.1,continuous log
AST-02,98.4,12.62,0.1,continuous log
AST-02,98.6,12.62,0.1,continuous log
AST-02,98.8,12.62,0.1,continuous log
AST-02,99,12.62,0.1,continuous log
AST-02,99.2,12.63,0.1,continuous log
AST-02,99.4,12.64,0.1,continuous log
AST-02,99.6,12.65,0.1,continuous log
AST-02,99.8,12.65,0.1,continuous log
AST-02,100,12.66,0.1,continuous log
AST-02,100.2,12.69,0.1,continuous log
AST-02,100.4,12.69,0.1,continuous log
AST-02,100.6,12.66,0.1,continuous log
AST-02,100.8,12.66,0.1,continuous log
AST-02,101,12.69,0.1,continuous log
AST-02,101.2,12.69,0.1,continuous log
AST-02,101.4,12.69,0.1,continuous log
AST-02,101.6,12.66,0.1,continuous log
AST-02,101.8,12.69,0.1,continuous log
AST-02,102,12.73,0.1,continuous log
AST-02,102.2,12.73,0.1,continuous log
AST-02,102.4,12.77,0.1,continuous log
AST-02,102.6,12.73,0.1,continuous log
AST-02,102.8,12.74,0.1,continuous log
AST-02,103,12.69,0.1,continuous log
AST-02,103.2,12.69,0.1,continuous log
AST-02,103.4,12.69,0.1,continuous log
AST-02,103.6,12.73,0.1,continuous log
AST-02,103.8,12.73,0.1,continuous log
AST-02,104,12.73,0.1,continuous log
AST-02,104.2,12.73,0.1,continuous log
AST-02,104.4,12.74,0.1,continuous log
AST-02,104.6,12.77,0.1,continuous log
AST-02,104.8,12.8,0.1,continuous log
AST-02,105,12.8,0.1,continuous log
AST-02,105.2,12.8,0.1,continuous log
AST-02,105.4,12.83,0.1,continuous log
AST-02,105.6,12.8,0.1,continuous log
AST-02,105.8,12.8,0.1,continuous log
AST-02,106,12.8,0.1,continuous log
AST-02,106.2,12.8,0.1,continuous log
AST-02,106.4,12.8,0.1,continuous log
AST-02,106.6,12.8,0.1,continuous log
AST-02,106.8,12.8,0.1,continuous log
AST-02,107,12.8,0.1,continuous log
AST-02,107.2,12.8,0.1,continuous log
AST-02,107.4,12.82,0.1,continuous log
AST-02,107.6,12.84,0.1,continuous log
AST-02,107.8,12.86,0.1,continuous log
AST-02,108,12.84,0.1,continuous log
AST-02,108.2,12.84,0.1,continuous log
AST-02,108.4,12.87,0.1,continuous log
AST-02,108.6,12.84,0.1,continuous log
AST-02,108.8,12.87,0.1,continuous log
AST-02,109,12.87,0.1,continuous log
AST-02,109.2,12.84,0.1,continuous log
AST-02,109.4,12.85,0.1,continuous log
AST-02,109.6,12.88,0.1,continuous log
AST-02,109.8,12.91,0.1,continuous log
AST-02,110,12.91,0.1,continuous log
AST-02,110.2,12.91,0.1,continuous log
AST-02,110.4,12.91,0.1,continuous log
AST-02,110.6,12.91,0.1,continuous log
AST-02,110.8,12.91,0.1,continuous log
AST-02,111,12.91,0.1,continuous log
AST-02,111.2,12.91,0.1,continuous log
AST-02,111.4,12.91,0.1,continuous log
AST-02,111.6,12.91,0.1,continuous log
AST-02,111.8,12.94,0.1,continuous log
AST-02,112,12.98,0.1,continuous log
AST-02,112.2,12.98,0.1,continuous log
AST-02,112.4,12.94,0.1,continuous log
AST-02,112.6,12.94,0.1,continuous log
AST-02,112.8,12.98,0.1,continuous log
AST-02,113,12.97,0.1,continuous log
AST-02,113.2,12.98,0.1,continuous log
AST-02,113.4,12.98,0.1,continuous log
AST-02,113.6,12.98,0.1,continuous log
AST-02,113.8,12.98,0.1,continuous log
AST-02,114,12.98,0.1,continuous log
AST-02,114.2,12.96,0.1,continuous log
AST-02,114.4,12.98,0.1,continuous log
AST-02,114.6,12.99,0.1,continuous log
AST-02,114.8,13,0.1,continuous log
AST-02,115,13.01,0.1,continuous log
AST-02,115.2,13.01,0.1,continuous log
AST-02,115.4,13.01,0.1,continuous log
AST-02,115.6,13.05,0.1,continuous log
AST-02,115.8,13.05,0.1,continuous log
AST-02,116,13.05,0.1,continuous log
AST-02,116.2,13.05,0.1,continuous log
AST-02,116.4,13.08,0.1,continuous log
AST-02,116.6,13.05,0.1,continuous log
AST-02,116.8,13.05,0.1,continuous log
AST-02,117,13.05,0.1,continuous log
AST-02,117.2,13.06,0.1,continuous log
AST-02,117.4,13.11,0.1,continuous log
AST-02,117.6,13.12,0.1,continuous log
AST-02,117.8,13.12,0.1,continuous log
AST-02,118,13.12,0.1,continuous log
AST-02,118.2,13.12,0.1,continuous log
AST-02,118.4,13.12,0.1,continuous log
AST-02,118.6,13.12,0.1,continuous log
AST-02,118.8,13.12,0.1,continuous log
AST-02,119,13.12,0.1,continuous log
AST-02,119.2,13.12,0.1,continuous log
AST-02,119.4,13.12,0.1,continuous log
AST-02,119.6,13.12,0.1,continuous log
AST-02,119.8,13.12,0.1,continuous log
AST-02,120,13.16,0.1,continuous log
AST-02,120.2,13.19,0.1,continuous log
AST-02,120.4,13.19,0.1,continuous log
AST-02,120.6,13.16,0.1,continuous log
AST-02,120.8,13.16,0.1,continuous log
AST-02,121,13.16,0.1,continuous log
AST-02,121.2,13.16,0.1,continuous log
AST-02,121.4,13.19,0.1,continuous log
AST-02,121.6,13.22,0.1,continuous log
AST-02,121.8,13.23,0.1,continuous log
AST-02,122,13.23,0.1,continuous log
AST-02,122.2,13.23,0.1,continuous log
AST-02,122.4,13.23,0.1,continuous log
AST-02,122.6,13.23,0.1,continuous log
AST-02,122.8,13.23,0.1,continuous log
AST-02,123,13.24,0.1,continuous log
AST-02,123.2,13.26,0.1,continuous log
AST-02,123.4,13.27,0.1,continuous log
AST-02,123.6,13.3,0.1,continuous log
AST-02,123.8,13.33,0.1,continuous log
AST-02,124,13.28,0.1,continuous log
AST-02,124.2,13.27,0.1,continuous log
AST-02,124.4,13.28,0.1,continuous log
AST-02,124.6,13.29,0.1,continuous log
AST-02,124.8,13.3,0.1,continuous log
AST-02,125,13.3,0.1,continuous log
AST-02,125.2,13.3,0.1,continuous log
AST-02,125.4,13.3,0.1,continuous log
AST-02,125.6,13.26,0.1,continuous log
AST-02,125.8,13.29,0.1,continuous log
AST-02,126,13.3,0.1,continuous log
AST-02,126.2,13.3,0.1,continuous log
AST-02,126.4,13.33,0.1,continuous log
AST-02,126.6,13.33,0.1,continuous log
AST-02,126.8,13.33,0.1,continuous log
AST-02,127,13.33,0.1,continuous log
AST-02,127.2,13.33,0.1,continuous log
AST-02,127.4,13.37,0.1,continuous log
AST-02,127.6,13.33,0.1,continuous log
AST-02,127.8,13.37,0.1,continuous log
AST-02,128,13.4,0.1,continuous log
AST-02,128.2,13.4,0.1,continuous log
AST-02,128.4,13.4,0.1,continuous log
AST-02,128.6,13.4,0.1,continuous log
AST-02,128.8,13.4,0.1,continuous log
AST-02,129,13.4,0.1,continuous log
AST-02,129.2,13.4,0.1,continuous log
AST-02,129.4,13.5,0.1,continuous log
AST-02,129.6,13.45,0.1,continuous log
AST-02,129.8,13.41,0.1,continuous log
AST-02,130,13.4,0.1,continuous log
AST-02,130.2,13.4,0.1,continuous log
AST-02,130.4,13.4,0.1,continuous log
AST-02,130.6,13.4,0.1,continuous log
AST-02,130.8,13.4,0.1,continuous log
AST-02,131,13.4,0.1,continuous log
AST-02,131.2,13.4,0.1,continuous log
AST-02,131.4,13.4,0.1,continuous log
AST-02,131.6,13.4,0.1,continuous log
AST-02,131.8,13.4,0.1,continuous log
AST-02,132,13.44,0.1,continuous log
AST-02,132.2,13.44,0.1,continuous log
AST-02,132.4,13.44,0.1,continuous log
AST-02,132.6,13.44,0.1,continuous log
AST-02,132.8,13.45,0.1,continuous log
AST-02,133,13.5,0.1,continuous log
AST-02,133.2,13.58,0.1,continuous log
AST-02,133.4,13.55,0.1,continuous log
AST-02,133.6,13.55,0.1,continuous log
AST-02,133.8,13.55,0.1,continuous log
AST-02,134,13.55,0.1,continuous log
AST-02,134.2,13.58,0.1,continuous log
AST-02,134.4,13.66,0.1,continuous log
AST-02,134.6,13.67,0.1,continuous log
AST-02,134.8,13.67,0.1,continuous log
AST-02,135,13.68,0.1,continuous log
AST-02,135.2,13.59,0.1,continuous log
AST-02,135.4,13.58,0.1,continuous log
AST-02,135.6,13.58,0.1,continuous log
AST-02,135.8,13.58,0.1,continuous log
AST-02,136,13.6,0.1,continuous log
AST-02,136.2,13.58,0.1,continuous log
AST-02,136.4,13.62,0.1,continuous log
AST-02,136.6,13.62,0.1,continuous log
AST-02,136.8,13.65,0.1,continuous log
AST-02,137,13.65,0.1,continuous log
AST-02,137.2,13.65,0.1,continuous log
AST-02,137.4,13.65,0.1,continuous log
AST-02,137.6,13.65,0.1,continuous log
AST-02,137.8,13.65,0.1,continuous log
AST-02,138,13.65,0.1,continuous log
AST-02,138.2,13.65,0.1,continuous log
AST-02,138.4,13.65,0.1,continuous log
AST-02,138.6,13.69,0.1,continuous log
AST-02,138.8,13.69,0.1,continuous log
AST-02,139,13.69,0.1,continuous log
AST-02,139.2,13.69,0.1,continuous log
AST-02,139.4,13.72,0.1,continuous log
AST-02,139.6,13.7,0.1,continuous log
AST-02,139.8,13.69,0.1,continuous log
AST-02,140,13.69,0.1,continuous log
AST-02,140.2,13.69,0.1,continuous log
AST-02,140.4,13.69,0.1,continuous log
AST-02,140.6,13.76,0.1,continuous log
AST-02,140.8,13.78,0.1,continuous log
AST-02,141,13.76,0.1,continuous log
AST-02,141.2,13.76,0.1,continuous log
AST-02,141.4,13.76,0.1,continuous log
AST-02,141.6,13.76,0.1,continuous log
AST-02,141.8,13.76,0.1,continuous log
AST-02,142,13.76,0.1,continuous log
AST-02,142.2,13.76,0.1,continuous log
AST-02,142.4,13.76,0.1,continuous log
AST-02,142.6,13.79,0.1,continuous log
AST-02,142.8,13.79,0.1,continuous log
AST-02,143,13.79,0.1,continuous log
AST-02,143.2,13.79,0.1,continuous log
AST-02,143.4,13.79,0.1,continuous log
AST-02,143.6,13.79,0.1,continuous log
AST-02,143.8,13.79,0.1,continuous log
AST-02,144,13.79,0.1,continuous log
AST-02,144.2,13.87,0.1,continuous log
AST-02,144.4,13.89,0.1,continuous log
AST-02,144.6,13.88,0.1,continuous log
AST-02,144.8,13.87,0.1,continuous log
AST-02,145,13.87,0.1,continuous log
AST-02,145.2,13.87,0.1,continuous log
AST-02,145.4,13.87,0.1,continuous log
AST-02,145.6,13.83,0.1,continuous log
AST-02,145.8,13.84,0.1,continuous log
AST-02,146,13.83,0.1,continuous log
AST-02,146.2,13.83,0.1,continuous log
AST-02,146.4,13.92,0.1,continuous log
AST-02,146.6,13.94,0.1,continuous log
AST-02,146.8,13.9,0.1,continuous log
AST-02,147,13.9,0.1,continuous log
AST-02,147.2,13.9,0.1,continuous log
AST-02,147.4,13.94,0.1,continuous log
AST-02,147.6,13.9,0.1,continuous log
AST-02,147.8,13.9,0.1,continuous log
AST-02,148,13.97,0.1,continuous log
AST-02,148.2,13.97,0.1,continuous log
AST-02,148.4,13.97,0.1,continuous log
AST-02,148.6,13.97,0.1,continuous log
AST-02,148.8,13.97,0.1,continuous log
AST-02,149,13.97,0.1,continuous log
AST-02,149.2,14.08,0.1,continuous log
AST-02,149.4,14.1,0.1,continuous log
AST-02,149.6,14.08,0.1,continuous log
AST-02,149.8,14.06,0.1,continuous log
AST-02,150,14.04,0.1,continuous log
AST-02,150.2,14.04,0.1,continuous log
AST-02,150.4,14.04,0.1,continuous log
AST-02,150.6,14.04,0.1,continuous log
AST-02,150.8,14.04,0.1,continuous log
AST-02,151,14.04,0.1,continuous log
AST-02,151.2,14.03,0.1,continuous log
AST-02,151.4,14.04,0.1,continuous log
AST-02,151.6,14.04,0.1,continuous log
AST-02,151.8,14.04,0.1,continuous log
AST-02,152,14.11,0.1,continuous log
AST-02,152.2,14.11,0.1,continuous log
AST-02,152.4,14.08,0.1,continuous log
AST-02,152.6,14.08,0.1,continuous log
AST-02,152.8,14.11,0.1,continuous log
AST-02,153,14.11,0.1,continuous log
AST-02,153.2,14.13,0.1,continuous log
AST-02,153.4,14.15,0.1,continuous log
AST-02,153.6,14.12,0.1,continuous log
AST-02,153.8,14.13,0.1,continuous log
AST-02,154,14.11,0.1,continuous log
AST-02,154.2,14.11,0.1,continuous log
AST-02,154.4,14.38,0.1,continuous log
AST-02,154.6,14.73,0.1,continuous log
AST-02,154.8,14.53,0.1,continuous log
AST-02,155,14.15,0.1,continuous log
AST-02,155.2,14.11,0.1,continuous log
AST-02,155.4,14.11,0.1,continuous log
AST-02,155.6,14.19,0.1,continuous log
AST-02,155.8,14.2,0.1,continuous log
AST-02,156,14.19,0.1,continuous log
AST-02,156.2,14.22,0.1,continuous log
AST-02,156.4,14.2,0.1,continuous log
AST-02,156.6,14.22,0.1,continuous log
AST-02,156.8,14.22,0.1,continuous log
AST-02,157,14.22,0.1,continuous log
AST-02,157.2,14.23,0.1,continuous log
AST-02,157.4,14.29,0.1,continuous log
AST-02,157.6,14.29,0.1,continuous log
AST-02,157.8,14.29,0.1,continuous log
AST-02,158,14.29,0.1,continuous log
AST-02,158.2,14.29,0.1,continuous log
AST-02,158.4,14.29,0.1,continuous log
AST-02,158.6,14.29,0.1,continuous log
AST-02,158.8,14.3,0.1,continuous log
AST-02,159,14.31,0.1,continuous log
AST-02,159.2,14.33,0.1,continuous log
AST-02,159.4,14.33,0.1,continuous log
AST-02,159.6,14.33,0.1,continuous log
AST-02,159.8,14.33,0.1,continuous log
AST-02,160,14.33,0.1,continuous log
AST-02,160.2,14.33,0.1,continuous log
AST-02,160.4,14.33,0.1,continuous log
AST-02,160.6,14.36,0.1,continuous log
AST-02,160.8,14.33,0.1,continuous log
AST-02,161,14.36,0.1,continuous log
AST-02,161.2,14.4,0.1,continuous log
AST-02,161.4,14.4,0.1,continuous log
AST-02,161.6,14.4,0.1,continuous log
AST-02,161.8,14.4,0.1,continuous log
AST-02,162,14.4,0.1,continuous log
AST-02,162.2,14.4,0.1,continuous log
AST-02,162.4,14.4,0.1,continuous log
AST-02,162.6,14.43,0.1,continuous log
AST-02,162.8,14.47,0.1,continuous log
AST-02,163,14.47,0.1,continuous log
AST-02,163.2,14.47,0.1,continuous log
AST-02,163.4,14.47,0.1,continuous log
AST-02,163.6,14.43,0.1,continuous log
AST-02,163.8,14.46,0.1,continuous log
AST-02,164,14.48,0.1,continuous log
AST-02,164.2,14.51,0.1,continuous log
AST-02,164.4,14.51,0.1,continuous log
AST-02,164.6,14.52,0.1,continuous log
AST-02,164.8,14.54,0.1,continuous log
AST-02,165,14.56,0.1,continuous log
AST-02,165.2,14.57,0.1,continuous log
AST-02,165.4,14.51,0.1,continuous log
AST-02,165.6,14.51,0.1,continuous log
AST-02,165.8,14.51,0.1,continuous log
AST-02,166,14.51,0.1,continuous log
AST-02,166.2,14.54,0.1,continuous log
AST-02,166.4,14.57,0.1,continuous log
AST-02,166.6,14.58,0.1,continuous log
AST-02,166.8,14.58,0.1,continuous log
AST-02,167,14.58,0.1,continuous log
AST-02,167.2,14.58,0.1,continuous log
AST-02,167.4,14.6,0.1,continuous log
AST-02,167.6,14.65,0.1,continuous log
AST-02,167.8,14.65,0.1,continuous log
AST-02,168,14.65,0.1,continuous log
AST-02,168.2,14.65,0.1,continuous log
AST-02,168.4,14.65,0.1,continuous log
AST-02,168.6,14.65,0.1,continuous log
AST-02,168.8,14.66,0.1,continuous log
AST-02,169,14.68,0.1,continuous log
AST-02,169.2,14.68,0.1,continuous log
AST-02,169.4,14.68,0.1,continuous log
AST-02,169.6,14.68,0.1,continuous log
AST-02,169.8,14.68,0.1,continuous log
AST-02,170,14.68,0.1,continuous log
AST-02,170.2,14.68,0.1,continuous log
AST-02,170.4,14.68,0.1,continuous log
AST-02,170.6,14.68,0.1,continuous log
AST-02,170.8,14.68,0.1,continuous log
AST-02,171,14.72,0.1,continuous log
AST-02,171.2,14.72,0.1,continuous log
AST-02,171.4,14.72,0.1,continuous log
AST-02,171.6,14.72,0.1,continuous log
AST-02,171.8,14.72,0.1,continuous log
AST-02,172,14.72,0.1,continuous log
AST-02,172.2,14.75,0.1,continuous log
AST-02,172.4,14.73,0.1,continuous log
AST-02,172.6,14.73,0.1,continuous log
AST-02,172.8,14.72,0.1,continuous log
AST-02,173,14.73,0.1,continuous log
AST-02,173.2,14.75,0.1,continuous log
AST-02,173.4,14.79,0.1,continuous log
AST-02,173.6,14.79,0.1,continuous log
AST-02,173.8,14.79,0.1,continuous log
AST-02,174,14.79,0.1,continuous log
AST-02,174.2,14.79,0.1,continuous log
AST-02,174.4,14.79,0.1,continuous log
AST-02,174.6,14.79,0.1,continuous log
AST-02,174.8,14.79,0.1,continuous log
AST-02,175,14.8,0.1,continuous log
AST-02,175.2,14.82,0.1,continuous log
AST-02,175.4,14.82,0.1,continuous log
AST-02,175.6,14.84,0.1,continuous log
AST-02,175.8,14.82,0.1,continuous log
AST-02,176,14.85,0.1,continuous log
AST-02,176.2,14.84,0.1,continuous log
AST-02,176.4,14.82,0.1,continuous log
AST-02,176.6,14.84,0.1,continuous log
AST-02,176.8,14.83,0.1,continuous log
AST-02,177,14.86,0.1,continuous log
AST-02,177.2,14.88,0.1,continuous log
AST-02,177.4,14.9,0.1,continuous log
AST-02,177.6,14.9,0.1,continuous log
AST-02,177.8,14.92,0.1,continuous log
AST-02,178,14.97,0.1,continuous log
AST-02,178.2,14.97,0.1,continuous log
AST-02,178.4,14.93,0.1,continuous log
AST-02,178.6,14.93,0.1,continuous log
AST-02,178.8,14.93,0.1,continuous log
AST-02,179,15,0.1,continuous log
AST-02,179.2,14.98,0.1,continuous log
AST-02,179.4,15,0.1,continuous log
AST-02,179.6,15,0.1,continuous log
AST-02,179.8,15,0.1,continuous log
AST-02,180,15,0.1,continuous log
AST-02,180.2,14.99,0.1,continuous log
AST-02,180.4,14.97,0.1,continuous log
AST-02,180.6,15,0.1,continuous log
AST-02,180.8,15,0.1,continuous log
AST-02,181,15,0.1,continuous log
AST-02,181.2,14.97,0.1,continuous log
AST-02,181.4,14.99,0.1,continuous log
AST-02,181.6,15,0.1,continuous log
AST-02,181.8,15,0.1,continuous log
AST-02,182,15.04,0.1,continuous log
AST-02,182.2,15.07,0.1,continuous log
AST-02,182.4,15.06,0.1,continuous log
AST-02,182.6,15.07,0.1,continuous log
AST-02,182.8,15.04,0.1,continuous log
AST-02,183,15.04,0.1,continuous log
AST-02,183.2,15.04,0.1,continuous log
AST-02,183.4,15.05,0.1,continuous log
AST-02,183.6,15.1,0.1,continuous log
AST-02,183.8,15.11,0.1,continuous log
AST-02,184,15.13,0.1,continuous log
AST-02,184.2,15.11,0.1,continuous log
AST-02,184.4,15.11,0.1,continuous log
AST-02,184.6,15.11,0.1,continuous log
AST-02,184.8,15.11,0.1,continuous log
AST-02,185,15.11,0.1,continuous log
AST-02,185.2,15.14,0.1,continuous log
AST-02,185.4,15.15,0.1,continuous log
AST-02,185.6,15.18,0.1,continuous log
AST-02,185.8,15.18,0.1,continuous log
AST-02,186,15.18,0.1,continuous log
AST-02,186.2,15.17,0.1,continuous log
AST-02,186.4,15.22,0.1,continuous log
AST-02,186.6,15.2,0.1,continuous log
AST-02,186.8,15.22,0.1,continuous log
AST-02,187,15.22,0.1,continuous log
AST-02,187.2,15.22,0.1,continuous log
AST-02,187.4,15.25,0.1,continuous log
AST-02,187.6,15.23,0.1,continuous log
AST-02,187.8,15.22,0.1,continuous log
AST-02,188,15.25,0.1,continuous log
AST-02,188.2,15.25,0.1,continuous log
AST-02,188.4,15.25,0.1,continuous log
AST-02,188.6,15.25,0.1,continuous log
AST-02,188.8,15.25,0.1,continuous log
AST-02,189,15.25,0.1,continuous log
AST-02,189.2,15.25,0.1,continuous log
AST-02,189.4,15.28,0.1,continuous log
AST-02,189.6,15.27,0.1,continuous log
AST-02,189.8,15.26,0.1,continuous log
AST-02,190,15.25,0.1,continuous log
AST-02,190.2,15.25,0.1,continuous log
AST-02,190.4,15.29,0.1,continuous log
AST-02,190.6,15.31,0.1,continuous log
AST-02,190.8,15.29,0.1,continuous log
AST-02,191,15.32,0.1,continuous log
AST-02,191.2,15.29,0.1,continuous log
AST-02,191.4,15.32,0.1,continuous log
AST-02,191.6,15.32,0.1,continuous log
AST-02,191.8,15.32,0.1,continuous log
AST-02,192,15.29,0.1,continuous log
AST-02,192.2,15.32,0.1,continuous log
AST-02,192.4,15.36,0.1,continuous log
AST-02,192.6,15.36,0.1,continuous log
AST-02,192.8,15.36,0.1,continuous log
AST-02,193,15.36,0.1,continuous log
AST-02,193.2,15.36,0.1,continuous log
AST-02,193.4,15.36,0.1,continuous log
AST-02,193.6,15.36,0.1,continuous log
AST-02,193.8,15.39,0.1,continuous log
AST-02,194,15.39,0.1,continuous log
AST-02,194.2,15.39,0.1,continuous log
AST-02,194.4,15.4,0.1,continuous log
AST-02,194.6,15.41,0.1,continuous log
AST-02,194.8,15.42,0.1,continuous log
AST-02,195,15.43,0.1,continuous log
AST-02,195.2,15.43,0.1,continuous log
AST-02,195.4,15.43,0.1,continuous log
AST-02,195.6,15.43,0.1,continuous log
AST-02,195.8,15.46,0.1,continuous log
AST-02,196,15.46,0.1,continuous log
AST-02,196.2,15.46,0.1,continuous log
AST-02,196.4,15.46,0.1,continuous log
AST-02,196.6,15.46,0.1,continuous log
AST-02,196.8,15.46,0.1,continuous log
AST-02,197,15.46,0.1,continuous log
AST-02,197.2,15.46,0.1,continuous log
AST-02,197.4,15.46,0.1,continuous log
AST-02,197.6,15.46,0.1,continuous log
AST-02,197.8,15.46,0.1,continuous log
AST-02,198,15.51,0.1,continuous log
AST-02,198.2,15.53,0.1,continuous log
AST-02,198.4,15.53,0.1,continuous log
AST-02,198.6,15.53,0.1,continuous log
AST-02,198.8,15.53,0.1,continuous log
AST-02,199,15.53,0.1,continuous log
AST-02,199.2,15.52,0.1,continuous log
AST-02,199.4,15.54,0.1,continuous log
AST-02,199.6,15.55,0.1,continuous log
AST-02,199.8,15.56,0.1,continuous log
AST-02,200,15.57,0.1,continuous log
AST-02,200.2,15.57,0.1,continuous log
AST-02,200.4,15.57,0.1,continuous log
AST-02,200.6,15.57,0.1,continuous log
AST-02,200.8,15.61,0.1,continuous log
AST-02,201,15.64,0.1,continuous log
AST-02,201.2,15.64,0.1,continuous log
AST-02,201.4,15.64,0.1,continuous log
AST-02,201.6,15.64,0.1,continuous log
AST-02,201.8,15.64,0.1,continuous log
AST-02,202,15.64,0.1,continuous log
AST-02,202.2,15.64,0.1,continuous log
AST-02,202.4,15.64,0.1,continuous log
AST-02,202.6,15.64,0.1,continuous log
AST-02,202.8,15.66,0.1,continuous log
AST-02,203,15.68,0.1,continuous log
AST-02,203.2,15.68,0.1,continuous log
AST-02,203.4,15.68,0.1,continuous log
AST-02,203.6,15.71,0.1,continuous log
AST-02,203.8,15.73,0.1,continuous log
AST-02,204,15.75,0.1,continuous log
AST-02,204.2,15.75,0.1,continuous log
AST-02,204.4,15.75,0.1,continuous log
AST-02,204.6,15.75,0.1,continuous log
AST-02,204.8,15.75,0.1,continuous log
AST-02,205,15.74,0.1,continuous log
AST-02,205.2,15.75,0.1,continuous log
AST-02,205.4,15.75,0.1,continuous log
AST-02,205.6,15.78,0.1,continuous log
AST-02,205.8,15.78,0.1,continuous log
AST-02,206,15.78,0.1,continuous log
AST-02,206.2,15.78,0.1,continuous log
AST-02,206.4,15.78,0.1,continuous log
AST-02,206.6,15.78,0.1,continuous log
AST-02,206.8,15.78,0.1,continuous log
AST-02,207,15.78,0.1,continuous log
AST-02,207.2,15.78,0.1,continuous log
AST-02,207.4,15.82,0.1,continuous log
AST-02,207.6,15.85,0.1,continuous log
AST-02,207.8,15.85,0.1,continuous log
AST-02,208,15.85,0.1,continuous log
AST-02,208.2,15.82,0.1,continuous log
AST-02,208.4,15.85,0.1,continuous log
AST-02,208.6,15.85,0.1,continuous log
AST-02,208.8,15.85,0.1,continuous log
AST-02,209,15.85,0.1,continuous log
AST-02,209.2,15.89,0.1,continuous log
AST-02,209.4,15.99,0.1,continuous log
AST-02,209.6,15.97,0.1,continuous log
AST-02,209.8,15.92,0.1,continuous log
AST-02,210,15.89,0.1,continuous log
AST-02,210.2,15.89,0.1,continuous log
AST-02,210.4,15.93,0.1,continuous log
AST-02,210.6,15.96,0.1,continuous log
AST-02,210.8,15.96,0.1,continuous log
AST-02,211,15.96,0.1,continuous log
AST-02,211.2,15.96,0.1,continuous log
AST-02,211.4,15.96,0.1,continuous log
AST-02,211.6,15.94,0.1,continuous log
AST-02,211.8,15.93,0.1,continuous log
AST-02,212,15.96,0.1,continuous log
AST-02,212.2,15.95,0.1,continuous log
AST-02,212.4,15.96,0.1,continuous log
AST-02,212.6,16,0.1,continuous log
AST-02,212.8,16,0.1,continuous log
AST-02,213,16,0.1,continuous log
AST-02,213.2,16.02,0.1,continuous log
AST-02,213.4,16.03,0.1,continuous log
AST-02,213.6,16.04,0.1,continuous log
AST-02,213.8,16.07,0.1,continuous log
AST-02,214,16.07,0.1,continuous log
AST-02,214.2,16.07,0.1,continuous log
AST-02,214.4,16.07,0.1,continuous log
AST-02,214.6,16.07,0.1,continuous log
AST-02,214.8,16.07,0.1,continuous log
AST-02,215,16.07,0.1,continuous log
AST-02,215.2,16.07,0.1,continuous log
AST-02,215.4,16.07,0.1,continuous log
AST-02,215.6,16.07,0.1,continuous log
AST-02,215.8,16.13,0.1,continuous log
AST-02,216,16.1,0.1,continuous log
AST-02,216.2,16.1,0.1,continuous log
AST-02,216.4,16.1,0.1,continuous log
AST-02,216.6,16.1,0.1,continuous log
AST-02,216.8,16.1,0.1,continuous log
AST-02,217,16.07,0.1,continuous log
AST-02,217.2,16.13,0.1,continuous log
AST-02,217.4,16.25,0.1,continuous log
AST-02,217.6,16.25,0.1,continuous log
AST-02,217.8,16.25,0.1,continuous log
AST-02,218,16.25,0.1,continuous log
AST-02,218.2,16.25,0.1,continuous log
AST-02,218.4,16.25,0.1,continuous log
AST-02,218.6,16.25,0.1,continuous log
AST-02,218.8,16.25,0.1,continuous log
AST-02,219,16.25,0.1,continuous log
AST-02,219.2,16.15,0.1,continuous log
AST-02,219.4,16.25,0.1,continuous log
AST-02,219.6,16.25,0.1,continuous log
AST-02,219.8,16.25,0.1,continuous log
AST-02,220,16.25,0.1,continuous log
AST-02,220.2,16.28,0.1,continuous log
AST-02,220.4,16.28,0.1,continuous log
AST-02,220.6,16.25,0.1,continuous log
AST-02,220.8,16.28,0.1,continuous log
AST-02,221,16.28,0.1,continuous log
AST-02,221.2,16.28,0.1,continuous log
AST-02,221.4,16.28,0.1,continuous log
AST-02,221.6,16.28,0.1,continuous log
AST-02,221.8,16.28,0.1,continuous log
AST-02,222,16.28,0.1,continuous log
AST-02,222.2,16.28,0.1,continuous log
AST-02,222.4,16.28,0.1,continuous log
AST-02,222.6,16.28,0.1,continuous log
AST-02,222.8,16.28,0.1,continuous log
AST-02,223,16.28,0.1,continuous log
AST-02,223.2,16.28,0.1,continuous log
AST-02,223.4,16.32,0.1,continuous log
AST-02,223.6,16.34,0.1,continuous log
AST-02,223.8,16.32,0.1,continuous log
AST-02,224,16.32,0.1,continuous log
AST-02,224.2,16.32,0.1,continuous log
AST-02,224.4,16.34,0.1,continuous log
AST-02,224.6,16.36,0.1,continuous log
AST-02,224.8,16.38,0.1,continuous log
AST-02,225,16.39,0.1,continuous log
AST-02,225.2,16.39,0.1,continuous log
AST-02,225.4,16.35,0.1,continuous log
AST-02,225.6,16.39,0.1,continuous log
AST-02,225.8,16.41,0.1,continuous log
AST-02,226,16.42,0.1,continuous log
AST-02,226.2,16.42,0.1,continuous log
AST-02,226.4,16.42,0.1,continuous log
AST-02,226.6,16.42,0.1,continuous log
AST-02,226.8,16.42,0.1,continuous log
AST-02,227,16.42,0.1,continuous log
AST-02,227.2,16.42,0.1,continuous log
AST-02,227.4,16.43,0.1,continuous log
AST-02,227.6,16.45,0.1,continuous log
AST-02,227.8,16.42,0.1,continuous log
AST-02,228,16.42,0.1,continuous log
AST-02,228.2,16.42,0.1,continuous log
AST-02,228.4,16.45,0.1,continuous log
AST-02,228.6,16.49,0.1,continuous log
AST-02,228.8,16.49,0.1,continuous log
AST-02,229,16.49,0.1,continuous log
AST-02,229.2,16.49,0.1,continuous log
AST-02,229.4,16.49,0.1,continuous log
AST-02,229.6,16.49,0.1,continuous log
AST-02,229.8,16.49,0.1,continuous log
AST-02,230,16.49,0.1,continuous log
AST-02,230.2,16.49,0.1,continuous log
AST-02,230.4,16.49,0.1,continuous log
AST-02,230.6,16.49,0.1,continuous log
AST-02,230.8,16.49,0.1,continuous log
AST-02,231,16.52,0.1,continuous log
AST-02,231.2,16.53,0.1,continuous log
AST-02,231.4,16.53,0.1,continuous log
AST-02,231.6,16.53,0.1,continuous log
AST-02,231.8,16.53,0.1,continuous log
AST-02,232,16.53,0.1,continuous log
AST-02,232.2,16.49,0.1,continuous log
AST-02,232.4,16.53,0.1,continuous log
AST-02,232.6,16.5,0.1,continuous log
AST-02,232.8,16.53,0.1,continuous log
AST-02,233,16.53,0.1,continuous log
AST-02,233.2,16.53,0.1,continuous log
AST-02,233.4,16.53,0.1,continuous log
AST-02,233.6,16.53,0.1,continuous log
AST-02,233.8,16.53,0.1,continuous log
AST-02,234,16.53,0.1,continuous log
AST-02,234.2,16.53,0.1,continuous log
AST-02,234.4,16.53,0.1,continuous log
AST-02,234.6,16.53,0.1,continuous log
AST-02,234.8,16.53,0.1,continuous log
AST-02,235,16.53,0.1,continuous log
AST-02,235.2,16.56,0.1,continuous log
AST-02,235.4,16.56,0.1,continuous log
AST-02,235.6,16.6,0.1,continuous log
AST-02,235.8,16.56,0.1,continuous log
AST-02,236,16.56,0.1,continuous log
AST-02,236.2,16.56,0.1,continuous log
AST-02,236.4,16.56,0.1,continuous log
AST-02,236.6,16.6,0.1,continuous log
AST-02,236.8,16.63,0.1,continuous log
AST-02,237,16.56,0.1,continuous log
AST-02,237.2,16.56,0.1,continuous log
AST-02,237.4,16.56,0.1,continuous log
AST-02,237.6,16.56,0.1,continuous log
AST-02,237.8,16.66,0.1,continuous log
AST-02,238,16.71,0.1,continuous log
AST-02,238.2,16.69,0.1,continuous log
AST-02,238.4,16.7,0.1,continuous log
AST-02,238.6,16.71,0.1,continuous log
AST-02,238.8,16.68,0.1,continuous log
AST-02,239,16.71,0.1,continuous log
AST-02,239.2,16.69,0.1,continuous log
AST-02,239.4,16.7,0.1,continuous log
AST-02,239.6,16.75,0.1,continuous log
AST-02,239.8,16.78,0.1,continuous log
AST-02,240,16.78,0.1,continuous log
AST-02,240.2,16.78,0.1,continuous log
AST-02,240.4,16.78,0.1,continuous log
AST-02,240.6,16.77,0.1,continuous log
AST-02,240.8,16.74,0.1,continuous log
AST-02,241,16.78,0.1,continuous log
AST-02,241.2,16.78,0.1,continuous log
AST-02,241.4,16.78,0.1,continuous log
AST-02,241.6,16.78,0.1,continuous log
AST-02,241.8,16.85,0.1,continuous log
AST-02,242,16.85,0.1,continuous log
AST-02,242.2,16.85,0.1,continuous log
AST-02,242.4,16.85,0.1,continuous log
AST-02,242.6,16.81,0.1,continuous log
AST-02,242.8,16.81,0.1,continuous log
AST-02,243,16.81,0.1,continuous log
AST-02,243.2,16.81,0.1,continuous log
AST-02,243.4,16.85,0.1,continuous log
AST-02,243.6,16.88,0.1,continuous log
AST-02,243.8,16.88,0.1,continuous log
AST-02,244,16.86,0.1,continuous log
AST-02,244.2,16.87,0.1,continuous log
AST-02,244.4,16.75,0.1,continuous log
AST-02,244.6,16.82,0.1,continuous log
AST-02,244.8,16.88,0.1,continuous log
AST-02,245,16.86,0.1,continuous log
AST-02,245.2,16.85,0.1,continuous log
AST-02,245.4,16.85,0.1,continuous log
AST-02,245.6,16.85,0.1,continuous log
AST-02,245.8,16.85,0.1,continuous log
AST-02,246,16.85,0.1,continuous log
AST-02,246.2,16.88,0.1,continuous log
AST-02,246.4,16.87,0.1,continuous log
AST-02,246.6,16.87,0.1,continuous log
AST-02,246.8,16.85,0.1,continuous log
AST-02,247,16.85,0.1,continuous log
AST-02,247.2,16.85,0.1,continuous log
AST-02,247.4,16.86,0.1,continuous log
AST-02,247.6,16.88,0.1,continuous log
AST-02,247.8,16.85,0.1,continuous log
AST-02,248,16.92,0.1,continuous log
AST-02,248.2,16.95,0.1,continuous log
AST-02,248.4,16.96,0.1,continuous log
AST-02,248.6,16.96,0.1,continuous log
AST-02,248.8,16.96,0.1,continuous log
AST-02,249,16.92,0.1,continuous log
AST-02,249.2,16.93,0.1,continuous log
AST-02,249.4,16.93,0.1,continuous log
AST-02,249.6,16.94,0.1,continuous log
AST-02,249.8,16.95,0.1,continuous log
AST-02,250,16.96,0.1,continuous log
AST-02,250.2,16.98,0.1,continuous log
AST-02,250.4,16.99,0.1,continuous log
AST-02,250.6,16.99,0.1,continuous log
AST-02,250.8,16.99,0.1,continuous log
AST-02,251,16.99,0.1,continuous log
AST-02,251.2,16.96,0.1,continuous log
AST-02,251.4,16.99,0.1,continuous log
AST-02,251.6,16.99,0.1,continuous log
AST-02,251.8,16.99,0.1,continuous log
AST-02,252,17.03,0.1,continuous log
AST-02,252.2,17.05,0.1,continuous log
AST-02,252.4,17.03,0.1,continuous log
AST-02,252.6,17.03,0.1,continuous log
AST-02,252.8,17.05,0.1,continuous log
AST-02,253,17.06,0.1,continuous log
AST-02,253.2,17.03,0.1,continuous log
AST-02,253.4,17.05,0.1,continuous log
AST-02,253.6,17.06,0.1,continuous log
AST-02,253.8,17.08,0.1,continuous log
AST-02,254,17.1,0.1,continuous log
AST-02,254.2,17.1,0.1,continuous log
AST-02,254.4,17.12,0.1,continuous log
AST-02,254.6,17.14,0.1,continuous log
AST-02,254.8,17.17,0.1,continuous log
AST-02,255,17.17,0.1,continuous log
AST-02,255.2,17.2,0.1,continuous log
AST-02,255.4,17.17,0.1,continuous log
AST-02,255.6,17.24,0.1,continuous log
AST-02,255.8,17.26,0.1,continuous log
AST-02,256,17.24,0.1,continuous log
AST-02,256.2,17.27,0.1,continuous log
AST-02,256.4,17.26,0.1,continuous log
AST-02,256.6,17.27,0.1,continuous log
AST-02,256.8,17.31,0.1,continuous log
AST-02,257,17.3,0.1,continuous log
AST-02,257.2,17.31,0.1,continuous log
AST-02,257.4,17.31,0.1,continuous log
AST-02,257.6,17.31,0.1,continuous log
AST-02,257.8,17.31,0.1,continuous log
AST-02,258,17.31,0.1,continuous log
AST-02,258.2,17.31,0.1,continuous log
AST-02,258.4,17.31,0.1,continuous log
AST-02,258.6,17.31,0.1,continuous log
AST-02,258.8,17.31,0.1,continuous log
AST-02,259,17.31,0.1,continuous log
AST-02,259.2,17.31,0.1,continuous log
AST-02,259.4,17.31,0.1,continuous log
AST-02,259.6,17.31,0.1,continuous log
AST-02,259.8,17.31,0.1,continuous log
AST-02,260,17.31,0.1,continuous log
AST-02,260.2,17.31,0.1,continuous log
AST-02,260.4,17.31,0.1,continuous log
AST-02,260.6,17.31,0.1,continuous log
AST-02,260.8,17.35,0.1,continuous log
AST-02,261,17.38,0.1,continuous log
AST-02,261.2,17.33,0.1,continuous log
AST-02,261.4,17.31,0.1,continuous log
AST-02,261.6,17.31,0.1,continuous log
AST-02,261.8,17.31,0.1,continuous log
AST-02,262,17.31,0.1,continuous log
AST-02,262.2,17.31,0.1,continuous log
AST-02,262.4,17.31,0.1,continuous log
AST-02,262.6,17.31,0.1,continuous log
AST-02,262.8,17.31,0.1,continuous log
AST-02,263,17.31,0.1,continuous log
AST-02,263.2,17.31,0.1,continuous log
AST-02,263.4,17.31,0.1,continuous log
AST-02,263.6,17.31,0.1,continuous log
AST-02,263.8,17.33,0.1,continuous log
AST-02,264,17.38,0.1,continuous log
AST-02,264.2,17.35,0.1,continuous log
AST-02,264.4,17.36,0.1,continuous log
AST-02,264.6,17.37,0.1,continuous log
AST-02,264.8,17.38,0.1,continuous log
AST-02,265,17.35,0.1,continuous log
AST-02,265.2,17.35,0.1,continuous log
AST-02,265.4,17.35,0.1,continuous log
AST-02,265.6,17.35,0.1,continuous log
AST-02,265.8,17.35,0.1,continuous log
AST-02,266,17.35,0.1,continuous log
AST-02,266.2,17.35,0.1,continuous log
AST-02,266.4,17.35,0.1,continuous log
AST-02,266.6,17.35,0.1,continuous log
AST-02,266.8,17.36,0.1,continuous log
AST-02,267,17.38,0.1,continuous log
AST-02,267.2,17.42,0.1,continuous log
AST-02,267.4,17.42,0.1,continuous log
AST-02,267.6,17.42,0.1,continuous log
AST-02,267.8,17.42,0.1,continuous log
AST-02,268,17.42,0.1,continuous log
AST-02,268.2,17.42,0.1,continuous log
AST-02,268.4,17.42,0.1,continuous log
AST-02,268.6,17.42,0.1,continuous log
AST-02,268.8,17.42,0.1,continuous log
AST-02,269,17.42,0.1,continuous log
AST-02,269.2,17.42,0.1,continuous log
AST-02,269.4,17.45,0.1,continuous log
AST-02,269.6,17.47,0.1,continuous log
AST-02,269.8,17.49,0.1,continuous log
AST-02,270,17.45,0.1,continuous log
AST-02,270.2,17.45,0.1,continuous log
AST-02,270.4,17.45,0.1,continuous log
AST-02,270.6,17.45,0.1,continuous log
AST-02,270.8,17.45,0.1,continuous log
AST-02,271,17.45,0.1,continuous log
AST-02,271.2,17.45,0.1,continuous log
AST-02,271.4,17.45,0.1,continuous log
AST-02,271.6,17.45,0.1,continuous log
AST-02,271.8,17.45,0.1,continuous log
AST-02,272,17.45,0.1,continuous log
AST-02,272.2,17.45,0.1,continuous log
AST-02,272.4,17.45,0.1,continuous log
AST-02,272.6,17.49,0.1,continuous log
AST-02,272.8,17.52,0.1,continuous log
AST-02,273,17.52,0.1,continuous log
AST-02,273.2,17.52,0.1,continuous log
AST-02,273.4,17.52,0.1,continuous log
AST-02,273.6,17.52,0.1,continuous log
AST-02,273.8,17.52,0.1,continuous log
AST-02,274,17.52,0.1,continuous log
AST-02,274.2,17.55,0.1,continuous log
AST-02,274.4,17.56,0.1,continuous log
AST-02,274.6,17.56,0.1,continuous log
AST-02,274.8,17.56,0.1,continuous log
AST-02,275,17.56,0.1,continuous log
AST-02,275.2,17.58,0.1,continuous log
AST-02,275.4,17.56,0.1,continuous log
AST-02,275.6,17.59,0.1,continuous log
AST-02,275.8,17.59,0.1,continuous log
AST-02,276,17.59,0.1,continuous log
AST-02,276.2,17.58,0.1,continuous log
AST-02,276.4,17.59,0.1,continuous log
AST-02,276.6,17.59,0.1,continuous log
AST-02,276.8,17.59,0.1,continuous log
AST-02,277,17.63,0.1,continuous log
AST-02,277.2,17.63,0.1,continuous log
AST-02,277.4,17.63,0.1,continuous log
AST-02,277.6,17.63,0.1,continuous log
AST-02,277.8,17.63,0.1,continuous log
AST-02,278,17.63,0.1,continuous log
AST-02,278.2,17.63,0.1,continuous log
AST-02,278.4,17.63,0.1,continuous log
AST-02,278.6,17.63,0.1,continuous log
AST-02,278.8,17.63,0.1,continuous log
AST-02,279,17.63,0.1,continuous log
AST-02,279.2,17.67,0.1,continuous log
AST-02,279.4,17.67,0.1,continuous log
AST-02,279.6,17.69,0.1,continuous log
AST-02,279.8,17.7,0.1,continuous log
AST-02,280,17.7,0.1,continuous log
AST-02,280.2,17.67,0.1,continuous log
AST-02,280.4,17.7,0.1,continuous log
AST-02,280.6,17.7,0.1,continuous log
AST-02,280.8,17.67,0.1,continuous log
AST-02,281,17.67,0.1,continuous log
AST-02,281.2,17.7,0.1,continuous log
AST-02,281.4,17.7,0.1,continuous log
AST-02,281.6,17.74,0.1,continuous log
AST-02,281.8,17.74,0.1,continuous log
AST-02,282,17.74,0.1,continuous log
AST-02,282.2,17.74,0.1,continuous log
AST-02,282.4,17.74,0.1,continuous log
AST-02,282.6,17.74,0.1,continuous log
AST-02,282.8,17.74,0.1,continuous log
AST-02,283,17.74,0.1,continuous log
AST-02,283.2,17.74,0.1,continuous log
AST-02,283.4,17.74,0.1,continuous log
AST-02,283.6,17.74,0.1,continuous log
AST-02,283.8,17.74,0.1,continuous log
AST-02,284,17.74,0.1,continuous log
AST-02,284.2,17.77,0.1,continuous log
AST-02,284.4,17.81,0.1,continuous log
AST-02,284.6,17.81,0.1,continuous log
AST-02,284.8,17.81,0.1,continuous log
AST-02,285,17.81,0.1,continuous log
AST-02,285.2,17.78,0.1,continuous log
AST-02,285.4,17.81,0.1,continuous log
AST-02,285.6,17.77,0.1,continuous log
AST-02,285.8,17.77,0.1,continuous log
AST-02,286,17.81,0.1,continuous log
AST-02,286.2,17.84,0.1,continuous log
AST-02,286.4,17.84,0.1,continuous log
AST-02,286.6,17.84,0.1,continuous log
AST-02,286.8,17.84,0.1,continuous log
AST-02,287,17.84,0.1,continuous log
AST-02,287.2,17.84,0.1,continuous log
AST-02,287.4,17.84,0.1,continuous log
AST-02,287.6,17.81,0.1,continuous log
AST-02,287.8,17.84,0.1,continuous log
AST-02,288,17.84,0.1,continuous log
AST-02,288.2,17.84,0.1,continuous log
AST-02,288.4,17.84,0.1,continuous log
AST-02,288.6,17.84,0.1,continuous log
AST-02,288.8,17.84,0.1,continuous log
AST-02,289,17.84,0.1,continuous log
AST-02,289.2,17.84,0.1,continuous log
AST-02,289.4,17.85,0.1,continuous log
AST-02,289.6,17.87,0.1,continuous log
AST-02,289.8,17.88,0.1,continuous log
AST-02,290,17.91,0.1,continuous log
AST-02,290.2,17.88,0.1,continuous log
AST-02,290.4,17.88,0.1,continuous log
AST-02,290.6,17.88,0.1,continuous log
AST-02,290.8,17.88,0.1,continuous log
AST-02,291,17.88,0.1,continuous log
AST-02,291.2,17.88,0.1,continuous log
AST-02,291.4,17.88,0.1,continuous log
AST-02,291.6,17.88,0.1,continuous log
AST-02,291.8,17.88,0.1,continuous log
AST-02,292,17.88,0.1,continuous log
AST-02,292.2,17.95,0.1,continuous log
AST-02,292.4,17.95,0.1,continuous log
AST-02,292.6,17.95,0.1,continuous log
AST-02,292.8,17.96,0.1,continuous log
AST-02,293,17.98,0.1,continuous log
AST-02,293.2,17.98,0.1,continuous log
AST-02,293.4,17.98,0.1,continuous log
AST-02,293.6,17.98,0.1,continuous log
AST-02,293.8,17.98,0.1,continuous log
AST-02,294,17.98,0.1,continuous log
AST-02,294.2,17.98,0.1,continuous log
AST-02,294.4,18,0.1,continuous log
AST-02,294.6,18.01,0.1,continuous log
AST-02,294.8,18.03,0.1,continuous log
AST-02,295,18.06,0.1,continuous log
AST-02,295.2,18.06,0.1,continuous log
AST-02,295.4,18.02,0.1,continuous log
AST-02,295.6,18.06,0.1,continuous log
AST-02,295.8,18.02,0.1,continuous log
AST-02,296,18.02,0.1,continuous log
AST-02,296.2,18.06,0.1,continuous log
AST-02,296.4,18.09,0.1,continuous log
AST-02,296.6,18.09,0.1,continuous log
AST-02,296.8,18.06,0.1,continuous log
AST-02,297,18.07,0.1,continuous log
AST-02,297.2,18.09,0.1,continuous log
AST-02,297.4,18.09,0.1,continuous log
AST-02,297.6,18.09,0.1,continuous log
AST-02,297.8,18.09,0.1,continuous log
AST-02,298,18.09,0.1,continuous log
AST-02,298.2,18.09,0.1,continuous log
AST-02,298.4,18.09,0.1,continuous log
AST-02,298.6,18.09,0.1,continuous log
AST-02,298.8,18.15,0.1,continuous log
AST-02,299,18.15,0.1,continuous log
AST-02,299.2,18.16,0.1,continuous log
AST-02,299.4,18.16,0.1,continuous log
AST-02,299.6,18.16,0.1,continuous log
AST-02,299.8,18.16,0.1,continuous log
AST-02,300,18.2,0.1,continuous log
AST-02,300.2,18.2,0.1,continuous log
AST-02,300.4,18.2,0.1,continuous log
AST-02,300.6,18.2,0.1,continuous log
AST-02,300.8,18.17,0.1,continuous log
AST-02,301,18.16,0.1,continuous log
AST-02,301.2,18.16,0.1,continuous log
AST-02,301.4,18.2,0.1,continuous log
AST-02,301.6,18.2,0.1,continuous log
AST-02,301.8,18.2,0.1,continuous log
AST-02,302,18.2,0.1,continuous log
AST-02,302.2,18.2,0.1,continuous log
AST-02,302.4,18.22,0.1,continuous log
AST-02,302.6,18.27,0.1,continuous log
AST-02,302.8,18.27,0.1,continuous log
AST-02,303,18.27,0.1,continuous log
AST-02,303.2,18.27,0.1,continuous log
AST-02,303.4,18.27,0.1,continuous log
AST-02,303.6,18.23,0.1,continuous log
AST-02,303.8,18.23,0.1,continuous log
AST-02,304,18.24,0.1,continuous log
AST-02,304.2,18.28,0.1,continuous log
AST-02,304.4,18.3,0.1,continuous log
AST-02,304.6,18.3,0.1,continuous log
AST-02,304.8,18.3,0.1,continuous log
AST-02,305,18.3,0.1,continuous log
AST-02,305.2,18.3,0.1,continuous log
AST-02,305.4,18.3,0.1,continuous log
AST-02,305.6,18.3,0.1,continuous log
AST-02,305.8,18.3,0.1,continuous log
AST-02,306,18.3,0.1,continuous log
AST-02,306.2,18.3,0.1,continuous log
AST-02,306.4,18.32,0.1,continuous log
AST-02,306.6,18.34,0.1,continuous log
AST-02,306.8,18.38,0.1,continuous log
AST-02,307,18.38,0.1,continuous log
AST-02,307.2,18.34,0.1,continuous log
AST-02,307.4,18.38,0.1,continuous log
AST-02,307.6,18.38,0.1,continuous log
AST-02,307.8,18.38,0.1,continuous log
AST-02,308,18.38,0.1,continuous log
AST-02,308.2,18.38,0.1,continuous log
AST-02,308.4,18.38,0.1,continuous log
AST-02,308.6,18.38,0.1,continuous log
AST-02,308.8,18.38,0.1,continuous log
AST-02,309,18.38,0.1,continuous log
AST-02,309.2,18.38,0.1,continuous log
AST-02,309.4,18.34,0.1,continuous log
AST-02,309.6,18.36,0.1,continuous log
AST-02,309.8,18.37,0.1,continuous log
AST-02,310,18.38,0.1,continuous log
AST-02,310.2,18.41,0.1,continuous log
AST-02,310.4,18.41,0.1,continuous log
AST-02,310.6,18.41,0.1,continuous log
AST-02,310.8,18.41,0.1,continuous log
AST-02,311,18.41,0.1,continuous log
AST-02,311.2,18.41,0.1,continuous log
AST-02,311.4,18.41,0.1,continuous log
AST-02,311.6,18.41,0.1,continuous log
AST-02,311.8,18.41,0.1,continuous log
AST-02,312,18.41,0.1,continuous log
AST-02,312.2,18.41,0.1,continuous log
AST-02,312.4,18.41,0.1,continuous log
AST-02,312.6,18.41,0.1,continuous log
AST-02,312.8,18.41,0.1,continuous log
AST-02,313,18.41,0.1,continuous log
AST-02,313.2,18.41,0.1,continuous log
AST-02,313.4,18.45,0.1,continuous log
AST-02,313.6,18.48,0.1,continuous log
AST-02,313.8,18.48,0.1,continuous log
AST-02,314,18.48,0.1,continuous log
AST-02,314.2,18.47,0.1,continuous log
AST-02,314.4,18.45,0.1,continuous log
AST-02,314.6,18.47,0.1,continuous log
AST-02,314.8,18.48,0.1,continuous log
AST-02,315,18.45,0.1,continuous log
AST-02,315.2,18.45,0.1,continuous log
AST-02,315.4,18.45,0.1,continuous log
AST-02,315.6,18.45,0.1,continuous log
AST-02,315.8,18.47,0.1,continuous log
AST-02,316,18.45,0.1,continuous log
AST-02,316.2,18.45,0.1,continuous log
AST-02,316.4,18.45,0.1,continuous log
AST-02,316.6,18.48,0.1,continuous log
AST-02,316.8,18.5,0.1,continuous log
AST-02,317,18.52,0.1,continuous log
AST-02,317.2,18.52,0.1,continuous log
AST-02,317.4,18.52,0.1,continuous log
AST-02,317.6,18.52,0.1,continuous log
AST-02,317.8,18.52,0.1,continuous log
AST-02,318,18.52,0.1,continuous log
AST-02,318.2,18.52,0.1,continuous log
AST-02,318.4,18.52,0.1,continuous log
AST-02,318.6,18.52,0.1,continuous log
AST-02,318.8,18.52,0.1,continuous log
AST-02,319,18.52,0.1,continuous log
AST-02,319.2,18.52,0.1,continuous log
AST-02,319.4,18.52,0.1,continuous log
AST-02,319.6,18.53,0.1,continuous log
AST-02,319.8,18.55,0.1,continuous log
AST-02,320,18.57,0.1,continuous log
AST-02,320.2,18.59,0.1,continuous log
AST-02,320.4,18.59,0.1,continuous log
AST-02,320.6,18.59,0.1,continuous log
AST-02,320.8,18.59,0.1,continuous log
AST-02,321,18.59,0.1,continuous log
AST-02,321.2,18.59,0.1,continuous log
AST-02,321.4,18.59,0.1,continuous log
AST-02,321.6,18.59,0.1,continuous log
AST-02,321.8,18.62,0.1,continuous log
AST-02,322,18.62,0.1,continuous log
AST-02,322.2,18.62,0.1,continuous log
AST-02,322.4,18.62,0.1,continuous log
AST-02,322.6,18.62,0.1,continuous log
AST-02,322.8,18.62,0.1,continuous log
AST-02,323,18.62,0.1,continuous log
AST-02,323.2,18.62,0.1,continuous log
AST-02,323.4,18.66,0.1,continuous log
AST-02,323.6,18.7,0.1,continuous log
AST-02,323.8,18.7,0.1,continuous log
AST-02,324,18.7,0.1,continuous log
AST-02,324.2,18.7,0.1,continuous log
AST-02,324.4,18.7,0.1,continuous log
AST-02,324.6,18.71,0.1,continuous log
AST-02,324.8,18.72,0.1,continuous log
AST-02,325,18.73,0.1,continuous log
AST-02,325.2,18.78,0.1,continuous log
AST-02,325.4,18.8,0.1,continuous log
AST-02,325.6,18.8,0.1,continuous log
AST-02,325.8,18.84,0.1,continuous log
AST-02,326,18.84,0.1,continuous log
AST-02,326.2,18.84,0.1,continuous log
AST-02,326.4,18.84,0.1,continuous log
AST-02,326.6,18.84,0.1,continuous log
AST-02,326.8,18.84,0.1,continuous log
AST-02,327,18.84,0.1,continuous log
AST-02,327.2,18.87,0.1,continuous log
AST-02,327.4,18.9,0.1,continuous log
AST-02,327.6,18.87,0.1,continuous log
AST-02,327.8,18.87,0.1,continuous log
AST-02,328,18.88,0.1,continuous log
AST-02,328.2,18.87,0.1,continuous log
AST-02,328.4,18.87,0.1,continuous log
AST-02,328.6,18.87,0.1,continuous log
AST-02,328.8,18.87,0.1,continuous log
AST-02,329,18.87,0.1,continuous log
AST-02,329.2,18.87,0.1,continuous log
AST-02,329.4,18.88,0.1,continuous log
AST-02,329.6,18.89,0.1,continuous log
AST-02,329.8,18.9,0.1,continuous log
AST-02,330,18.91,0.1,continuous log
AST-02,330.2,18.91,0.1,continuous log
AST-02,330.4,18.94,0.1,continuous log
AST-02,330.6,18.94,0.1,continuous log
AST-02,330.8,18.94,0.1,continuous log
AST-02,331,18.92,0.1,continuous log
AST-02,331.2,18.94,0.1,continuous log
AST-02,331.4,18.94,0.1,continuous log
AST-02,331.6,18.94,0.1,continuous log
AST-02,331.8,18.94,0.1,continuous log
AST-02,332,18.94,0.1,continuous log
AST-02,332.2,18.94,0.1,continuous log
AST-02,332.4,18.95,0.1,continuous log
AST-02,332.6,19,0.1,continuous log
AST-02,332.8,19.01,0.1,continuous log
AST-02,333,19.01,0.1,continuous log
AST-02,333.2,19.01,0.1,continuous log
AST-02,333.4,18.98,0.1,continuous log
AST-02,333.6,18.98,0.1,continuous log
AST-02,333.8,18.98,0.1,continuous log
AST-02,334,19.01,0.1,continuous log
AST-02,334.2,19.01,0.1,continuous log
AST-02,334.4,19.02,0.1,continuous log
AST-02,334.6,19.02,0.1,continuous log
AST-02,334.8,19.03,0.1,continuous log
AST-02,335,19.04,0.1,continuous log
AST-02,335.2,19.05,0.1,continuous log
AST-02,335.4,19.05,0.1,continuous log
AST-02,335.6,19.05,0.1,continuous log
AST-02,335.8,19.05,0.1,continuous log
AST-02,336,19.05,0.1,continuous log
AST-02,336.2,19.05,0.1,continuous log
AST-02,336.4,19.05,0.1,continuous log
AST-02,336.6,19.05,0.1,continuous log
AST-02,336.8,19.05,0.1,continuous log
AST-02,337,19.09,0.1,continuous log
AST-02,337.2,19.09,0.1,continuous log
AST-02,337.4,19.12,0.1,continuous log
AST-02,337.6,19.12,0.1,continuous log
AST-02,337.8,19.1,0.1,continuous log
AST-02,338,19.09,0.1,continuous log
AST-02,338.2,19.12,0.1,continuous log
AST-02,338.4,19.09,0.1,continuous log
AST-02,338.6,19.09,0.1,continuous log
AST-02,338.8,19.09,0.1,continuous log
AST-02,339,19.09,0.1,continuous log
AST-02,339.2,19.13,0.1,continuous log
AST-02,339.4,19.16,0.1,continuous log
AST-02,339.6,19.16,0.1,continuous log
AST-02,339.8,19.16,0.1,continuous log
AST-02,340,19.16,0.1,continuous log
AST-02,340.2,19.16,0.1,continuous log
AST-02,340.4,19.16,0.1,continuous log
AST-02,340.6,19.16,0.1,continuous log
AST-02,340.8,19.16,0.1,continuous log
AST-02,341,19.16,0.1,continuous log
AST-02,341.2,19.16,0.1,continuous log
AST-02,341.4,19.18,0.1,continuous log
AST-02,341.6,19.19,0.1,continuous log
AST-02,341.8,19.23,0.1,continuous log
AST-02,342,19.23,0.1,continuous log
AST-02,342.2,19.23,0.1,continuous log
AST-02,342.4,19.23,0.1,continuous log
AST-02,342.6,19.23,0.1,continuous log
AST-02,342.8,19.23,0.1,continuous log
AST-02,343,19.22,0.1,continuous log
AST-02,343.2,19.23,0.1,continuous log
AST-02,343.4,19.24,0.1,continuous log
AST-02,343.6,19.26,0.1,continuous log
AST-02,343.8,19.26,0.1,continuous log
AST-02,344,19.26,0.1,continuous log
AST-02,344.2,19.26,0.1,continuous log
AST-02,344.4,19.37,0.1,continuous log
AST-02,344.6,19.34,0.1,continuous log
AST-02,344.8,19.31,0.1,continuous log
AST-02,345,19.3,0.1,continuous log
AST-02,345.2,19.33,0.1,continuous log
AST-02,345.4,19.33,0.1,continuous log
AST-02,345.6,19.3,0.1,continuous log
AST-02,345.8,19.3,0.1,continuous log
AST-02,346,19.31,0.1,continuous log
AST-02,346.2,19.33,0.1,continuous log
AST-02,346.4,19.33,0.1,continuous log
AST-02,346.6,19.33,0.1,continuous log
AST-02,346.8,19.33,0.1,continuous log
AST-02,347,19.33,0.1,continuous log
AST-02,347.2,19.37,0.1,continuous log
AST-02,347.4,19.37,0.1,continuous log
AST-02,347.6,19.41,0.1,continuous log
AST-02,347.8,19.41,0.1,continuous log
AST-02,348,19.41,0.1,continuous log
AST-02,348.2,19.41,0.1,continuous log
AST-02,348.4,19.41,0.1,continuous log
AST-02,348.6,19.41,0.1,continuous log
AST-02,348.8,19.41,0.1,continuous log
AST-02,349,19.41,0.1,continuous log
AST-02,349.2,19.44,0.1,continuous log
AST-02,349.4,19.43,0.1,continuous log
AST-02,349.6,19.42,0.1,continuous log
AST-02,349.8,19.41,0.1,continuous log
AST-02,350,19.41,0.1,continuous log
AST-02,350.2,19.41,0.1,continuous log
AST-02,350.4,19.41,0.1,continuous log
AST-02,350.6,19.44,0.1,continuous log
AST-02,350.8,19.48,0.1,continuous log
AST-02,351,19.48,0.1,continuous log
AST-02,351.2,19.48,0.1,continuous log
AST-02,351.4,19.48,0.1,continuous log
AST-02,351.6,19.47,0.1,continuous log
AST-02,351.8,19.44,0.1,continuous log
AST-02,352,19.48,0.1,continuous log
AST-02,352.2,19.51,0.1,continuous log
AST-02,352.4,19.51,0.1,continuous log
AST-02,352.6,19.51,0.1,continuous log
AST-02,352.8,19.51,0.1,continuous log
AST-02,353,19.51,0.1,continuous log
AST-02,353.2,19.51,0.1,continuous log
AST-02,353.4,19.51,0.1,continuous log
AST-02,353.6,19.51,0.1,continuous log
AST-02,353.8,19.51,0.1,continuous log
AST-02,354,19.51,0.1,continuous log
AST-02,354.2,19.55,0.1,continuous log
AST-02,354.4,19.56,0.1,continuous log
AST-02,354.6,19.57,0.1,continuous log
AST-02,354.8,19.58,0.1,continuous log
AST-02,355,19.55,0.1,continuous log
AST-02,355.2,19.55,0.1,continuous log
AST-02,355.4,19.55,0.1,continuous log
AST-02,355.6,19.55,0.1,continuous log
AST-02,355.8,19.58,0.1,continuous log
AST-02,356,19.58,0.1,continuous log
AST-02,356.2,19.58,0.1,continuous log
AST-02,356.4,19.6,0.1,continuous log
AST-02,356.6,19.62,0.1,continuous log
AST-02,356.8,19.58,0.1,continuous log
AST-02,357,19.6,0.1,continuous log
AST-02,357.2,19.58,0.1,continuous log
AST-02,357.4,19.62,0.1,continuous log
AST-02,357.6,19.62,0.1,continuous log
AST-02,357.8,19.58,0.1,continuous log
AST-02,358,19.62,0.1,continuous log
AST-02,358.2,19.62,0.1,continuous log
AST-02,358.4,19.62,0.1,continuous log
AST-02,358.6,19.62,0.1,continuous log
AST-02,358.8,19.62,0.1,continuous log
AST-02,359,19.63,0.1,continuous log
AST-02,359.2,19.68,0.1,continuous log
AST-02,359.4,19.69,0.1,continuous log
AST-02,359.6,19.69,0.1,continuous log
AST-02,359.8,19.69,0.1,continuous log
AST-02,360,19.69,0.1,continuous log
AST-02,360.2,19.65,0.1,continuous log
AST-02,360.4,19.65,0.1,continuous log
AST-02,360.6,19.65,0.1,continuous log
AST-02,360.8,19.69,0.1,continuous log
AST-02,361,19.65,0.1,continuous log
AST-02,361.2,19.67,0.1,continuous log
AST-02,361.4,19.69,0.1,continuous log
AST-02,361.6,19.72,0.1,continuous log
AST-02,361.8,19.71,0.1,continuous log
AST-02,362,19.72,0.1,continuous log
AST-02,362.2,19.72,0.1,continuous log
AST-02,362.4,19.72,0.1,continuous log
AST-02,362.6,19.72,0.1,continuous log
AST-02,362.8,19.72,0.1,continuous log
AST-02,363,19.72,0.1,continuous log
AST-02,363.2,19.72,0.1,continuous log
AST-02,363.4,19.72,0.1,continuous log
AST-02,363.6,19.76,0.1,continuous log
AST-02,363.8,19.8,0.1,continuous log
AST-02,364,19.8,0.1,continuous log
AST-02,364.2,19.76,0.1,continuous log
AST-02,364.4,19.76,0.1,continuous log
AST-02,364.6,19.76,0.1,continuous log
AST-02,364.8,19.76,0.1,continuous log
AST-02,365,19.76,0.1,continuous log
AST-02,365.2,19.77,0.1,continuous log
AST-02,365.4,19.76,0.1,continuous log
AST-02,365.6,19.76,0.1,continuous log
AST-02,365.8,19.77,0.1,continuous log
AST-02,366,19.8,0.1,continuous log
AST-02,366.2,19.83,0.1,continuous log
AST-02,366.4,19.83,0.1,continuous log
AST-02,366.6,19.83,0.1,continuous log
AST-02,366.8,19.83,0.1,continuous log
AST-02,367,19.82,0.1,continuous log
AST-02,367.2,19.83,0.1,continuous log
AST-02,367.4,19.81,0.1,continuous log
AST-02,367.6,19.83,0.1,continuous log
AST-02,367.8,19.84,0.1,continuous log
AST-02,368,19.87,0.1,continuous log
AST-02,368.2,19.9,0.1,continuous log
AST-02,368.4,19.87,0.1,continuous log
AST-02,368.6,19.89,0.1,continuous log
AST-02,368.8,19.9,0.1,continuous log
AST-02,369,19.88,0.1,continuous log
AST-02,369.2,19.87,0.1,continuous log
AST-02,369.4,19.87,0.1,continuous log
AST-02,369.6,19.89,0.1,continuous log
AST-02,369.8,19.9,0.1,continuous log
AST-02,370,19.9,0.1,continuous log
AST-02,370.2,19.94,0.1,continuous log
AST-02,370.4,19.94,0.1,continuous log
AST-02,370.6,19.94,0.1,continuous log
AST-02,370.8,19.94,0.1,continuous log
AST-02,371,19.94,0.1,continuous log
AST-02,371.2,19.94,0.1,continuous log
AST-02,371.4,19.94,0.1,continuous log
AST-02,371.6,19.94,0.1,continuous log
AST-02,371.8,19.94,0.1,continuous log
AST-02,372,19.94,0.1,continuous log
AST-02,372.2,19.94,0.1,continuous log
AST-02,372.4,19.94,0.1,continuous log
AST-02,372.6,19.99,0.1,continuous log
AST-02,372.8,20.01,0.1,continuous log
AST-02,373,20,0.1,continuous log
AST-02,373.2,19.97,0.1,continuous log
AST-02,373.4,19.97,0.1,continuous log
AST-02,373.6,19.97,0.1,continuous log
AST-02,373.8,19.97,0.1,continuous log
AST-02,374,19.97,0.1,continuous log
AST-02,374.2,20.01,0.1,continuous log
AST-02,374.4,20.01,0.1,continuous log
AST-02,374.6,20.01,0.1,continuous log
AST-02,374.8,20.01,0.1,continuous log
AST-02,375,20.01,0.1,continuous log
AST-02,375.2,20.01,0.1,continuous log
AST-02,375.4,20.01,0.1,continuous log
AST-02,375.6,20.01,0.1,continuous log
AST-02,375.8,20.03,0.1,continuous log
AST-02,376,20.04,0.1,continuous log
AST-02,376.2,20.04,0.1,continuous log
AST-02,376.4,20.05,0.1,continuous log
AST-02,376.6,20.08,0.1,continuous log
AST-02,376.8,20.1,0.1,continuous log
AST-02,377,20.08,0.1,continuous log
AST-02,377.2,20.08,0.1,continuous log
AST-02,377.4,20.08,0.1,continuous log
AST-02,377.6,20.08,0.1,continuous log
AST-02,377.8,20.09,0.1,continuous log
AST-02,378,20.12,0.1,continuous log
AST-02,378.2,20.12,0.1,continuous log
AST-02,378.4,20.12,0.1,continuous log
AST-02,378.6,20.12,0.1,continuous log
AST-02,378.8,20.08,0.1,continuous log
AST-02,379,20.12,0.1,continuous log
AST-02,379.2,20.12,0.1,continuous log
AST-02,379.4,20.12,0.1,continuous log
AST-02,379.6,20.12,0.1,continuous log
AST-02,379.8,20.13,0.1,continuous log
AST-02,380,20.13,0.1,continuous log
AST-02,380.2,20.13,0.1,continuous log
AST-02,380.4,20.14,0.1,continuous log
AST-02,380.6,20.14,0.1,continuous log
AST-02,380.8,20.14,0.1,continuous log
AST-02,381,20.15,0.1,continuous log
AST-02,381.2,20.15,0.1,continuous log
AST-02,381.4,20.16,0.1,continuous log
AST-02,381.6,20.16,0.1,continuous log
AST-02,381.8,20.16,0.1,continuous log
AST-02,382,20.17,0.1,continuous log
AST-02,382.2,20.17,0.1,continuous log
AST-02,382.4,20.18,0.1,continuous log
AST-02,382.6,20.18,0.1,continuous log
AST-02,382.8,20.18,0.1,continuous log
AST-02,383,20.19,0.1,continuous log
AST-02,383.2,20.19,0.1,continuous log
AST-02,383.4,20.19,0.1,continuous log
AST-02,383.6,20.2,0.1,continuous log
AST-02,383.8,20.2,0.1,continuous log
AST-02,384,20.21,0.1,continuous log
AST-02,384.2,20.21,0.1,continuous log
AST-02,384.4,20.21,0.1,continuous log
AST-02,384.6,20.22,0.1,continuous log
AST-02,384.8,20.22,0.1,continuous log
AST-02,385,20.23,0.1,continuous log
AST-02,385.2,20.23,0.1,continuous log
AST-02,385.4,20.23,0.1,continuous log
AST-02,385.6,20.24,0.1,continuous log
AST-02,385.8,20.24,0.1,continuous log
AST-02,386,20.24,0.1,continuous log
AST-02,386.2,20.25,0.1,continuous log
AST-02,386.4,20.25,0.1,continuous log
AST-02,386.6,20.26,0.1,continuous log
AST-02,386.8,20.26,0.1,continuous log
AST-02,387,20.26,0.1,continuous log
AST-02,387.2,20.27,0.1,continuous log
AST-02,387.4,20.27,0.1,continuous log
AST-02,387.6,20.28,0.1,continuous log
AST-02,387.8,20.28,0.1,continuous log
AST-02,388,20.28,0.1,continuous log
AST-02,388.2,20.29,0.1,continuous log
AST-02,388.4,20.29,0.1,continuous log
AST-02,388.6,20.29,0.1,continuous log
AST-02,388.8,20.3,0.1,continuous log
AST-02,389,20.3,0.1,continuous log
AST-02,389.2,20.31,0.1,continuous log
AST-02,389.4,20.31,0.1,continuous log
AST-02,389.6,20.31,0.1,continuous log
AST-02,389.8,20.32,0.1,continuous log
AST-02,390,20.32,0.1,continuous log
AST-02,390.2,20.32,0.1,continuous log
AST-02,390.4,20.33,0.1,continuous log
AST-02,390.6,20.33,0.1,continuous log
AST-02,390.8,20.34,0.1,continuous log
AST-02,391,20.34,0.1,continuous log
AST-02,391.2,20.34,0.1,continuous log
AST-02,391.4,20.35,0.1,continuous log
AST-02,391.6,20.35,0.1,continuous log
AST-02,391.8,20.36,0.1,continuous log
AST-02,392,20.36,0.1,continuous log
AST-02,392.2,20.36,0.1,continuous log
AST-02,392.4,20.37,0.1,continuous log
AST-02,392.6,20.37,0.1,continuous log
AST-02,392.8,20.37,0.1,continuous log
AST-02,393,20.38,0.1,continuous log
AST-02,393.2,20.38,0.1,continuous log
AST-02,393.4,20.39,0.1,continuous log
AST-02,393.6,20.39,0.1,continuous log
AST-02,393.8,20.39,0.1,continuous log
AST-02,394,20.4,0.1,continuous log
AST-02,394.2,20.4,0.1,continuous log
AST-02,394.4,20.41,0.1,continuous log
AST-02,394.6,20.41,0.1,continuous log
AST-02,394.8,20.41,0.1,continuous log
AST-02,395,20.42,0.1,continuous log
AST-02,395.2,20.42,0.1,continuous log
AST-02,395.4,20.42,0.1,continuous log
AST-02,395.6,20.43,0.1,continuous log
AST-02,395.8,20.43,0.1,continuous log
AST-02,396,20.44,0.1,continuous log
AST-02,396.2,20.44,0.1,continuous log
AST-02,396.4,20.44,0.1,continuous log
AST-02,396.6,20.45,0.1,continuous log
AST-02,396.8,20.45,0.1,continuous log
AST-02,397,20.46,0.1,continuous log
AST-02,397.2,20.46,0.1,continuous log
AST-02,397.4,20.46,0.1,continuous log
AST-02,397.6,20.47,0.1,continuous log
AST-02,397.8,20.47,0.1,continuous log
AST-02,398,20.47,0.1,continuous log
AST-02,398.2,20.48,0.1,continuous log
AST-02,398.4,20.48,0.1,continuous log
AST-02,398.6,20.49,0.1,continuous log
AST-02,398.8,20.49,0.1,continuous log
AST-02,399,20.49,0.1,continuous log
AST-02,399.2,20.5,0.1,continuous log
AST-02,399.4,20.5,0.1,continuous log
AST-02,399.6,20.51,0.1,continuous log
AST-02,399.8,20.51,0.1,continuous log
AST-02,400,20.51,0.1,continuous log
AST-02,400.2,20.52,0.1,continuous log
AST-02,400.4,20.52,0.1,continuous log
AST-02,400.6,20.52,0.1,continuous log
AST-02,400.8,20.53,0.1,continuous log
AST-02,401,20.53,0.1,continuous log
AST-02,401.2,20.54,0.1,continuous log
AST-02,401.4,20.54,0.1,continuous log
AST-02,401.6,20.54,0.1,continuous log
AST-02,401.8,20.55,0.1,continuous log
AST-02,402,20.55,0.1,continuous log
AST-02,402.2,20.55,0.1,continuous log
AST-02,402.4,20.56,0.1,continuous log
AST-02,402.6,20.56,0.1,continuous log
AST-02,402.8,20.57,0.1,continuous log
AST-02,403,20.57,0.1,continuous log
AST-02,403.2,20.57,0.1,continuous log
AST-02,403.4,20.58,0.1,continuous log
AST-02,403.6,20.58,0.1,continuous log
AST-02,403.8,20.59,0.1,continuous log
AST-02,404,20.59,0.1,continuous log
AST-02,404.2,20.59,0.1,continuous log
AST-02,404.4,20.6,0.1,continuous log
AST-02,404.6,20.6,0.1,continuous log
AST-02,404.8,20.6,0.1,continuous log
AST-02,405,20.61,0.1,continuous log
AST-02,405.2,20.61,0.1,continuous log
AST-02,405.4,20.62,0.1,continuous log
AST-02,405.6,20.63,0.1,continuous log
AST-02,405.8,20.64,0.1,continuous log
AST-02,406,20.64,0.1,continuous log
AST-02,406.2,20.65,0.1,continuous log
AST-02,406.4,20.66,0.1,continuous log
AST-02,406.6,20.67,0.1,continuous log
AST-02,406.8,20.67,0.1,continuous log
AST-02,407,20.68,0.1,continuous log
AST-02,407.2,20.69,0.1,continuous log
AST-02,407.4,20.7,0.1,continuous log
AST-02,407.6,20.7,0.1,continuous log
AST-02,407.8,20.71,0.1,continuous log
AST-02,408,20.72,0.1,continuous log
AST-02,408.2,20.73,0.1,continuous log
AST-02,408.4,20.74,0.1,continuous log
AST-02,408.6,20.74,0.1,continuous log
AST-02,408.8,20.75,0.1,continuous log
AST-02,409,20.76,0.1,continuous log
AST-02,409.2,20.77,0.1,continuous log
AST-02,409.4,20.77,0.1,continuous log
AST-02,409.6,20.78,0.1,continuous log
AST-02,409.8,20.79,0.1,continuous log
AST-02,410,20.8,0.1,continuous log
AST-02,410.2,20.8,0.1,continuous log
AST-02,410.4,20.81,0.1,continuous log
AST-02,410.6,20.82,0.1,continuous log
AST-02,410.8,20.83,0.1,continuous log
AST-02,411,20.84,0.1,continuous log
AST-02,411.2,20.84,0.1,continuous log
AST-02,411.4,20.85,0.1,continuous log
AST-02,411.6,20.86,0.1,continuous log
AST-02,411.8,20.87,0.1,continuous log
AST-02,412,20.87,0.1,continuous log
AST-02,412.2,20.88,0.1,continuous log
AST-02,412.4,20.89,0.1,continuous log
AST-02,412.6,20.9,0.1,continuous log
AST-02,412.8,20.9,0.1,continuous log
AST-02,413,20.91,0.1,continuous log
AST-02,413.2,20.92,0.1,continuous log
AST-02,413.4,20.93,0.1,continuous log
AST-02,413.6,20.94,0.1,continuous log
AST-02,413.8,20.94,0.1,continuous log
AST-02,414,20.95,0.1,continuous log
AST-02,414.2,20.96,0.1,continuous log
AST-02,414.4,20.97,0.1,continuous log
AST-02,414.6,20.97,0.1,continuous log
AST-02,414.8,20.98,0.1,continuous log
AST-02,415,20.98,0.1,continuous log
AST-02,415.2,20.99,0.1,continuous log
AST-02,415.4,20.99,0.1,continuous log
AST-02,415.6,21,0.1,continuous log
AST-02,415.8,21,0.1,continuous log
AST-02,416,21.01,0.1,continuous log
AST-02,416.2,21.01,0.1,continuous log
AST-02,416.4,21.01,0.1,continuous log
AST-02,416.6,21.02,0.1,continuous log
AST-02,416.8,21.02,0.1,continuous log
AST-02,417,21.03,0.1,continuous log
AST-02,417.2,21.03,0.1,continuous log
AST-02,417.4,21.04,0.1,continuous log
AST-02,417.6,21.04,0.1,continuous log
AST-02,417.8,21.05,0.1,continuous log
AST-02,418,21.05,0.1,continuous log
AST-02,418.2,21.06,0.1,continuous log
AST-02,418.4,21.06,0.1,continuous log
AST-02,418.6,21.07,0.1,continuous log
AST-02,418.8,21.07,0.1,continuous log
AST-02,419,21.08,0.1,continuous log
AST-02,419.2,21.08,0.1,continuous log
AST-02,419.4,21.09,0.1,continuous log
AST-02,419.6,21.09,0.1,continuous log
AST-02,419.8,21.1,0.1,continuous log
AST-02,420,21.1,0.1,continuous log
AST-02,420.2,21.11,0.1,continuous log
AST-02,420.4,21.11,0.1,continuous log
AST-02,420.6,21.12,0.1,continuous log
AST-02,420.8,21.12,0.1,continuous log
AST-02,421,21.12,0.1,continuous log
AST-02,421.2,21.13,0.1,continuous log
AST-02,421.4,21.13,0.1,continuous log
AST-02,421.6,21.14,0.1,continuous log
AST-02,421.8,21.14,0.1,continuous log
AST-02,422,21.15,0.1,continuous log
AST-02,422.2,21.15,0.1,continuous log
AST-02,422.4,21.16,0.1,continuous log
AST-02,422.6,21.16,0.1,continuous log
AST-02,422.8,21.17,0.1,continuous log
AST-02,423,21.17,0.1,continuous log
AST-02,423.2,21.18,0.1,continuous log
AST-02,423.4,21.18,0.1,continuous log
AST-02,423.6,21.19,0.1,continuous log
AST-02,423.8,21.19,0.1,continuous log
AST-02,424,21.2,0.1,continuous log
AST-02,424.2,21.2,0.1,continuous log
AST-02,424.4,21.21,0.1,continuous log
AST-02,424.6,21.21,0.1,continuous log
AST-02,424.8,21.22,0.1,continuous log
AST-02,425,21.22,0.1,continuous log
AST-02,425.2,21.23,0.1,continuous log
AST-02,425.4,21.23,0.1,continuous log
AST-02,425.6,21.24,0.1,continuous log
AST-02,425.8,21.24,0.1,continuous log
AST-02,426,21.24,0.1,continuous log
AST-02,426.2,21.25,0.1,continuous log
AST-02,426.4,21.25,0.1,continuous log
AST-02,426.6,21.26,0.1,continuous log
AST-02,426.8,21.26,0.1,continuous log
AST-02,427,21.27,0.1,continuous log
AST-02,427.2,21.27,0.1,continuous log
AST-02,427.4,21.28,0.1,continuous log
AST-02,427.6,21.28,0.1,continuous log
AST-02,427.8,21.29,0.1,continuous log
AST-02,428,21.29,0.1,continuous log
AST-02,428.2,21.3,0.1,continuous log
AST-02,428.4,21.31,0.1,continuous log
AST-02,428.6,21.31,0.1,continuous log
AST-02,428.8,21.32,0.1,continuous log
AST-02,429,21.33,0.1,continuous log
AST-02,429.2,21.33,0.1,continuous log
AST-02,429.4,21.34,0.1,continuous log
AST-02,429.6,21.34,0.1,continuous log
AST-02,429.8,21.35,0.1,continuous log
AST-02,430,21.36,0.1,continuous log
AST-02,430.2,21.36,0.1,continuous log
AST-02,430.4,21.37,0.1,continuous log
AST-02,430.6,21.38,0.1,continuous log
AST-02,430.8,21.38,0.1,continuous log
AST-02,431,21.39,0.1,continuous log
AST-02,431.2,21.39,0.1,continuous log
AST-02,431.4,21.4,0.1,continuous log
AST-02,431.6,21.41,0.1,continuous log
AST-02,431.8,21.41,0.1,continuous log
AST-02,432,21.42,0.1,continuous log
AST-02,432.2,21.43,0.1,continuous log
AST-02,432.4,21.43,0.1,continuous log
AST-02,432.6,21.44,0.1,continuous log
AST-02,432.8,21.44,0.1,continuous log
AST-02,433,21.45,0.1,continuous log
AST-02,433.2,21.46,0.1,continuous log
AST-02,433.4,21.46,0.1,continuous log
AST-02,433.6,21.47,0.1,continuous log
AST-02,433.8,21.48,0.1,continuous log
AST-02,434,21.48,0.1,continuous log
AST-02,434.2,21.49,0.1,continuous log
AST-02,434.4,21.5,0.1,continuous log
AST-02,434.6,21.5,0.1,continuous log
AST-02,434.8,21.5,0.1,continuous log
AST-02,435,21.51,0.1,continuous log
AST-02,435.2,21.51,0.1,continuous log
AST-02,435.4,21.52,0.1,continuous log
AST-02,435.6,21.53,0.1,continuous log
AST-02,435.8,21.54,0.1,continuous log
AST-02,436,21.54,0.1,continuous log
AST-02,436.2,21.55,0.1,continuous log
AST-02,436.4,21.56,0.1,continuous log
AST-02,436.6,21.57,0.1,continuous log
AST-02,436.8,21.57,0.1,continuous log
AST-02,437,21.58,0.1,continuous log
AST-02,437.2,21.59,0.1,continuous log
AST-02,437.4,21.59,0.1,continuous log
AST-02,437.6,21.6,0.1,continuous log
AST-02,437.8,21.61,0.1,continuous log
AST-02,438,21.62,0.1,continuous log
AST-02,438.2,21.62,0.1,continuous log
AST-02,438.4,21.63,0.1,continuous log
AST-02,438.6,21.64,0.1,continuous log
AST-02,438.8,21.65,0.1,continuous log
AST-02,439,21.65,0.1,continuous log
AST-02,439.2,21.66,0.1,continuous log
AST-02,439.4,21.67,0.1,continuous log
AST-02,439.6,21.67,0.1,continuous log
AST-02,439.8,21.68,0.1,continuous log
AST-02,440,21.69,0.1,continuous log
AST-02,440.2,21.7,0.1,continuous log
AST-02,440.4,21.7,0.1,continuous log
AST-02,440.6,21.71,0.1,continuous log
AST-02,440.8,21.72,0.1,continuous log
AST-02,441,21.73,0.1,continuous log
AST-02,441.2,21.73,0.1,continuous log
AST-02,441.4,21.74,0.1,continuous log
AST-02,441.6,21.75,0.1,continuous log
AST-02,441.8,21.75,0.1,continuous log
AST-02,442,21.76,0.1,continuous log
AST-02,442.2,21.77,0.1,continuous log
AST-02,442.4,21.78,0.1,continuous log
AST-02,442.6,21.78,0.1,continuous log
AST-02,442.8,21.79,0.1,continuous log
AST-02,443,21.8,0.1,continuous log
AST-02,443.2,21.81,0.1,continuous log
AST-02,443.4,21.81,0.1,continuous log
AST-02,443.6,21.82,0.1,continuous log
AST-02,443.8,21.83,0.1,continuous log
AST-02,444,21.84,0.1,continuous log
AST-02,444.2,21.84,0.1,continuous log
AST-02,444.4,21.85,0.1,continuous log
AST-02,444.6,21.86,0.1,continuous log
AST-02,444.8,21.86,0.1,continuous log
AST-02,445,21.86,0.1,continuous log
AST-02,445.2,21.86,0.1,continuous log
AST-02,445.4,21.86,0.1,continuous log
AST-02,445.6,21.87,0.1,continuous log
AST-02,445.8,21.87,0.1,continuous log
AST-02,446,21.87,0.1,continuous log
AST-02,446.2,21.87,0.1,continuous log
AST-02,446.4,21.88,0.1,continuous log
AST-02,446.6,21.88,0.1,continuous log
AST-02,446.8,21.88,0.1,continuous log
AST-02,447,21.88,0.1,continuous log
AST-02,447.2,21.89,0.1,continuous log
AST-02,447.4,21.89,0.1,continuous log
AST-02,447.6,21.89,0.1,continuous log
AST-02,447.8,21.89,0.1,continuous log
AST-02,448,21.89,0.1,continuous log
AST-02,448.2,21.9,0.1,continuous log
AST-02,448.4,21.9,0.1,continuous log
AST-02,448.6,21.9,0.1,continuous log
AST-02,448.8,21.9,0.1,continuous log
AST-02,449,21.91,0.1,continuous log
AST-02,449.2,21.91,0.1,continuous log
AST-02,449.4,21.91,0.1,continuous log
AST-02,449.6,21.91,0.1,continuous log
AST-02,449.8,21.91,0.1,continuous log
AST-02,450,21.92,0.1,continuous log
AST-02,450.2,21.92,0.1,continuous log
AST-02,450.4,21.92,0.1,continuous log
AST-02,450.6,21.92,0.1,continuous log
AST-02,450.8,21.93,0.1,continuous log
AST-02,451,21.93,0.1,continuous log
AST-02,451.2,21.93,0.1,continuous log
AST-02,451.4,21.93,0.1,continuous log
AST-02,451.6,21.93,0.1,continuous log
AST-02,451.8,21.94,0.1,continuous log
AST-02,452,21.94,0.1,continuous log
AST-02,452.2,21.94,0.1,continuous log
AST-02,452.4,21.94,0.1,continuous log
AST-02,452.6,21.95,0.1,continuous log
AST-02,452.8,21.95,0.1,continuous log
AST-02,453,21.95,0.1,continuous log
AST-02,453.2,21.95,0.1,continuous log
AST-02,453.4,21.96,0.1,continuous log
AST-02,453.6,21.96,0.1,continuous log
AST-02,453.8,21.96,0.1,continuous log
AST-02,454,21.96,0.1,continuous log
AST-02,454.2,21.96,0.1,continuous log
AST-02,454.4,21.97,0.1,continuous log
AST-02,454.6,21.97,0.1,continuous log
AST-02,454.8,21.97,0.1,continuous log
AST-02,455,21.97,0.1,continuous log
AST-02,455.2,21.98,0.1,continuous log
AST-02,455.4,21.98,0.1,continuous log
AST-02,455.6,21.98,0.1,continuous log
AST-02,455.8,21.98,0.1,continuous log
AST-02,456,21.98,0.1,continuous log
AST-02,456.2,21.99,0.1,continuous log
AST-02,456.4,21.99,0.1,continuous log
AST-02,456.6,21.99,0.1,continuous log
AST-02,456.8,21.99,0.1,continuous log
AST-02,457,22,0.1,continuous log
AST-02,457.2,22,0.1,continuous log
AST-02,457.4,22.01,0.1,continuous log
AST-02,457.6,22.02,0.1,continuous log
AST-02,457.8,22.03,0.1,continuous log
AST-02,458,22.04,0.1,continuous log
AST-02,458.2,22.05,0.1,continuous log
AST-02,458.4,22.06,0.1,continuous log
AST-02,458.6,22.07,0.1,continuous log
AST-02,458.8,22.08,0.1,continuous log
AST-02,459,22.09,0.1,continuous log
AST-02,459.2,22.09,0.1,continuous log
AST-02,459.4,22.1,0.1,continuous log
AST-02,459.6,22.11,0.1,continuous log
AST-02,459.8,22.12,0.1,continuous log
AST-02,460,22.13,0.1,continuous log
AST-02,460.2,22.14,0.1,continuous log
AST-02,460.4,22.15,0.1,continuous log
AST-02,460.6,22.16,0.1,continuous log
AST-02,460.8,22.17,0.1,continuous log
AST-02,461,22.18,0.1,continuous log
AST-02,461.2,22.19,0.1,continuous log
AST-02,461.4,22.2,0.1,continuous log
AST-02,461.6,22.21,0.1,continuous log
AST-02,461.8,22.22,0.1,continuous log
AST-02,462,22.23,0.1,continuous log
AST-02,462.2,22.24,0.1,continuous log
AST-02,462.4,22.24,0.1,continuous log
AST-02,462.6,22.25,0.1,continuous log
AST-02,462.8,22.26,0.1,continuous log
AST-02,463,22.27,0.1,continuous log
AST-02,463.2,22.28,0.1,continuous log
AST-02,463.4,22.29,0.1,continuous log
AST-02,463.6,22.3,0.1,continuous log
AST-02,463.8,22.31,0.1,continuous log
AST-02,464,22.32,0.1,continuous log
AST-02,464.2,22.32,0.1,continuous log
AST-02,464.4,22.32,0.1,continuous log
AST-02,464.6,22.33,0.1,continuous log
AST-02,464.8,22.33,0.1,continuous log
AST-02,465,22.33,0.1,continuous log
AST-02,465.2,22.34,0.1,continuous log
AST-02,465.4,22.34,0.1,continuous log
AST-02,465.6,22.34,0.1,continuous log
AST-02,465.8,22.34,0.1,continuous log
AST-02,466,22.35,0.1,continuous log
AST-02,466.2,22.35,0.1,continuous log
AST-02,466.4,22.35,0.1,continuous log
AST-02,466.6,22.36,0.1,continuous log
AST-02,466.8,22.36,0.1,continuous log
AST-02,467,22.36,0.1,continuous log
AST-02,467.2,22.37,0.1,continuous log
AST-02,467.4,22.37,0.1,continuous log
AST-02,467.6,22.37,0.1,continuous log
AST-02,467.8,22.37,0.1,continuous log
AST-02,468,22.38,0.1,continuous log
AST-02,468.2,22.38,0.1,continuous log
AST-02,468.4,22.38,0.1,continuous log
AST-02,468.6,22.39,0.1,continuous log
AST-02,468.8,22.39,0.1,continuous log
AST-02,469,22.39,0.1,continuous log
AST-02,469.2,22.39,0.1,continuous log
AST-02,469.4,22.4,0.1,continuous log
AST-02,469.6,22.4,0.1,continuous log
AST-02,469.8,22.4,0.1,continuous log
AST-02,470,22.41,0.1,continuous log
AST-02,470.2,22.41,0.1,continuous log
AST-02,470.4,22.41,0.1,continuous log
AST-02,470.6,22.42,0.1,continuous log
AST-02,470.8,22.42,0.1,continuous log
AST-02,471,22.42,0.1,continuous log
AST-02,471.2,22.42,0.1,continuous log
AST-02,471.4,22.43,0.1,continuous log
AST-02,471.6,22.43,0.1,continuous log
AST-02,471.8,22.43,0.1,continuous log
AST-02,472,22.44,0.1,continuous log
AST-02,472.2,22.44,0.1,continuous log
AST-02,472.4,22.44,0.1,continuous log
AST-02,472.6,22.44,0.1,continuous log
AST-02,472.8,22.45,0.1,continuous log
AST-02,473,22.45,0.1,continuous log
AST-02,473.2,22.45,0.1,continuous log
AST-02,473.4,22.46,0.1,continuous log
AST-02,473.6,22.46,0.1,continuous log
AST-02,473.8,22.46,0.1,continuous log
AST-02,474,22.47,0.1,continuous log
AST-02,474.2,22.47,0.1,continuous log
AST-02,474.4,22.47,0.1,continuous log
AST-02,474.6,22.47,0.1,continuous log
AST-02,474.8,22.48,0.1,continuous log
AST-02,475,22.48,0.1,continuous log
AST-02,475.2,22.48,0.1,continuous log
AST-02,475.4,22.49,0.1,continuous log
AST-02,475.6,22.49,0.1,continuous log
AST-02,475.8,22.49,0.1,continuous log
AST-02,476,22.5,0.1,continuous log
AST-02,476.2,22.5,0.1,continuous log
AST-02,476.4,22.5,0.1,continuous log
AST-02,476.6,22.5,0.1,continuous log
AST-02,476.8,22.51,0.1,continuous log
AST-02,477,22.51,0.1,continuous log
AST-02,477.2,22.51,0.1,continuous log
AST-02,477.4,22.52,0.1,continuous log
AST-02,477.6,22.52,0.1,continuous log
AST-02,477.8,22.52,0.1,continuous log
AST-02,478,22.52,0.1,continuous log
AST-02,478.2,22.53,0.1,continuous log
AST-02,478.4,22.53,0.1,continuous log
AST-02,478.6,22.54,0.1,continuous log
AST-02,478.8,22.55,0.1,continuous log
AST-02,479,22.56,0.1,continuous log
AST-02,479.2,22.57,0.1,continuous log
AST-02,479.4,22.58,0.1,continuous log
AST-02,479.6,22.59,0.1,continuous log
AST-02,479.8,22.59,0.1,continuous log
AST-02,480,22.6,0.1,continuous log
AST-02,480.2,22.61,0.1,continuous log
AST-02,480.4,22.62,0.1,continuous log
AST-02,480.6,22.63,0.1,continuous log
AST-02,480.8,22.64,0.1,continuous log
AST-02,481,22.65,0.1,continuous log
AST-02,481.2,22.66,0.1,continuous log
AST-02,481.4,22.67,0.1,continuous log
AST-02,481.6,22.68,0.1,continuous log
AST-02,481.8,22.68,0.1,continuous log
AST-02,482,22.69,0.1,continuous log
AST-02,482.2,22.7,0.1,continuous log
AST-02,482.4,22.71,0.1,continuous log
AST-02,482.6,22.72,0.1,continuous log
AST-02,482.8,22.73,0.1,continuous log
AST-02,483,22.74,0.1,continuous log
AST-02,483.2,22.75,0.1,continuous log
AST-02,483.4,22.76,0.1,continuous log
AST-02,483.6,22.77,0.1,continuous log
AST-02,483.8,22.77,0.1,continuous log
AST-02,484,22.78,0.1,continuous log
AST-02,484.2,22.78,0.1,continuous log
AST-02,484.4,22.79,0.1,continuous log
AST-02,484.6,22.79,0.1,continuous log
AST-02,484.8,22.8,0.1,continuous log
AST-02,485,22.8,0.1,continuous log
AST-02,485.2,22.8,0.1,continuous log
AST-02,485.4,22.81,0.1,continuous log
AST-02,485.6,22.81,0.1,continuous log
AST-02,485.8,22.82,0.1,continuous log
AST-02,486,22.82,0.1,continuous log
AST-02,486.2,22.82,0.1,continuous log
AST-02,486.4,22.83,0.1,continuous log
AST-02,486.6,22.83,0.1,continuous log
AST-02,486.8,22.84,0.1,continuous log
AST-02,487,22.84,0.1,continuous log
AST-02,487.2,22.84,0.1,continuous log
AST-02,487.4,22.85,0.1,continuous log
AST-02,487.6,22.85,0.1,continuous log
AST-02,487.8,22.86,0.1,continuous log
AST-02,488,22.86,0.1,continuous log
AST-02,488.2,22.86,0.1,continuous log
AST-02,488.4,22.87,0.1,continuous log
AST-02,488.6,22.87,0.1,continuous log
AST-02,488.8,22.88,0.1,continuous log
AST-02,489,22.88,0.1,continuous log
AST-02,489.2,22.88,0.1,continuous log
AST-02,489.4,22.89,0.1,continuous log
AST-02,489.6,22.89,0.1,continuous log
AST-02,489.8,22.9,0.1,continuous log
AST-02,490,22.9,0.1,continuous log
AST-02,490.2,22.9,0.1,continuous log
AST-02,490.4,22.91,0.1,continuous log
AST-02,490.6,22.91,0.1,continuous log
AST-02,490.8,22.92,0.1,continuous log
AST-02,491,22.92,0.1,continuous log
AST-02,491.2,22.92,0.1,continuous log
AST-02,491.4,22.93,0.1,continuous log
AST-02,491.6,22.93,0.1,continuous log
AST-02,491.8,22.94,0.1,continuous log
AST-02,492,22.94,0.1,continuous log
AST-02,492.2,22.94,0.1,continuous log
AST-02,492.4,22.95,0.1,continuous log
AST-02,492.6,22.95,0.1,continuous log
AST-02,492.8,22.96,0.1,continuous log
AST-02,493,22.96,0.1,continuous log
AST-02,493.2,22.96,0.1,continuous log
AST-02,493.4,22.97,0.1,continuous log
AST-02,493.6,22.97,0.1,continuous log
AST-02,493.8,22.98,0.1,continuous log
AST-02,494,22.98,0.1,continuous log
AST-02,494.2,22.98,0.1,continuous log
AST-02,494.4,22.99,0.1,continuous log
AST-02,494.6,22.99,0.1,continuous log
AST-02,494.8,23,0.1,continuous log
AST-02,495,23,0.1,continuous log
AST-02,495.2,23,0.1,continuous log
AST-02,495.4,23.01,0.1,continuous log
AST-02,495.6,23.01,0.1,continuous log
AST-02,495.8,23.02,0.1,continuous log
AST-02,496,23.02,0.1,continuous log
AST-02,496.2,23.02,0.1,continuous log
AST-02,496.4,23.03,0.1,continuous log
AST-02,496.6,23.03,0.1,continuous log
AST-02,496.8,23.04,0.1,continuous log
AST-02,497,23.04,0.1,continuous log
AST-02,497.2,23.04,0.1,continuous log
AST-02,497.4,23.05,0.1,continuous log
AST-02,497.6,23.05,0.1,continuous log
AST-02,497.8,23.06,0.1,continuous log
AST-02,498,23.06,0.1,continuous log
AST-02,498.2,23.06,0.1,continuous log
AST-02,498.4,23.07,0.1,continuous log
AST-02,498.6,23.07,0.1,continuous log
AST-02,498.8,23.08,0.1,continuous log
AST-02,499,23.08,0.1,continuous log
AST-02,499.2,23.08,0.1,continuous log
AST-02,499.4,23.09,0.1,continuous log
AST-02,499.6,23.09,0.1,continuous log
AST-02,499.8,23.1,0.1,continuous log
AST-02,500,23.1,0.1,continuous log
AST-02,500.2,23.11,0.1,continuous log
AST-02,500.4,23.11,0.1,continuous log
AST-02,500.6,23.12,0.1,continuous log
AST-02,500.8,23.12,0.1,continuous log
AST-02,501,23.13,0.1,continuous log
AST-02,501.2,23.13,0.1,continuous log
AST-02,501.4,23.14,0.1,continuous log
AST-02,501.6,23.14,0.1,continuous log
AST-02,501.8,23.15,0.1,continuous log
AST-02,502,23.16,0.1,continuous log
AST-02,502.2,23.16,0.1,continuous log
AST-02,502.4,23.17,0.1,continuous log
AST-02,502.6,23.17,0.1,continuous log
AST-02,502.8,23.18,0.1,continuous log
AST-02,503,23.18,0.1,continuous log
AST-02,503.2,23.19,0.1,continuous log
AST-02,503.4,23.19,0.1,continuous log
AST-02,503.6,23.2,0.1,continuous log
AST-02,503.8,23.21,0.1,continuous log
AST-02,504,23.21,0.1,continuous log
AST-02,504.2,23.22,0.1,continuous log
AST-02,504.4,23.22,0.1,continuous log
AST-02,504.6,23.23,0.1,continuous log
AST-02,504.8,23.23,0.1,continuous log
AST-02,505,23.24,0.1,continuous log
AST-02,505.2,23.25,0.1,continuous log
AST-02,505.4,23.25,0.1,continuous log
AST-02,505.6,23.26,0.1,continuous log
AST-02,505.8,23.26,0.1,continuous log
AST-02,506,23.27,0.1,continuous log
AST-02,506.2,23.27,0.1,continuous log
AST-02,506.4,23.28,0.1,continuous log
AST-02,506.6,23.29,0.1,continuous log
AST-02,506.8,23.29,0.1,continuous log
AST-02,507,23.3,0.1,continuous log
AST-02,507.2,23.3,0.1,continuous log
AST-02,507.4,23.31,0.1,continuous log
AST-02,507.6,23.31,0.1,continuous log
AST-02,507.8,23.32,0.1,continuous log
AST-02,508,23.33,0.1,continuous log
AST-02,508.2,23.33,0.1,continuous log
AST-02,508.4,23.34,0.1,continuous log
AST-02,508.6,23.34,0.1,continuous log
AST-02,508.8,23.35,0.1,continuous log
AST-02,509,23.35,0.1,continuous log
AST-02,509.2,23.36,0.1,continuous log
AST-02,509.4,23.36,0.1,continuous log
AST-02,509.6,23.37,0.1,continuous log
AST-02,509.8,23.38,0.1,continuous log
AST-02,510,23.38,0.1,continuous log
AST-02,510.2,23.39,0.1,continuous log
AST-02,510.4,23.39,0.1,continuous log
AST-02,510.6,23.4,0.1,continuous log
AST-02,510.8,23.4,0.1,continuous log
AST-02,511,23.41,0.1,continuous log
AST-02,511.2,23.42,0.1,continuous log
AST-02,511.4,23.42,0.1,continuous log
AST-02,511.6,23.43,0.1,continuous log
AST-02,511.8,23.43,0.1,continuous log
AST-02,512,23.44,0.1,continuous log
AST-02,512.2,23.44,0.1,continuous log
AST-02,512.4,23.45,0.1,continuous log
AST-02,512.6,23.46,0.1,continuous log
AST-02,512.8,23.46,0.1,continuous log
AST-02,513,23.47,0.1,continuous log
AST-02,513.2,23.47,0.1,continuous log
AST-02,513.4,23.48,0.1,continuous log
AST-02,513.6,23.48,0.1,continuous log
AST-02,513.8,23.49,0.1,continuous log
AST-02,514,23.5,0.1,continuous log
AST-02,514.2,23.5,0.1,continuous log
AST-02,514.4,23.51,0.1,continuous log
AST-02,514.6,23.51,0.1,continuous log
AST-02,514.8,23.52,0.1,continuous log
AST-02,515,23.52,0.1,continuous log
AST-02,515.2,23.53,0.1,continuous log
AST-02,515.4,23.54,0.1,continuous log
AST-02,515.6,23.54,0.1,continuous log
AST-02,515.8,23.55,0.1,continuous log
AST-02,516,23.55,0.1,continuous log
AST-02,516.2,23.56,0.1,continuous log
AST-02,516.4,23.56,0.1,continuous log
AST-02,516.6,23.57,0.1,continuous log
AST-02,516.8,23.58,0.1,continuous log
AST-02,517,23.58,0.1,continuous log
AST-02,517.2,23.59,0.1,continuous log
AST-02,517.4,23.59,0.1,continuous log
AST-02,517.6,23.6,0.1,continuous log
AST-02,517.8,23.6,0.1,continuous log
AST-02,518,23.61,0.1,continuous log
AST-02,518.2,23.61,0.1,continuous log
AST-02,518.4,23.62,0.1,continuous log
AST-02,518.6,23.62,0.1,continuous log
AST-02,518.8,23.63,0.1,continuous log
AST-02,519,23.63,0.1,continuous log
AST-02,519.2,23.63,0.1,continuous log
AST-02,519.4,23.64,0.1,continuous log
AST-02,519.6,23.64,0.1,continuous log
AST-02,519.8,23.65,0.1,continuous log
AST-02,520,23.65,0.1,continuous log
AST-02,520.2,23.66,0.1,continuous log
AST-02,520.4,23.66,0.1,continuous log
AST-02,520.6,23.67,0.1,continuous log
AST-02,520.8,23.67,0.1,continuous log
AST-02,521,23.67,0.1,continuous log
AST-02,521.2,23.68,0.1,continuous log
AST-02,521.4,23.68,0.1,continuous log
AST-02,521.6,23.69,0.1,continuous log
AST-02,521.8,23.69,0.1,continuous log
AST-02,522,23.7,0.1,continuous log
AST-02,522.2,23.7,0.1,continuous log
AST-02,522.4,23.71,0.1,continuous log
AST-02,522.6,23.71,0.1,continuous log
AST-02,522.8,23.71,0.1,continuous log
AST-02,523,23.72,0.1,continuous log
AST-02,523.2,23.72,0.1,continuous log
AST-02,523.4,23.73,0.1,continuous log
AST-02,523.6,23.73,0.1,continuous log
AST-02,523.8,23.74,0.1,continuous log
AST-02,524,23.74,0.1,continuous log
AST-02,524.2,23.75,0.1,continuous log
AST-02,524.4,23.75,0.1,continuous log
AST-02,524.6,23.75,0.1,continuous log
AST-02,524.8,23.76,0.1,continuous log
AST-02,525,23.76,0.1,continuous log
AST-02,525.2,23.77,0.1,continuous log
AST-02,525.4,23.77,0.1,continuous log
AST-02,525.6,23.78,0.1,continuous log
AST-02,525.8,23.78,0.1,continuous log
AST-02,526,23.79,0.1,continuous log
AST-02,526.2,23.79,0.1,continuous log
AST-02,526.4,23.79,0.1,continuous log
AST-02,526.6,23.8,0.1,continuous log
AST-02,526.8,23.8,0.1,continuous log
AST-02,527,23.81,0.1,continuous log
AST-02,527.2,23.81,0.1,continuous log
AST-02,527.4,23.82,0.1,continuous log
AST-02,527.6,23.82,0.1,continuous log
AST-02,527.8,23.83,0.1,continuous log
AST-02,528,23.83,0.1,continuous log
AST-02,528.2,23.83,0.1,continuous log
AST-02,528.4,23.84,0.1,continuous log
AST-02,528.6,23.84,0.1,continuous log
AST-02,528.8,23.85,0.1,continuous log
AST-02,529,23.85,0.1,continuous log
AST-02,529.2,23.86,0.1,continuous log
AST-02,529.4,23.86,0.1,continuous log
AST-02,529.6,23.87,0.1,continuous log
AST-02,529.8,23.87,0.1,continuous log
AST-02,530,23.87,0.1,continuous log
AST-02,530.2,23.88,0.1,continuous log
AST-02,530.4,23.88,0.1,continuous log
AST-02,530.6,23.89,0.1,continuous log
AST-02,530.8,23.89,0.1,continuous log
AST-02,531,23.9,0.1,continuous log
AST-02,531.2,23.9,0.1,continuous log
AST-02,531.4,23.91,0.1,continuous log
AST-02,531.6,23.91,0.1,continuous log
AST-02,531.8,23.91,0.1,continuous log
AST-02,532,23.92,0.1,continuous log
AST-02,532.2,23.92,0.1,continuous log
AST-02,532.4,23.93,0.1,continuous log
AST-02,532.6,23.93,0.1,continuous log
AST-02,532.8,23.94,0.1,continuous log
AST-02,533,23.94,0.1,continuous log
AST-02,533.2,23.95,0.1,continuous log
AST-02,533.4,23.95,0.1,continuous log
AST-02,533.6,23.95,0.1,continuous log
AST-02,533.8,23.96,0.1,continuous log
AST-02,534,23.96,0.1,continuous log
AST-02,534.2,23.97,0.1,continuous log
AST-02,534.4,23.97,0.1,continuous log
AST-02,534.6,23.98,0.1,continuous log
AST-02,534.8,23.98,0.1,continuous log
AST-02,535,23.99,0.1,continuous log
AST-02,535.2,23.99,0.1,continuous log
AST-02,535.4,23.99,0.1,continuous log
AST-02,535.6,24,0.1,continuous log
AST-02,535.8,24,0.1,continuous log
AST-02,536,24.01,0.1,continuous log
AST-02,536.2,24.01,0.1,continuous log
AST-02,536.4,24.02,0.1,continuous log
AST-02,536.6,24.02,0.1,continuous log
AST-02,536.8,24.03,0.1,continuous log
AST-02,537,24.04,0.1,continuous log
AST-02,537.2,24.04,0.1,continuous log
AST-02,537.4,24.05,0.1,continuous log
AST-02,537.6,24.06,0.1,continuous log
AST-02,537.8,24.07,0.1,continuous log
AST-02,538,24.08,0.1,continuous log
AST-02,538.2,24.08,0.1,continuous log
AST-02,538.4,24.09,0.1,continuous log
AST-02,538.6,24.1,0.1,continuous log
AST-02,538.8,24.11,0.1,continuous log
AST-02,539,24.11,0.1,continuous log
AST-02,539.2,24.12,0.1,continuous log
AST-02,539.4,24.13,0.1,continuous log
AST-02,539.6,24.14,0.1,continuous log
AST-02,539.8,24.14,0.1,continuous log
AST-02,540,24.15,0.1,continuous log
AST-02,540.2,24.16,0.1,continuous log
AST-02,540.4,24.17,0.1,continuous log
AST-02,540.6,24.18,0.1,continuous log
AST-02,540.8,24.18,0.1,continuous log
AST-02,541,24.19,0.1,continuous log
AST-02,541.2,24.2,0.1,continuous log
AST-02,541.4,24.21,0.1,continuous log
AST-02,541.6,24.21,0.1,continuous log
AST-02,541.8,24.22,0.1,continuous log
AST-02,542,24.23,0.1,continuous log
AST-02,542.2,24.23,0.1,continuous log
AST-02,542.4,24.23,0.1,continuous log
AST-02,542.6,24.23,0.1,continuous log
AST-02,542.8,24.23,0.1,continuous log
AST-02,543,24.23,0.1,continuous log
AST-02,543.2,24.23,0.1,continuous log
AST-02,543.4,24.23,0.1,continuous log
AST-02,543.6,24.23,0.1,continuous log
AST-02,543.8,24.23,0.1,continuous log
AST-02,544,24.23,0.1,continuous log
AST-02,544.2,24.23,0.1,continuous log
AST-02,544.4,24.23,0.1,continuous log
AST-02,544.6,24.23,0.1,continuous log
AST-02,544.8,24.23,0.1,continuous log
AST-02,545,24.23,0.1,continuous log
AST-02,545.2,24.23,0.1,continuous log
AST-02,545.4,24.23,0.1,continuous log
AST-02,545.6,24.23,0.1,continuous log
AST-02,545.8,24.23,0.1,continuous log
AST-02,546,24.23,0.1,continuous log
AST-02,546.2,24.23,0.1,continuous log
AST-02,546.4,24.23,0.1,continuous log
AST-02,546.6,24.23,0.1,continuous log
AST-02,546.8,24.23,0.1,continuous log
AST-02,547,24.23,0.1,continuous log
AST-02,547.2,24.23,0.1,continuous log
AST-02,547.4,24.23,0.1,continuous log
AST-02,547.6,24.23,0.1,continuous log
AST-02,547.8,24.23,0.1,continuous log
AST-02,548,24.24,0.1,continuous log
AST-02,548.2,24.24,0.1,continuous log
AST-02,548.4,24.25,0.1,continuous log
AST-02,548.6,24.25,0.1,continuous log
AST-02,548.8,24.25,0.1,continuous log
AST-02,549,24.26,0.1,continuous log
AST-02,549.2,24.26,0.1,continuous log
AST-02,549.4,24.27,0.1,continuous log
AST-02,549.6,24.27,0.1,continuous log
AST-02,549.8,24.28,0.1,continuous log
AST-02,550,24.28,0.1,continuous log
AST-02,550.2,24.28,0.1,continuous log
AST-02,550.4,24.29,0.1,continuous log
AST-02,550.6,24.29,0.1,continuous log
AST-02,550.8,24.3,0.1,continuous log
AST-02,551,24.3,0.1,continuous log
AST-02,551.2,24.31,0.1,continuous log
AST-02,551.4,24.31,0.1,continuous log
AST-02,551.6,24.31,0.1,continuous log
AST-02,551.8,24.32,0.1,continuous log
AST-02,552,24.32,0.1,continuous log
AST-02,552.2,24.33,0.1,continuous log
AST-02,552.4,24.33,0.1,continuous log
AST-02,552.6,24.34,0.1,continuous log
AST-02,552.8,24.34,0.1,continuous log
AST-02,553,24.34,0.1,continuous log
AST-02,553.2,24.34,0.1,continuous log
AST-02,553.4,24.34,0.1,continuous log
AST-02,553.6,24.34,0.1,continuous log
AST-02,553.8,24.34,0.1,continuous log
AST-02,554,24.34,0.1,continuous log
AST-02,554.2,24.34,0.1,continuous log
AST-02,554.4,24.34,0.1,continuous log
AST-02,554.6,24.34,0.1,continuous log
AST-02,554.8,24.34,0.1,continuous log
AST-02,555,24.34,0.1,continuous log
AST-02,555.2,24.34,0.1,continuous log
AST-02,555.4,24.34,0.1,continuous log
AST-02,555.6,24.34,0.1,continuous log
AST-02,555.8,24.34,0.1,continuous log
AST-02,556,24.34,0.1,continuous log
AST-02,556.2,24.34,0.1,continuous log
AST-02,556.4,24.34,0.1,continuous log
AST-02,556.6,24.34,0.1,continuous log
AST-02,556.8,24.34,0.1,continuous log
AST-02,557,24.34,0.1,continuous log
AST-02,557.2,24.34,0.1,continuous log
AST-02,557.4,24.34,0.1,continuous log
AST-02,557.6,24.34,0.1,continuous log
AST-02,557.8,24.34,0.1,continuous log
AST-02,558,24.34,0.1,continuous log
AST-02,558.2,24.34,0.1,continuous log
AST-02,558.4,24.34,0.1,continuous log
AST-02,558.6,24.34,0.1,continuous log
AST-02,558.8,24.35,0.1,continuous log
AST-02,559,24.35,0.1,continuous log
AST-02,559.2,24.36,0.1,continuous log
AST-02,559.4,24.36,0.1,continuous log
AST-02,559.6,24.37,0.1,continuous log
AST-02,559.8,24.38,0.1,continuous log
AST-02,560,24.38,0.1,continuous log
AST-02,560.2,24.39,0.1,continuous log
AST-02,560.4,24.39,0.1,continuous log
AST-02,560.6,24.4,0.1,continuous log
AST-02,560.8,24.41,0.1,continuous log
AST-02,561,24.41,0.1,continuous log
AST-02,561.2,24.42,0.1,continuous log
AST-02,561.4,24.42,0.1,continuous log
AST-02,561.6,24.43,0.1,continuous log
AST-02,561.8,24.44,0.1,continuous log
AST-02,562,24.44,0.1,continuous log
AST-02,562.2,24.45,0.1,continuous log
AST-02,562.4,24.46,0.1,continuous log
AST-02,562.6,24.46,0.1,continuous log
AST-02,562.8,24.47,0.1,continuous log
AST-02,563,24.47,0.1,continuous log
AST-02,563.2,24.48,0.1,continuous log
AST-02,563.4,24.49,0.1,continuous log
AST-02,563.6,24.49,0.1,continuous log
AST-02,563.8,24.5,0.1,continuous log
AST-02,564,24.5,0.1,continuous log
AST-02,564.2,24.51,0.1,continuous log
AST-02,564.4,24.52,0.1,continuous log
AST-02,564.6,24.52,0.1,continuous log
AST-02,564.8,24.53,0.1,continuous log
AST-02,565,24.54,0.1,continuous log
AST-02,565.2,24.54,0.1,continuous log
AST-02,565.4,24.55,0.1,continuous log
AST-02,565.6,24.55,0.1,continuous log
AST-02,565.8,24.56,0.1,continuous log
AST-02,566,24.57,0.1,continuous log
AST-02,566.2,24.57,0.1,continuous log
AST-02,566.4,24.58,0.1,continuous log
AST-02,566.6,24.58,0.1,continuous log
AST-02,566.8,24.59,0.1,continuous log
AST-02,567,24.6,0.1,continuous log
AST-02,567.2,24.6,0.1,continuous log
AST-02,567.4,24.61,0.1,continuous log
AST-02,567.6,24.61,0.1,continuous log
AST-02,567.8,24.62,0.1,continuous log
AST-02,568,24.63,0.1,continuous log
AST-02,568.2,24.63,0.1,continuous log
AST-02,568.4,24.64,0.1,continuous log
AST-02,568.6,24.65,0.1,continuous log
AST-02,568.8,24.65,0.1,continuous log
AST-02,569,24.66,0.1,continuous log
AST-02,569.2,24.66,0.1,continuous log
AST-02,569.4,24.67,0.1,continuous log
AST-02,569.6,24.68,0.1,continuous log
AST-02,569.8,24.68,0.1,continuous log
AST-02,570,24.69,0.1,continuous log
AST-02,570.2,24.69,0.1,continuous log
AST-02,570.4,24.7,0.1,continuous log
AST-02,570.6,24.71,0.1,continuous log
AST-02,570.8,24.71,0.1,continuous log
AST-02,571,24.72,0.1,continuous log
AST-02,571.2,24.73,0.1,continuous log
AST-02,571.4,24.73,0.1,continuous log
AST-02,571.6,24.74,0.1,continuous log
AST-02,571.8,24.75,0.1,continuous log
AST-02,572,24.75,0.1,continuous log
AST-02,572.2,24.76,0.1,continuous log
AST-02,572.4,24.77,0.1,continuous log
AST-02,572.6,24.78,0.1,continuous log
AST-02,572.8,24.79,0.1,continuous log
AST-02,573,24.79,0.1,continuous log
AST-02,573.2,24.8,0.1,continuous log
AST-02,573.4,24.81,0.1,continuous log
AST-02,573.6,24.82,0.1,continuous log
AST-02,573.8,24.82,0.1,continuous log
AST-02,574,24.83,0.1,continuous log
AST-02,574.2,24.84,0.1,continuous log
AST-02,574.4,24.85,0.1,continuous log
AST-02,574.6,24.86,0.1,continuous log
AST-02,574.8,24.86,0.1,continuous log
AST-02,575,24.87,0.1,continuous log
AST-02,575.2,24.88,0.1,continuous log
AST-02,575.4,24.89,0.1,continuous log
AST-02,575.6,24.89,0.1,continuous log
AST-02,575.8,24.9,0.1,continuous log
AST-02,576,24.91,0.1,continuous log
AST-02,576.2,24.92,0.1,continuous log
AST-02,576.4,24.92,0.1,continuous log
AST-02,576.6,24.93,0.1,continuous log
AST-02,576.8,24.94,0.1,continuous log
AST-02,577,24.95,0.1,continuous log
AST-02,577.2,24.96,0.1,continuous log
AST-02,577.4,24.96,0.1,continuous log
AST-02,577.6,24.97,0.1,continuous log
AST-02,577.8,24.98,0.1,continuous log
AST-02,578,24.99,0.1,continuous log
AST-02,578.2,24.99,0.1,continuous log
AST-02,578.4,25,0.1,continuous log
AST-02,578.6,25.01,0.1,continuous log
AST-02,578.8,25.02,0.1,continuous log
AST-02,579,25.03,0.1,continuous log
AST-02,579.2,25.03,0.1,continuous log
AST-02,579.4,25.04,0.1,continuous log
AST-02,579.6,25.05,0.1,continuous log
AST-02,579.8,25.06,0.1,continuous log
AST-02,580,25.06,0.1,continuous log
AST-02,580.2,25.07,0.1,continuous log
AST-02,580.4,25.08,0.1,continuous log
AST-02,580.6,25.09,0.1,continuous log
AST-02,580.8,25.1,0.1,continuous log
AST-02,581,25.1,0.1,continuous log
AST-02,581.2,25.11,0.1,continuous log
AST-02,581.4,25.12,0.1,continuous log
AST-02,581.6,25.13,0.1,continuous log
AST-02,581.8,25.13,0.1,continuous log
AST-02,582,25.14,0.1,continuous log
AST-02,582.2,25.15,0.1,continuous log
AST-02,582.4,25.16,0.1,continuous log
AST-02,582.6,25.16,0.1,continuous log
AST-02,582.8,25.17,0.1,continuous log
AST-02,583,25.17,0.1,continuous log
AST-02,583.2,25.17,0.1,continuous log
AST-02,583.4,25.18,0.1,continuous log
AST-02,583.6,25.18,0.1,continuous log
AST-02,583.8,25.19,0.1,continuous log
AST-02,584,25.19,0.1,continuous log
AST-02,584.2,25.2,0.1,continuous log
AST-02,584.4,25.2,0.1,continuous log
AST-02,584.6,25.2,0.1,continuous log
AST-02,584.8,25.21,0.1,continuous log
AST-02,585,25.21,0.1,continuous log
AST-02,585.2,25.22,0.1,continuous log
AST-02,585.4,25.22,0.1,continuous log
AST-02,585.6,25.23,0.1,continuous log
AST-02,585.8,25.23,0.1,continuous log
AST-02,586,25.23,0.1,continuous log
AST-02,586.2,25.24,0.1,continuous log
AST-02,586.4,25.24,0.1,continuous log
AST-02,586.6,25.25,0.1,continuous log
AST-02,586.8,25.25,0.1,continuous log
AST-02,587,25.26,0.1,continuous log
AST-02,587.2,25.26,0.1,continuous log
AST-02,587.4,25.26,0.1,continuous log
AST-02,587.6,25.27,0.1,continuous log
AST-02,587.8,25.27,0.1,continuous log
AST-02,588,25.28,0.1,continuous log
AST-02,588.2,25.28,0.1,continuous log
AST-02,588.4,25.29,0.1,continuous log
AST-02,588.6,25.29,0.1,continuous log
AST-02,588.8,25.3,0.1,continuous log
AST-02,589,25.3,0.1,continuous log
AST-02,589.2,25.3,0.1,continuous log
AST-02,589.4,25.31,0.1,continuous log
AST-02,589.6,25.31,0.1,continuous log
AST-02,589.8,25.32,0.1,continuous log
AST-02,590,25.32,0.1,continuous log
AST-02,590.2,25.33,0.1,continuous log
AST-02,590.4,25.33,0.1,continuous log
AST-02,590.6,25.33,0.1,continuous log
AST-02,590.8,25.34,0.1,continuous log
AST-02,591,25.34,0.1,continuous log
AST-02,591.2,25.35,0.1,continuous log
AST-02,591.4,25.35,0.1,continuous log
AST-02,591.6,25.36,0.1,continuous log
AST-02,591.8,25.36,0.1,continuous log
AST-02,592,25.36,0.1,continuous log
AST-02,592.2,25.37,0.1,continuous log
AST-02,592.4,25.37,0.1,continuous log
AST-02,592.6,25.38,0.1,continuous log
AST-02,592.8,25.38,0.1,continuous log
AST-02,593,25.39,0.1,continuous log
AST-02,593.2,25.39,0.1,continuous log
AST-02,593.4,25.39,0.1,continuous log
AST-02,593.6,25.4,0.1,continuous log
AST-02,593.8,25.4,0.1,continuous log
AST-02,594,25.41,0.1,continuous log
AST-02,594.2,25.41,0.1,continuous log
AST-02,594.4,25.42,0.1,continuous log
AST-02,594.6,25.42,0.1,continuous log
AST-02,594.8,25.42,0.1,continuous log
AST-02,595,25.43,0.1,continuous log
AST-02,595.2,25.43,0.1,continuous log
AST-02,595.4,25.44,0.1,continuous log
AST-02,595.6,25.44,0.1,continuous log
AST-02,595.8,25.45,0.1,continuous log
AST-02,596,25.45,0.1,continuous log
AST-02,596.2,25.45,0.1,continuous log
AST-02,596.4,25.46,0.1,continuous log
AST-02,596.6,25.46,0.1,continuous log
AST-02,596.8,25.47,0.1,continuous log
AST-02,597,25.47,0.1,continuous log
AST-02,597.2,25.48,0.1,continuous log
AST-02,597.4,25.48,0.1,continuous log
AST-02,597.6,25.48,0.1,continuous log
AST-02,597.8,25.49,0.1,continuous log
AST-02,598,25.49,0.1,continuous log
AST-02,598.2,25.5,0.1,continuous log
AST-02,598.4,25.5,0.1,continuous log
AST-02,598.6,25.51,0.1,continuous log
AST-02,598.8,25.51,0.1,continuous log
AST-02,599,25.51,0.1,continuous log
AST-02,599.2,25.52,0.1,continuous log
AST-02,599.4,25.52,0.1,continuous log
AST-02,599.6,25.52,0.1,continuous log
AST-02,599.8,25.53,0.1,continuous log
AST-02,600,25.53,0.1,continuous log
AST-02,600.2,25.53,0.1,continuous log
AST-02,600.4,25.54,0.1,continuous log
AST-02,600.6,25.54,0.1,continuous log
AST-02,600.8,25.54,0.1,continuous log
AST-02,601,25.55,0.1,continuous log
AST-02,601.2,25.55,0.1,continuous log
AST-02,601.4,25.55,0.1,continuous log
AST-02,601.6,25.56,0.1,continuous log
AST-02,601.8,25.56,0.1,continuous log
AST-02,602,25.56,0.1,continuous log
AST-02,602.2,25.57,0.1,continuous log
AST-02,602.4,25.57,0.1,continuous log
AST-02,602.6,25.57,0.1,continuous log
AST-02,602.8,25.58,0.1,continuous log
AST-02,603,25.58,0.1,continuous log
AST-02,603.2,25.58,0.1,continuous log
AST-02,603.4,25.59,0.1,continuous log
AST-02,603.6,25.59,0.1,continuous log
AST-02,603.8,25.6,0.1,continuous log
AST-02,604,25.6,0.1,continuous log
AST-02,604.2,25.6,0.1,continuous log
AST-02,604.4,25.61,0.1,continuous log
AST-02,604.6,25.61,0.1,continuous log
AST-02,604.8,25.61,0.1,continuous log
AST-02,605,25.62,0.1,continuous log
AST-02,605.2,25.62,0.1,continuous log
AST-02,605.4,25.62,0.1,continuous log
AST-02,605.6,25.63,0.1,continuous log
AST-02,605.8,25.64,0.1,continuous log
AST-02,606,25.64,0.1,continuous log
AST-02,606.2,25.65,0.1,continuous log
AST-02,606.4,25.66,0.1,continuous log
AST-02,606.6,25.66,0.1,continuous log
AST-02,606.8,25.67,0.1,continuous log
AST-02,607,25.68,0.1,continuous log
AST-02,607.2,25.68,0.1,continuous log
AST-02,607.4,25.69,0.1,continuous log
AST-02,607.6,25.69,0.1,continuous log
AST-02,607.8,25.7,0.1,continuous log
AST-02,608,25.71,0.1,continuous log
AST-02,608.2,25.71,0.1,continuous log
AST-02,608.4,25.72,0.1,continuous log
AST-02,608.6,25.73,0.1,continuous log
AST-02,608.8,25.73,0.1,continuous log
AST-02,609,25.74,0.1,continuous log
AST-02,609.2,25.74,0.1,continuous log
AST-02,609.4,25.75,0.1,continuous log
AST-02,609.6,25.76,0.1,continuous log
AST-02,609.8,25.76,0.1,continuous log
AST-02,610,25.77,0.1,continuous log
AST-02,610.2,25.78,0.1,continuous log
AST-02,610.4,25.78,0.1,continuous log
AST-02,610.6,25.79,0.1,continuous log
AST-02,610.8,25.79,0.1,continuous log
AST-02,611,25.8,0.1,continuous log
AST-02,611.2,25.81,0.1,continuous log
AST-02,611.4,25.81,0.1,continuous log
AST-02,611.6,25.82,0.1,continuous log
AST-02,611.8,25.83,0.1,continuous log
AST-02,612,25.83,0.1,continuous log
AST-02,612.2,25.84,0.1,continuous log
AST-02,612.4,25.84,0.1,continuous log
AST-02,612.6,25.85,0.1,continuous log
AST-02,612.8,25.86,0.1,continuous log
AST-02,613,25.86,0.1,continuous log
AST-02,613.2,25.87,0.1,continuous log
AST-02,613.4,25.88,0.1,continuous log
AST-02,613.6,25.88,0.1,continuous log
AST-02,613.8,25.89,0.1,continuous log
AST-02,614,25.9,0.1,continuous log
AST-02,614.2,25.9,0.1,continuous log
AST-02,614.4,25.91,0.1,continuous log
AST-02,614.6,25.91,0.1,continuous log
AST-02,614.8,25.92,0.1,continuous log
AST-02,615,25.93,0.1,continuous log
AST-02,615.2,25.93,0.1,continuous log
AST-02,615.4,25.94,0.1,continuous log
AST-02,615.6,25.95,0.1,continuous log
AST-02,615.8,25.95,0.1,continuous log
AST-02,616,25.96,0.1,continuous log
AST-02,616.2,25.96,0.1,continuous log
AST-02,616.4,25.97,0.1,continuous log
AST-02,616.6,25.98,0.1,continuous log
AST-02,616.8,25.98,0.1,continuous log
AST-02,617,25.99,0.1,continuous log
AST-02,617.2,26,0.1,continuous log
AST-02,617.4,26,0.1,continuous log
AST-02,617.6,26.01,0.1,continuous log
AST-02,617.8,26.01,0.1,continuous log
AST-02,618,26.02,0.1,continuous log
AST-02,618.2,26.03,0.1,continuous log
AST-02,618.4,26.03,0.1,continuous log
AST-02,618.6,26.04,0.1,continuous log
AST-02,618.8,26.05,0.1,continuous log
AST-02,619,26.05,0.1,continuous log
AST-02,619.2,26.06,0.1,continuous log
AST-02,619.4,26.06,0.1,continuous log
AST-02,619.6,26.07,0.1,continuous log
AST-02,619.8,26.08,0.1,continuous log
AST-02,620,26.08,0.1,continuous log
AST-02,620.2,26.09,0.1,continuous log
AST-02,620.4,26.09,0.1,continuous log
AST-02,620.6,26.1,0.1,continuous log
AST-02,620.8,26.1,0.1,continuous log
AST-02,621,26.11,0.1,continuous log
AST-02,621.2,26.11,0.1,continuous log
AST-02,621.4,26.12,0.1,continuous log
AST-02,621.6,26.12,0.1,continuous log
AST-02,621.8,26.13,0.1,continuous log
AST-02,622,26.13,0.1,continuous log
AST-02,622.2,26.14,0.1,continuous log
AST-02,622.4,26.14,0.1,continuous log
AST-02,622.6,26.15,0.1,continuous log
AST-02,622.8,26.15,0.1,continuous log
AST-02,623,26.16,0.1,continuous log
AST-02,623.2,26.16,0.1,continuous log
AST-02,623.4,26.17,0.1,continuous log
AST-02,623.6,26.17,0.1,continuous log
AST-02,623.8,26.18,0.1,continuous log
AST-02,624,26.18,0.1,continuous log
AST-02,624.2,26.19,0.1,continuous log
AST-02,624.4,26.19,0.1,continuous log
AST-02,624.6,26.19,0.1,continuous log
AST-02,624.8,26.2,0.1,continuous log
AST-02,625,26.2,0.1,continuous log
AST-02,625.2,26.21,0.1,continuous log
AST-02,625.4,26.21,0.1,continuous log
AST-02,625.6,26.22,0.1,continuous log
AST-02,625.8,26.22,0.1,continuous log
AST-02,626,26.23,0.1,continuous log
AST-02,626.2,26.23,0.1,continuous log
AST-02,626.4,26.24,0.1,continuous log
AST-02,626.6,26.24,0.1,continuous log
AST-02,626.8,26.25,0.1,continuous log
AST-02,627,26.25,0.1,continuous log
AST-02,627.2,26.26,0.1,continuous log
AST-02,627.4,26.26,0.1,continuous log
AST-02,627.6,26.27,0.1,continuous log
AST-02,627.8,26.27,0.1,continuous log
AST-02,628,26.28,0.1,continuous log
AST-02,628.2,26.28,0.1,continuous log
AST-02,628.4,26.29,0.1,continuous log
AST-02,628.6,26.29,0.1,continuous log
AST-02,628.8,26.3,0.1,continuous log
AST-02,629,26.3,0.1,continuous log
AST-02,629.2,26.31,0.1,continuous log
AST-02,629.4,26.31,0.1,continuous log
AST-02,629.6,26.32,0.1,continuous log
AST-02,629.8,26.32,0.1,continuous log
AST-02,630,26.33,0.1,continuous log
AST-02,630.2,26.33,0.1,continuous log
AST-02,630.4,26.33,0.1,continuous log
AST-02,630.6,26.34,0.1,continuous log
AST-02,630.8,26.34,0.1,continuous log
AST-02,631,26.34,0.1,continuous log
AST-02,631.2,26.34,0.1,continuous log
AST-02,631.4,26.35,0.1,continuous log
AST-02,631.6,26.35,0.1,continuous log
AST-02,631.8,26.35,0.1,continuous log
AST-02,632,26.35,0.1,continuous log
AST-02,632.2,26.36,0.1,continuous log
AST-02,632.4,26.36,0.1,continuous log
AST-02,632.6,26.36,0.1,continuous log
AST-02,632.8,26.37,0.1,continuous log
AST-02,633,26.37,0.1,continuous log
AST-02,633.2,26.37,0.1,continuous log
AST-02,633.4,26.37,0.1,continuous log
AST-02,633.6,26.38,0.1,continuous log
AST-02,633.8,26.38,0.1,continuous log
AST-02,634,26.38,0.1,continuous log
AST-02,634.2,26.38,0.1,continuous log
AST-02,634.4,26.39,0.1,continuous log
AST-02,634.6,26.39,0.1,continuous log
AST-02,634.8,26.39,0.1,continuous log
AST-02,635,26.4,0.1,continuous log
AST-02,635.2,26.4,0.1,continuous log
AST-02,635.4,26.4,0.1,continuous log
AST-02,635.6,26.4,0.1,continuous log
AST-02,635.8,26.41,0.1,continuous log
AST-02,636,26.41,0.1,continuous log
AST-02,636.2,26.41,0.1,continuous log
AST-02,636.4,26.41,0.1,continuous log
AST-02,636.6,26.42,0.1,continuous log
AST-02,636.8,26.42,0.1,continuous log
AST-02,637,26.42,0.1,continuous log
AST-02,637.2,26.43,0.1,continuous log
AST-02,637.4,26.43,0.1,continuous log
AST-02,637.6,26.43,0.1,continuous log
AST-02,637.8,26.43,0.1,continuous log
AST-02,638,26.44,0.1,continuous log
AST-02,638.2,26.44,0.1,continuous log
AST-02,638.4,26.45,0.1,continuous log
AST-02,638.6,26.45,0.1,continuous log
AST-02,638.8,26.46,0.1,continuous log
AST-02,639,26.46,0.1,continuous log
AST-02,639.2,26.47,0.1,continuous log
AST-02,639.4,26.47,0.1,continuous log
AST-02,639.6,26.48,0.1,continuous log
AST-02,639.8,26.48,0.1,continuous log
AST-02,640,26.49,0.1,continuous log
AST-02,640.2,26.49,0.1,continuous log
AST-02,640.4,26.5,0.1,continuous log
AST-02,640.6,26.5,0.1,continuous log
AST-02,640.8,26.51,0.1,continuous log
AST-02,641,26.51,0.1,continuous log
AST-02,641.2,26.52,0.1,continuous log
AST-02,641.4,26.52,0.1,continuous log
AST-02,641.6,26.53,0.1,continuous log
AST-02,641.8,26.53,0.1,continuous log
AST-02,642,26.54,0.1,continuous log
AST-02,642.2,26.54,0.1,continuous log
AST-02,642.4,26.55,0.1,continuous log
AST-02,642.6,26.55,0.1,continuous log
AST-02,642.8,26.56,0.1,continuous log
AST-02,643,26.56,0.1,continuous log
AST-02,643.2,26.57,0.1,continuous log
AST-02,643.4,26.57,0.1,continuous log
AST-02,643.6,26.58,0.1,continuous log
AST-02,643.8,26.58,0.1,continuous log
AST-02,644,26.59,0.1,continuous log
AST-02,644.2,26.59,0.1,continuous log
AST-02,644.4,26.6,0.1,continuous log
AST-02,644.6,26.6,0.1,continuous log
AST-02,644.8,26.61,0.1,continuous log
AST-02,645,26.61,0.1,continuous log
AST-02,645.2,26.62,0.1,continuous log
AST-02,645.4,26.62,0.1,continuous log
AST-02,645.6,26.63,0.1,continuous log
AST-02,645.8,26.63,0.1,continuous log
AST-02,646,26.64,0.1,continuous log
AST-02,646.2,26.64,0.1,continuous log
AST-02,646.4,26.65,0.1,continuous log
AST-02,646.6,26.65,0.1,continuous log
AST-02,646.8,26.65,0.1,continuous log
AST-02,647,26.66,0.1,continuous log
AST-02,647.2,26.66,0.1,continuous log
AST-02,647.4,26.67,0.1,continuous log
AST-02,647.6,26.67,0.1,continuous log
AST-02,647.8,26.68,0.1,continuous log
AST-02,648,26.68,0.1,continuous log
AST-02,648.2,26.69,0.1,continuous log
AST-02,648.4,26.69,0.1,continuous log
AST-02,648.6,26.7,0.1,continuous log
AST-02,648.8,26.7,0.1,continuous log
AST-02,649,26.71,0.1,continuous log
AST-02,649.2,26.71,0.1,continuous log
AST-02,649.4,26.72,0.1,continuous log
AST-02,649.6,26.72,0.1,continuous log
AST-02,649.8,26.73,0.1,continuous log
AST-02,650,26.73,0.1,continuous log
AST-02,650.2,26.74,0.1,continuous log
AST-02,650.4,26.74,0.1,continuous log
AST-02,650.6,26.75,0.1,continuous log
AST-02,650.8,26.75,0.1,continuous log
AST-02,651,26.76,0.1,continuous log
AST-02,651.2,26.77,0.1,continuous log
AST-02,651.4,26.78,0.1,continuous log
AST-02,651.6,26.78,0.1,continuous log
AST-02,651.8,26.79,0.1,continuous log
AST-02,652,26.8,0.1,continuous log
AST-02,652.2,26.81,0.1,continuous log
AST-02,652.4,26.81,0.1,continuous log
AST-02,652.6,26.82,0.1,continuous log
AST-02,652.8,26.83,0.1,continuous log
AST-02,653,26.84,0.1,continuous log
AST-02,653.2,26.84,0.1,continuous log
AST-02,653.4,26.85,0.1,continuous log
AST-02,653.6,26.86,0.1,continuous log
AST-02,653.8,26.87,0.1,continuous log
AST-02,654,26.87,0.1,continuous log
AST-02,654.2,26.88,0.1,continuous log
AST-02,654.4,26.89,0.1,continuous log
AST-02,654.6,26.89,0.1,continuous log
AST-02,654.8,26.9,0.1,continuous log
AST-02,655,26.91,0.1,continuous log
AST-02,655.2,26.92,0.1,continuous log
AST-02,655.4,26.92,0.1,continuous log
AST-02,655.6,26.93,0.1,continuous log
AST-02,655.8,26.94,0.1,continuous log
AST-02,656,26.95,0.1,continuous log
AST-02,656.2,26.95,0.1,continuous log
AST-02,656.4,26.96,0.1,continuous log
AST-02,656.6,26.97,0.1,continuous log
AST-02,656.8,26.98,0.1,continuous log
AST-02,657,26.98,0.1,continuous log
AST-02,657.2,26.99,0.1,continuous log
AST-02,657.4,27,0.1,continuous log
AST-02,657.6,27,0.1,continuous log
AST-02,657.8,27.01,0.1,continuous log
AST-02,658,27.02,0.1,continuous log
AST-02,658.2,27.02,0.1,continuous log
AST-02,658.4,27.03,0.1,continuous log
AST-02,658.6,27.04,0.1,continuous log
AST-02,658.8,27.04,0.1,continuous log
AST-02,659,27.05,0.1,continuous log
AST-02,659.2,27.06,0.1,continuous log
AST-02,659.4,27.06,0.1,continuous log
AST-02,659.6,27.07,0.1,continuous log
AST-02,659.8,27.08,0.1,continuous log
AST-02,660,27.08,0.1,continuous log
AST-02,660.2,27.09,0.1,continuous log
AST-02,660.4,27.1,0.1,continuous log
AST-02,660.6,27.1,0.1,continuous log
AST-02,660.8,27.11,0.1,continuous log
AST-02,661,27.12,0.1,continuous log
AST-02,661.2,27.12,0.1,continuous log
AST-02,661.4,27.13,0.1,continuous log
AST-02,661.6,27.14,0.1,continuous log
AST-02,661.8,27.14,0.1,continuous log
AST-02,662,27.15,0.1,continuous log
AST-02,662.2,27.16,0.1,continuous log
AST-02,662.4,27.16,0.1,continuous log
AST-02,662.6,27.17,0.1,continuous log
AST-02,662.8,27.18,0.1,continuous log
AST-02,663,27.18,0.1,continuous log
AST-02,663.2,27.19,0.1,continuous log
AST-02,663.4,27.2,0.1,continuous log
AST-02,663.6,27.2,0.1,continuous log
AST-02,663.8,27.21,0.1,continuous log
AST-02,664,27.22,0.1,continuous log
AST-02,664.2,27.22,0.1,continuous log
AST-02,664.4,27.23,0.1,continuous log
AST-02,664.6,27.24,0.1,continuous log
AST-02,664.8,27.24,0.1,continuous log
AST-02,665,27.25,0.1,continuous log
AST-02,665.2,27.26,0.1,continuous log
AST-02,665.4,27.26,0.1,continuous log
AST-02,665.6,27.27,0.1,continuous log
AST-02,665.8,27.28,0.1,continuous log
AST-02,666,27.28,0.1,continuous log
AST-02,666.2,27.29,0.1,continuous log
AST-02,666.4,27.3,0.1,continuous log
AST-02,666.6,27.3,0.1,continuous log
AST-02,666.8,27.31,0.1,continuous log
AST-02,667,27.32,0.1,continuous log
AST-02,667.2,27.32,0.1,continuous log
AST-02,667.4,27.33,0.1,continuous log
AST-02,667.6,27.34,0.1,continuous log
AST-02,667.8,27.34,0.1,continuous log
AST-02,668,27.35,0.1,continuous log
AST-02,668.2,27.36,0.1,continuous log
AST-02,668.4,27.36,0.1,continuous log
AST-02,668.6,27.37,0.1,continuous log
AST-02,668.8,27.38,0.1,continuous log
AST-02,669,27.38,0.1,continuous log
AST-02,669.2,27.39,0.1,continuous log
AST-02,669.4,27.4,0.1,continuous log
AST-02,669.6,27.4,0.1,continuous log
AST-02,669.8,27.41,0.1,continuous log
AST-02,670,27.42,0.1,continuous log
AST-02,670.2,27.42,0.1,continuous log
AST-02,670.4,27.43,0.1,continuous log
AST-02,670.6,27.44,0.1,continuous log
AST-02,670.8,27.44,0.1,continuous log
AST-02,671,27.45,0.1,continuous log
AST-02,671.2,27.46,0.1,continuous log
AST-02,671.4,27.46,0.1,continuous log
AST-02,671.6,27.47,0.1,continuous log
AST-02,671.8,27.47,0.1,continuous log
AST-02,672,27.48,0.1,continuous log
AST-02,672.2,27.48,0.1,continuous log
AST-02,672.4,27.49,0.1,continuous log
AST-02,672.6,27.49,0.1,continuous log
AST-02,672.8,27.5,0.1,continuous log
AST-02,673,27.5,0.1,continuous log
AST-02,673.2,27.51,0.1,continuous log
AST-02,673.4,27.51,0.1,continuous log
AST-02,673.6,27.52,0.1,continuous log
AST-02,673.8,27.52,0.1,continuous log
AST-02,674,27.53,0.1,continuous log
AST-02,674.2,27.53,0.1,continuous log
AST-02,674.4,27.54,0.1,continuous log
AST-02,674.6,27.54,0.1,continuous log
AST-02,674.8,27.55,0.1,continuous log
AST-02,675,27.55,0.1,continuous log
AST-02,675.2,27.56,0.1,continuous log
AST-02,675.4,27.56,0.1,continuous log
AST-02,675.6,27.57,0.1,continuous log
AST-02,675.8,27.57,0.1,continuous log
AST-02,676,27.58,0.1,continuous log
AST-02,676.2,27.58,0.1,continuous log
AST-02,676.4,27.59,0.1,continuous log
AST-02,676.6,27.59,0.1,continuous log
AST-02,676.8,27.6,0.1,continuous log
AST-02,677,27.6,0.1,continuous log
AST-02,677.2,27.61,0.1,continuous log
AST-02,677.4,27.61,0.1,continuous log
AST-02,677.6,27.62,0.1,continuous log
AST-02,677.8,27.62,0.1,continuous log
AST-02,678,27.63,0.1,continuous log
AST-02,678.2,27.63,0.1,continuous log
AST-02,678.4,27.63,0.1,continuous log
AST-02,678.6,27.64,0.1,continuous log
AST-02,678.8,27.64,0.1,continuous log
AST-02,679,27.65,0.1,continuous log
AST-02,679.2,27.65,0.1,continuous log
AST-02,679.4,27.66,0.1,continuous log
AST-02,679.6,27.66,0.1,continuous log
AST-02,679.8,27.67,0.1,continuous log
AST-02,680,27.67,0.1,continuous log
AST-02,680.2,27.68,0.1,continuous log
AST-02,680.4,27.68,0.1,continuous log
AST-02,680.6,27.69,0.1,continuous log
AST-02,680.8,27.69,0.1,continuous log
AST-02,681,27.7,0.1,continuous log
AST-02,681.2,27.7,0.1,continuous log
AST-02,681.4,27.71,0.1,continuous log
AST-02,681.6,27.71,0.1,continuous log
AST-02,681.8,27.72,0.1,continuous log
AST-02,682,27.72,0.1,continuous log
AST-02,682.2,27.73,0.1,continuous log
AST-02,682.4,27.73,0.1,continuous log
AST-02,682.6,27.74,0.1,continuous log
AST-02,682.8,27.74,0.1,continuous log
AST-02,683,27.75,0.1,continuous log
AST-02,683.2,27.75,0.1,continuous log
AST-02,683.4,27.76,0.1,continuous log
AST-02,683.6,27.76,0.1,continuous log
AST-02,683.8,27.77,0.1,continuous log
AST-02,684,27.77,0.1,continuous log
AST-02,684.2,27.78,0.1,continuous log
AST-02,684.4,27.78,0.1,continuous log
AST-02,684.6,27.79,0.1,continuous log
AST-02,684.8,27.79,0.1,continuous log
AST-02,685,27.8,0.1,continuous log
AST-02,685.2,27.8,0.1,continuous log
AST-02,685.4,27.81,0.1,continuous log
AST-02,685.6,27.81,0.1,continuous log
AST-02,685.8,27.82,0.1,continuous log
AST-02,686,27.82,0.1,continuous log
AST-02,686.2,27.83,0.1,continuous log
AST-02,686.4,27.83,0.1,continuous log
AST-02,686.6,27.84,0.1,continuous log
AST-02,686.8,27.84,0.1,continuous log
AST-02,687,27.85,0.1,continuous log
AST-02,687.2,27.85,0.1,continuous log
AST-02,687.4,27.86,0.1,continuous log
AST-02,687.6,27.86,0.1,continuous log
AST-02,687.8,27.87,0.1,continuous log
AST-02,688,27.87,0.1,continuous log
AST-02,688.2,27.88,0.1,continuous log
AST-02,688.4,27.88,0.1,continuous log
AST-02,688.6,27.89,0.1,continuous log
AST-02,688.8,27.89,0.1,continuous log
AST-02,689,27.9,0.1,continuous log
AST-02,689.2,27.9,0.1,continuous log
AST-02,689.4,27.91,0.1,continuous log
AST-02,689.6,27.91,0.1,continuous log
AST-02,689.8,27.92,0.1,continuous log
AST-02,690,27.93,0.1,continuous log
AST-02,690.2,27.93,0.1,continuous log
AST-02,690.4,27.94,0.1,continuous log
AST-02,690.6,27.95,0.1,continuous log
AST-02,690.8,27.95,0.1,continuous log
AST-02,691,27.96,0.1,continuous log
AST-02,691.2,27.96,0.1,continuous log
AST-02,691.4,27.97,0.1,continuous log
AST-02,691.6,27.98,0.1,continuous log
AST-02,691.8,27.98,0.1,continuous log
AST-02,692,27.99,0.1,continuous log
AST-02,692.2,28,0.1,continuous log
AST-02,692.4,28,0.1,continuous log
AST-02,692.6,28.01,0.1,continuous log
AST-02,692.8,28.02,0.1,continuous log
AST-02,693,28.02,0.1,continuous log
AST-02,693.2,28.03,0.1,continuous log
AST-02,693.4,28.03,0.1,continuous log
AST-02,693.6,28.04,0.1,continuous log
AST-02,693.8,28.05,0.1,continuous log
AST-02,694,28.05,0.1,continuous log
AST-02,694.2,28.06,0.1,continuous log
AST-02,694.4,28.07,0.1,continuous log
AST-02,694.6,28.07,0.1,continuous log
AST-02,694.8,28.08,0.1,continuous log
AST-02,695,28.08,0.1,continuous log
AST-02,695.2,28.09,0.1,continuous log
AST-02,695.4,28.1,0.1,continuous log
AST-02,695.6,28.1,0.1,continuous log
AST-02,695.8,28.11,0.1,continuous log
AST-02,696,28.12,0.1,continuous log
AST-02,696.2,28.12,0.1,continuous log
AST-02,696.4,28.13,0.1,continuous log
AST-02,696.6,28.13,0.1,continuous log
AST-02,696.8,28.14,0.1,continuous log
AST-02,697,28.15,0.1,continuous log
AST-02,697.2,28.15,0.1,continuous log
AST-02,697.4,28.16,0.1,continuous log
AST-02,697.6,28.17,0.1,continuous log
AST-02,697.8,28.17,0.1,continuous log
AST-02,698,28.18,0.1,continuous log
AST-02,698.2,28.19,0.1,continuous log
AST-02,698.4,28.19,0.1,continuous log
AST-02,698.6,28.2,0.1,continuous log
AST-02,698.8,28.2,0.1,continuous log
AST-02,699,28.21,0.1,continuous log
AST-02,699.2,28.22,0.1,continuous log
AST-02,699.4,28.22,0.1,continuous log
AST-02,699.6,28.23,0.1,continuous log
AST-02,699.8,28.24,0.1,continuous log
AST-02,700,28.24,0.1,continuous log
AST-02,700.2,28.25,0.1,continuous log
AST-02,700.4,28.25,0.1,continuous log
AST-02,700.6,28.26,0.1,continuous log
AST-02,700.8,28.27,0.1,continuous log
AST-02,701,28.27,0.1,continuous log
AST-02,701.2,28.28,0.1,continuous log
AST-02,701.4,28.29,0.1,continuous log
AST-02,701.6,28.29,0.1,continuous log
AST-02,701.8,28.3,0.1,continuous log
AST-02,702,28.3,0.1,continuous log
AST-02,702.2,28.31,0.1,continuous log
AST-02,702.4,28.32,0.1,continuous log
AST-02,702.6,28.32,0.1,continuous log
AST-02,702.8,28.33,0.1,continuous log
AST-02,703,28.34,0.1,continuous log
AST-02,703.2,28.34,0.1,continuous log
AST-02,703.4,28.35,0.1,continuous log
AST-02,703.6,28.35,0.1,continuous log
AST-02,703.8,28.36,0.1,continuous log
AST-02,704,28.37,0.1,continuous log
AST-02,704.2,28.37,0.1,continuous log
AST-02,704.4,28.38,0.1,continuous log
AST-02,704.6,28.39,0.1,continuous log
AST-02,704.8,28.39,0.1,continuous log
AST-02,705,28.4,0.1,continuous log
AST-02,705.2,28.4,0.1,continuous log
AST-02,705.4,28.41,0.1,continuous log
AST-02,705.6,28.42,0.1,continuous log
AST-02,705.8,28.42,0.1,continuous log
AST-02,706,28.43,0.1,continuous log
AST-02,706.2,28.44,0.1,continuous log
AST-02,706.4,28.44,0.1,continuous log
AST-02,706.6,28.45,0.1,continuous log
AST-02,706.8,28.45,0.1,continuous log
AST-02,707,28.46,0.1,continuous log
AST-02,707.2,28.47,0.1,continuous log
AST-02,707.4,28.47,0.1,continuous log
AST-02,707.6,28.48,0.1,continuous log
AST-02,707.8,28.49,0.1,continuous log
AST-02,708,28.49,0.1,continuous log
AST-02,708.2,28.5,0.1,continuous log
AST-02,708.4,28.5,0.1,continuous log
AST-02,708.6,28.51,0.1,continuous log
AST-02,708.8,28.52,0.1,continuous log
AST-02,709,28.52,0.1,continuous log
AST-02,709.2,28.53,0.1,continuous log
AST-02,709.4,28.54,0.1,continuous log
AST-02,709.6,28.54,0.1,continuous log
AST-02,709.8,28.55,0.1,continuous log
AST-02,710,28.55,0.1,continuous log
AST-02,710.2,28.56,0.1,continuous log
AST-02,710.4,28.57,0.1,continuous log
AST-02,710.6,28.57,0.1,continuous log
AST-02,710.8,28.58,0.1,continuous log
AST-02,711,28.59,0.1,continuous log
AST-02,711.2,28.59,0.1,continuous log
AST-02,711.4,28.6,0.1,continuous log
AST-02,711.6,28.6,0.1,continuous log
AST-02,711.8,28.61,0.1,continuous log
AST-02,712,28.62,0.1,continuous log
AST-02,712.2,28.62,0.1,continuous log
AST-02,712.4,28.63,0.1,continuous log
AST-02,712.6,28.64,0.1,continuous log
AST-02,712.8,28.64,0.1,continuous log
AST-02,713,28.65,0.1,continuous log
AST-02,713.2,28.65,0.1,continuous log
AST-02,713.4,28.66,0.1,continuous log
AST-02,713.6,28.67,0.1,continuous log
AST-02,713.8,28.67,0.1,continuous log
AST-02,714,28.68,0.1,continuous log
AST-02,714.2,28.69,0.1,continuous log
AST-02,714.4,28.69,0.1,continuous log
AST-02,714.6,28.7,0.1,continuous log
AST-02,714.8,28.71,0.1,continuous log
AST-02,715,28.72,0.1,continuous log
AST-02,715.2,28.72,0.1,continuous log
AST-02,715.4,28.73,0.1,continuous log
AST-02,715.6,28.74,0.1,continuous log
AST-02,715.8,28.74,0.1,continuous log
AST-02,716,28.75,0.1,continuous log
AST-02,716.2,28.76,0.1,continuous log
AST-02,716.4,28.76,0.1,continuous log
AST-02,716.6,28.77,0.1,continuous log
AST-02,716.8,28.78,0.1,continuous log
AST-02,717,28.79,0.1,continuous log
AST-02,717.2,28.79,0.1,continuous log
AST-02,717.4,28.8,0.1,continuous log
AST-02,717.6,28.81,0.1,continuous log
AST-02,717.8,28.81,0.1,continuous log
AST-02,718,28.82,0.1,continuous log
AST-02,718.2,28.83,0.1,continuous log
AST-02,718.4,28.83,0.1,continuous log
AST-02,718.6,28.84,0.1,continuous log
AST-02,718.8,28.85,0.1,continuous log
AST-02,719,28.86,0.1,continuous log
AST-02,719.2,28.86,0.1,continuous log
AST-02,719.4,28.87,0.1,continuous log
AST-02,719.6,28.88,0.1,continuous log
AST-02,719.8,28.88,0.1,continuous log
AST-02,720,28.89,0.1,continuous log
AST-02,720.2,28.9,0.1,continuous log
AST-02,720.4,28.9,0.1,continuous log
AST-02,720.6,28.91,0.1,continuous log
AST-02,720.8,28.92,0.1,continuous log
AST-02,721,28.93,0.1,continuous log
AST-02,721.2,28.93,0.1,continuous log
AST-02,721.4,28.94,0.1,continuous log
AST-02,721.6,28.95,0.1,continuous log
AST-02,721.8,28.95,0.1,continuous log
AST-02,722,28.96,0.1,continuous log
AST-02,722.2,28.97,0.1,continuous log
AST-02,722.4,28.97,0.1,continuous log
AST-02,722.6,28.98,0.1,continuous log
AST-02,722.8,28.99,0.1,continuous log
AST-02,723,29,0.1,continuous log
AST-02,723.2,29,0.1,continuous log
AST-02,723.4,29.01,0.1,continuous log
AST-02,723.6,29.02,0.1,continuous log
AST-02,723.8,29.02,0.1,continuous log
AST-02,724,29.03,0.1,continuous log
AST-02,724.2,29.04,0.1,continuous log
AST-02,724.4,29.04,0.1,continuous log
AST-02,724.6,29.05,0.1,continuous log
AST-02,724.8,29.06,0.1,continuous log
AST-02,725,29.06,0.1,continuous log
AST-02,725.2,29.06,0.1,continuous log
AST-02,725.4,29.06,0.1,continuous log
AST-02,725.6,29.06,0.1,continuous log
AST-02,725.8,29.06,0.1,continuous log
AST-02,726,29.06,0.1,continuous log
AST-02,726.2,29.06,0.1,continuous log
AST-02,726.4,29.06,0.1,continuous log
AST-02,726.6,29.06,0.1,continuous log
AST-02,726.8,29.06,0.1,continuous log
AST-02,727,29.06,0.1,continuous log
AST-02,727.2,29.06,0.1,continuous log
AST-02,727.4,29.06,0.1,continuous log
AST-02,727.6,29.06,0.1,continuous log
AST-02,727.8,29.06,0.1,continuous log
AST-02,728,29.06,0.1,continuous log
AST-02,728.2,29.1,0.1,continuous log
AST-02,728.4,29.1,0.1,continuous log
AST-02,728.6,29.13,0.1,continuous log
AST-02,728.8,29.1,0.1,continuous log
AST-02,729,29.1,0.1,continuous log
AST-02,729.2,29.1,0.1,continuous log
AST-02,729.4,29.1,0.1,continuous log
AST-02,729.6,29.1,0.1,continuous log
AST-02,729.8,29.1,0.1,continuous log
AST-02,730,29.1,0.1,continuous log
AST-02,730.2,29.13,0.1,continuous log
AST-02,730.4,29.13,0.1,continuous log
AST-02,730.6,29.17,0.1,continuous log
AST-02,730.8,29.17,0.1,continuous log
AST-02,731,29.17,0.1,continuous log
AST-02,731.2,29.17,0.1,continuous log
AST-02,731.4,29.17,0.1,continuous log
AST-02,731.6,29.17,0.1,continuous log
AST-02,731.8,29.16,0.1,continuous log
AST-02,732,29.17,0.1,continuous log
AST-02,732.2,29.17,0.1,continuous log
AST-02,732.4,29.17,0.1,continuous log
AST-02,732.6,29.17,0.1,continuous log
AST-02,732.8,29.19,0.1,continuous log
AST-02,733,29.21,0.1,continuous log
AST-02,733.2,29.21,0.1,continuous log
AST-02,733.4,29.21,0.1,continuous log
AST-02,733.6,29.21,0.1,continuous log
AST-02,733.8,29.21,0.1,continuous log
AST-02,734,29.21,0.1,continuous log
AST-02,734.2,29.21,0.1,continuous log
AST-02,734.4,29.21,0.1,continuous log
AST-02,734.6,29.12,0.1,continuous log
AST-02,734.8,29.17,0.1,continuous log
AST-02,735,29.22,0.1,continuous log
AST-02,735.2,29.27,0.1,continuous log
AST-02,735.4,29.24,0.1,continuous log
AST-02,735.6,29.24,0.1,continuous log
AST-02,735.8,29.24,0.1,continuous log
AST-02,736,29.24,0.1,continuous log
AST-02,736.2,29.24,0.1,continuous log
AST-02,736.4,29.24,0.1,continuous log
AST-02,736.6,29.24,0.1,continuous log
AST-02,736.8,29.24,0.1,continuous log
AST-02,737,29.24,0.1,continuous log
AST-02,737.2,29.24,0.1,continuous log
AST-02,737.4,29.24,0.1,continuous log
AST-02,737.6,29.24,0.1,continuous log
AST-02,737.8,29.24,0.1,continuous log
AST-02,738,29.24,0.1,continuous log
AST-02,738.2,29.27,0.1,continuous log
AST-02,738.4,29.31,0.1,continuous log
AST-02,738.6,29.31,0.1,continuous log
AST-02,738.8,29.31,0.1,continuous log
AST-02,739,29.31,0.1,continuous log
AST-02,739.2,29.31,0.1,continuous log
AST-02,739.4,29.31,0.1,continuous log
AST-02,739.6,29.31,0.1,continuous log
AST-02,739.8,29.31,0.1,continuous log
AST-02,740,29.31,0.1,continuous log
AST-02,740.2,29.31,0.1,continuous log
AST-02,740.4,29.32,0.1,continuous log
AST-02,740.6,29.35,0.1,continuous log
AST-02,740.8,29.35,0.1,continuous log
AST-02,741,29.35,0.1,continuous log
AST-02,741.2,29.35,0.1,continuous log
AST-02,741.4,29.35,0.1,continuous log
AST-02,741.6,29.35,0.1,continuous log
AST-02,741.8,29.35,0.1,continuous log
AST-02,742,29.35,0.1,continuous log
AST-02,742.2,29.35,0.1,continuous log
AST-02,742.4,29.38,0.1,continuous log
AST-02,742.6,29.42,0.1,continuous log
AST-02,742.8,29.42,0.1,continuous log
AST-02,743,29.42,0.1,continuous log
AST-02,743.2,29.42,0.1,continuous log
AST-02,743.4,29.42,0.1,continuous log
AST-02,743.6,29.42,0.1,continuous log
AST-02,743.8,29.42,0.1,continuous log
AST-02,744,29.38,0.1,continuous log
AST-02,744.2,29.4,0.1,continuous log
AST-02,744.4,29.42,0.1,continuous log
AST-02,744.6,29.41,0.1,continuous log
AST-02,744.8,29.38,0.1,continuous log
AST-02,745,29.38,0.1,continuous log
AST-02,745.2,29.38,0.1,continuous log
AST-02,745.4,29.41,0.1,continuous log
AST-02,745.6,29.42,0.1,continuous log
AST-02,745.8,29.45,0.1,continuous log
AST-02,746,29.45,0.1,continuous log
AST-02,746.2,29.45,0.1,continuous log
AST-02,746.4,29.45,0.1,continuous log
AST-02,746.6,29.45,0.1,continuous log
AST-02,746.8,29.45,0.1,continuous log
AST-02,747,29.45,0.1,continuous log
AST-02,747.2,29.45,0.1,continuous log
AST-02,747.4,29.45,0.1,continuous log
AST-02,747.6,29.45,0.1,continuous log
AST-02,747.8,29.45,0.1,continuous log
AST-02,748,29.45,0.1,continuous log
AST-02,748.2,29.45,0.1,continuous log
AST-02,748.4,29.45,0.1,continuous log
AST-02,748.6,29.45,0.1,continuous log
AST-02,748.8,29.45,0.1,continuous log
AST-02,749,29.45,0.1,continuous log
AST-02,749.2,29.45,0.1,continuous log
AST-02,749.4,29.45,0.1,continuous log
AST-02,749.6,29.47,0.1,continuous log
AST-02,749.8,29.51,0.1,continuous log
AST-02,750,29.55,0.1,continuous log
AST-02,750.2,29.6,0.1,continuous log
AST-02,750.4,29.64,0.1,continuous log
AST-02,750.6,29.69,0.1,continuous log
AST-02,750.8,29.74,0.1,continuous log
AST-02,751,29.76,0.1,continuous log
AST-02,751.2,29.77,0.1,continuous log
AST-02,751.4,29.77,0.1,continuous log
AST-02,751.6,29.77,0.1,continuous log
AST-02,751.8,29.77,0.1,continuous log
AST-02,752,29.77,0.1,continuous log
AST-02,752.2,29.77,0.1,continuous log
AST-02,752.4,29.77,0.1,continuous log
AST-02,752.6,29.77,0.1,continuous log
AST-02,752.8,29.78,0.1,continuous log
AST-02,753,29.81,0.1,continuous log
AST-02,753.2,29.83,0.1,continuous log
AST-02,753.4,29.77,0.1,continuous log
AST-02,753.6,29.77,0.1,continuous log
AST-02,753.8,29.77,0.1,continuous log
AST-02,754,29.77,0.1,continuous log
AST-02,754.2,29.77,0.1,continuous log
AST-02,754.4,29.77,0.1,continuous log
AST-02,754.6,29.78,0.1,continuous log
AST-02,754.8,29.79,0.1,continuous log
AST-02,755,29.8,0.1,continuous log
AST-02,755.2,29.81,0.1,continuous log
AST-02,755.4,29.84,0.1,continuous log
AST-02,755.6,29.84,0.1,continuous log
AST-02,755.8,29.84,0.1,continuous log
AST-02,756,29.84,0.1,continuous log
AST-02,756.2,29.84,0.1,continuous log
AST-02,756.4,29.84,0.1,continuous log
AST-02,756.6,29.84,0.1,continuous log
AST-02,756.8,29.84,0.1,continuous log
AST-02,757,29.84,0.1,continuous log
AST-02,757.2,29.83,0.1,continuous log
AST-02,757.4,29.84,0.1,continuous log
AST-02,757.6,29.84,0.1,continuous log
AST-02,757.8,29.84,0.1,continuous log
AST-02,758,29.84,0.1,continuous log
AST-02,758.2,29.84,0.1,continuous log
AST-02,758.4,29.84,0.1,continuous log
AST-02,758.6,29.85,0.1,continuous log
AST-02,758.8,29.88,0.1,continuous log
AST-02,759,29.88,0.1,continuous log
AST-02,759.2,29.88,0.1,continuous log
AST-02,759.4,29.88,0.1,continuous log
AST-02,759.6,29.88,0.1,continuous log
AST-02,759.8,29.88,0.1,continuous log
AST-02,760,29.88,0.1,continuous log
AST-02,760.2,29.88,0.1,continuous log
AST-02,760.4,29.88,0.1,continuous log
AST-02,760.6,29.88,0.1,continuous log
AST-02,760.8,29.88,0.1,continuous log
AST-02,761,29.88,0.1,continuous log
AST-02,761.2,29.92,0.1,continuous log
AST-02,761.4,29.92,0.1,continuous log
AST-02,761.6,29.95,0.1,continuous log
AST-02,761.8,29.95,0.1,continuous log
AST-02,762,29.95,0.1,continuous log
AST-02,762.2,29.92,0.1,continuous log
AST-02,762.4,29.92,0.1,continuous log
AST-02,762.6,29.95,0.1,continuous log
AST-02,762.8,29.92,0.1,continuous log
AST-02,763,29.92,0.1,continuous log
AST-02,763.2,29.92,0.1,continuous log
AST-02,763.4,29.93,0.1,continuous log
AST-02,763.6,29.92,0.1,continuous log
AST-02,763.8,29.92,0.1,continuous log
AST-02,764,29.95,0.1,continuous log
AST-02,764.2,29.95,0.1,continuous log
AST-02,764.4,29.99,0.1,continuous log
AST-02,764.6,29.99,0.1,continuous log
AST-02,764.8,29.99,0.1,continuous log
AST-02,765,29.99,0.1,continuous log
AST-02,765.2,29.99,0.1,continuous log
AST-02,765.4,29.99,0.1,continuous log
AST-02,765.6,29.97,0.1,continuous log
AST-02,765.8,29.99,0.1,continuous log
AST-02,766,29.99,0.1,continuous log
AST-02,766.2,29.99,0.1,continuous log
AST-02,766.4,30.02,0.1,continuous log
AST-02,766.6,30.02,0.1,continuous log
AST-02,766.8,30.02,0.1,continuous log
AST-02,767,30.05,0.1,continuous log
AST-02,767.2,30.04,0.1,continuous log
AST-02,767.4,30.02,0.1,continuous log
AST-02,767.6,30.06,0.1,continuous log
AST-02,767.8,30.03,0.1,continuous log
AST-02,768,30.02,0.1,continuous log
AST-02,768.2,30.02,0.1,continuous log
AST-02,768.4,30.05,0.1,continuous log
AST-02,768.6,30.06,0.1,continuous log
AST-02,768.8,30.07,0.1,continuous log
AST-02,769,30.09,0.1,continuous log
AST-02,769.2,30.09,0.1,continuous log
AST-02,769.4,30.15,0.1,continuous log
AST-02,769.6,30.16,0.1,continuous log
AST-02,769.8,30.15,0.1,continuous log
AST-02,770,30.14,0.1,continuous log
AST-02,770.2,30.13,0.1,continuous log
AST-02,770.4,30.09,0.1,continuous log
AST-02,770.6,30.13,0.1,continuous log
AST-02,770.8,30.13,0.1,continuous log
AST-02,771,30.13,0.1,continuous log
AST-02,771.2,30.16,0.1,continuous log
AST-02,771.4,30.16,0.1,continuous log
AST-02,771.6,30.16,0.1,continuous log
AST-02,771.8,30.18,0.1,continuous log
AST-02,772,30.2,0.1,continuous log
AST-02,772.2,30.2,0.1,continuous log
AST-02,772.4,30.2,0.1,continuous log
AST-02,772.6,30.2,0.1,continuous log
AST-02,772.8,30.21,0.1,continuous log
AST-02,773,30.21,0.1,continuous log
AST-02,773.2,30.24,0.1,continuous log
AST-02,773.4,30.25,0.1,continuous log
AST-02,773.6,30.24,0.1,continuous log
AST-02,773.8,30.27,0.1,continuous log
AST-02,774,30.24,0.1,continuous log
AST-02,774.2,30.24,0.1,continuous log
AST-02,774.4,30.24,0.1,continuous log
AST-02,774.6,30.25,0.1,continuous log
AST-02,774.8,30.27,0.1,continuous log
AST-02,775,30.28,0.1,continuous log
AST-02,775.2,30.3,0.1,continuous log
AST-02,775.4,30.32,0.1,continuous log
AST-02,775.6,30.34,0.1,continuous log
AST-02,775.8,30.31,0.1,continuous log
AST-02,776,30.31,0.1,continuous log
AST-02,776.2,30.31,0.1,continuous log
AST-02,776.4,30.31,0.1,continuous log
AST-02,776.6,30.34,0.1,continuous log
AST-02,776.8,30.34,0.1,continuous log
AST-02,777,30.34,0.1,continuous log
AST-02,777.2,30.34,0.1,continuous log
AST-02,777.4,30.38,0.1,continuous log
AST-02,777.6,30.38,0.1,continuous log
AST-02,777.8,30.38,0.1,continuous log
AST-02,778,30.38,0.1,continuous log
AST-02,778.2,30.37,0.1,continuous log
AST-02,778.4,30.38,0.1,continuous log
AST-02,778.6,30.38,0.1,continuous log
AST-02,778.8,30.41,0.1,continuous log
AST-02,779,30.42,0.1,continuous log
AST-02,779.2,30.41,0.1,continuous log
AST-02,779.4,30.41,0.1,continuous log
AST-02,779.6,30.41,0.1,continuous log
AST-02,779.8,30.41,0.1,continuous log
AST-02,780,30.41,0.1,continuous log
AST-02,780.2,30.41,0.1,continuous log
AST-02,780.4,30.41,0.1,continuous log
AST-02,780.6,30.41,0.1,continuous log
AST-02,780.8,30.41,0.1,continuous log
AST-02,781,30.41,0.1,continuous log
AST-02,781.2,30.41,0.1,continuous log
AST-02,781.4,30.41,0.1,continuous log
AST-02,781.6,30.45,0.1,continuous log
AST-02,781.8,30.45,0.1,continuous log
AST-02,782,30.45,0.1,continuous log
AST-02,782.2,30.48,0.1,continuous log
AST-02,782.4,30.48,0.1,continuous log
AST-02,782.6,30.45,0.1,continuous log
AST-02,782.8,30.45,0.1,continuous log
AST-02,783,30.45,0.1,continuous log
AST-02,783.2,30.45,0.1,continuous log
AST-02,783.4,30.45,0.1,continuous log
AST-02,783.6,30.45,0.1,continuous log
AST-02,783.8,30.45,0.1,continuous log
AST-02,784,30.45,0.1,continuous log
AST-02,784.2,30.46,0.1,continuous log
AST-02,784.4,30.48,0.1,continuous log
AST-02,784.6,30.49,0.1,continuous log
AST-02,784.8,30.5,0.1,continuous log
AST-02,785,30.51,0.1,continuous log
AST-02,785.2,30.52,0.1,continuous log
AST-02,785.4,30.5,0.1,continuous log
AST-02,785.6,30.52,0.1,continuous log
AST-02,785.8,30.52,0.1,continuous log
AST-02,786,30.52,0.1,continuous log
AST-02,786.2,30.48,0.1,continuous log
AST-02,786.4,30.52,0.1,continuous log
AST-02,786.6,30.52,0.1,continuous log
AST-02,786.8,30.53,0.1,continuous log
AST-02,787,30.55,0.1,continuous log
AST-02,787.2,30.56,0.1,continuous log
AST-02,787.4,30.55,0.1,continuous log
AST-02,787.6,30.55,0.1,continuous log
AST-02,787.8,30.55,0.1,continuous log
AST-02,788,30.55,0.1,continuous log
AST-02,788.2,30.55,0.1,continuous log
AST-02,788.4,30.58,0.1,continuous log
AST-02,788.6,30.58,0.1,continuous log
AST-02,788.8,30.59,0.1,continuous log
AST-02,789,30.59,0.1,continuous log
AST-02,789.2,30.59,0.1,continuous log
AST-02,789.4,30.59,0.1,continuous log
AST-02,789.6,30.59,0.1,continuous log
AST-02,789.8,30.59,0.1,continuous log
AST-02,790,30.59,0.1,continuous log
AST-02,790.2,30.59,0.1,continuous log
AST-02,790.4,30.59,0.1,continuous log
AST-02,790.6,30.63,0.1,continuous log
AST-02,790.8,30.63,0.1,continuous log
AST-02,791,30.66,0.1,continuous log
AST-02,791.2,30.66,0.1,continuous log
AST-02,791.4,30.66,0.1,continuous log
AST-02,791.6,30.64,0.1,continuous log
AST-02,791.8,30.66,0.1,continuous log
AST-02,792,30.63,0.1,continuous log
AST-02,792.2,30.66,0.1,continuous log
AST-02,792.4,30.66,0.1,continuous log
AST-02,792.6,30.66,0.1,continuous log
AST-02,792.8,30.66,0.1,continuous log
AST-02,793,30.66,0.1,continuous log
AST-02,793.2,30.7,0.1,continuous log
AST-02,793.4,30.7,0.1,continuous log
AST-02,793.6,30.7,0.1,continuous log
AST-02,793.8,30.7,0.1,continuous log
AST-02,794,30.7,0.1,continuous log
AST-02,794.2,30.7,0.1,continuous log
AST-02,794.4,30.7,0.1,continuous log
AST-02,794.6,30.7,0.1,continuous log
AST-02,794.8,30.7,0.1,continuous log
AST-02,795,30.7,0.1,continuous log
AST-02,795.2,30.7,0.1,continuous log
AST-02,795.4,30.7,0.1,continuous log
AST-02,795.6,30.7,0.1,continuous log
AST-02,795.8,30.7,0.1,continuous log
AST-02,796,30.7,0.1,continuous log
AST-02,796.2,30.7,0.1,continuous log
AST-02,796.4,30.73,0.1,continuous log
AST-02,796.6,30.73,0.1,continuous log
AST-02,796.8,30.73,0.1,continuous log
AST-02,797,30.73,0.1,continuous log
AST-02,797.2,30.73,0.1,continuous log
AST-02,797.4,30.73,0.1,continuous log
AST-02,797.6,30.73,0.1,continuous log
AST-02,797.8,30.73,0.1,continuous log
AST-02,798,30.73,0.1,continuous log
AST-02,798.2,30.73,0.1,continuous log
AST-02,798.4,30.73,0.1,continuous log
AST-02,798.6,30.73,0.1,continuous log
AST-02,798.8,30.73,0.1,continuous log
AST-02,799,30.73,0.1,continuous log
AST-02,799.2,30.73,0.1,continuous log
AST-02,799.4,30.73,0.1,continuous log
AST-02,799.6,30.73,0.1,continuous log
AST-02,799.8,30.73,0.1,continuous log
AST-02,800,30.73,0.1,continuous log
AST-02,800.2,30.73,0.1,continuous log
AST-02,800.4,30.73,0.1,continuous log
AST-02,800.6,30.76,0.1,continuous log
AST-02,800.8,30.77,0.1,continuous log
AST-02,801,30.77,0.1,continuous log
AST-02,801.2,30.8,0.1,continuous log
AST-02,801.4,30.8,0.1,continuous log
AST-02,801.6,30.82,0.1,continuous log
AST-02,801.8,30.84,0.1,continuous log
AST-02,802,30.89,0.1,continuous log
AST-02,802.2,30.91,0.1,continuous log
AST-02,802.4,30.95,0.1,continuous log
AST-02,802.6,30.96,0.1,continuous log
AST-02,802.8,30.98,0.1,continuous log
AST-02,803,31.03,0.1,continuous log
AST-02,803.2,31.05,0.1,continuous log
AST-02,803.4,31.05,0.1,continuous log
AST-02,803.6,31.06,0.1,continuous log
AST-02,803.8,31.08,0.1,continuous log
AST-02,804,31.1,0.1,continuous log
AST-02,804.2,31.11,0.1,continuous log
AST-02,804.4,31.13,0.1,continuous log
AST-02,804.6,31.15,0.1,continuous log
AST-02,804.8,31.17,0.1,continuous log
AST-02,805,31.19,0.1,continuous log
AST-02,805.2,31.21,0.1,continuous log
AST-02,805.4,31.23,0.1,continuous log
AST-02,805.6,31.25,0.1,continuous log
AST-02,805.8,31.27,0.1,continuous log
AST-02,806,31.29,0.1,continuous log
AST-02,806.2,31.3,0.1,continuous log
AST-02,806.4,31.29,0.1,continuous log
AST-02,806.6,31.3,0.1,continuous log
AST-02,806.8,31.3,0.1,continuous log
AST-02,807,31.3,0.1,continuous log
AST-02,807.2,31.3,0.1,continuous log
AST-02,807.4,31.33,0.1,continuous log
AST-02,807.6,31.34,0.1,continuous log
AST-02,807.8,31.34,0.1,continuous log
AST-02,808,31.34,0.1,continuous log
AST-02,808.2,31.34,0.1,continuous log
AST-02,808.4,31.34,0.1,continuous log
AST-02,808.6,31.34,0.1,continuous log
AST-02,808.8,31.35,0.1,continuous log
AST-02,809,31.35,0.1,continuous log
AST-02,809.2,31.35,0.1,continuous log
AST-02,809.4,31.35,0.1,continuous log
AST-02,809.6,31.35,0.1,continuous log
AST-02,809.8,31.36,0.1,continuous log
AST-02,810,31.36,0.1,continuous log
AST-02,810.2,31.36,0.1,continuous log
AST-02,810.4,31.36,0.1,continuous log
AST-02,810.6,31.36,0.1,continuous log
AST-02,810.8,31.37,0.1,continuous log
AST-02,811,31.37,0.1,continuous log
AST-02,811.2,31.37,0.1,continuous log
AST-02,811.4,31.37,0.1,continuous log
AST-02,811.6,31.41,0.1,continuous log
AST-02,811.8,31.41,0.1,continuous log
AST-02,812,31.41,0.1,continuous log
AST-02,812.2,31.41,0.1,continuous log
AST-02,812.4,31.41,0.1,continuous log
AST-02,812.6,31.41,0.1,continuous log
AST-02,812.8,31.41,0.1,continuous log
AST-02,813,31.41,0.1,continuous log
AST-02,813.2,31.44,0.1,continuous log
AST-02,813.4,31.43,0.1,continuous log
AST-02,813.6,31.41,0.1,continuous log
AST-02,813.8,31.44,0.1,continuous log
AST-02,814,31.44,0.1,continuous log
AST-02,814.2,31.44,0.1,continuous log
AST-02,814.4,31.48,0.1,continuous log
AST-02,814.6,31.45,0.1,continuous log
AST-02,814.8,31.43,0.1,continuous log
AST-02,815,31.41,0.1,continuous log
AST-02,815.2,31.44,0.1,continuous log
AST-02,815.4,31.48,0.1,continuous log
AST-02,815.6,31.48,0.1,continuous log
AST-02,815.8,31.48,0.1,continuous log
AST-02,816,31.48,0.1,continuous log
AST-02,816.2,31.48,0.1,continuous log
AST-02,816.4,31.48,0.1,continuous log
AST-02,816.6,31.48,0.1,continuous log
AST-02,816.8,31.48,0.1,continuous log
AST-02,817,31.48,0.1,continuous log
AST-02,817.2,31.51,0.1,continuous log
AST-02,817.4,31.55,0.1,continuous log
AST-02,817.6,31.55,0.1,continuous log
AST-02,817.8,31.55,0.1,continuous log
AST-02,818,31.55,0.1,continuous log
AST-02,818.2,31.51,0.1,continuous log
AST-02,818.4,31.55,0.1,continuous log
AST-02,818.6,31.55,0.1,continuous log
AST-02,818.8,31.53,0.1,continuous log
AST-02,819,31.55,0.1,continuous log
AST-02,819.2,31.55,0.1,continuous log
AST-02,819.4,31.55,0.1,continuous log
AST-02,819.6,31.56,0.1,continuous log
AST-02,819.8,31.58,0.1,continuous log
AST-02,820,31.58,0.1,continuous log
AST-02,820.2,31.58,0.1,continuous log
AST-02,820.4,31.58,0.1,continuous log
AST-02,820.6,31.58,0.1,continuous log
AST-02,820.8,31.58,0.1,continuous log
AST-02,821,31.58,0.1,continuous log
AST-02,821.2,31.59,0.1,continuous log
AST-02,821.4,31.64,0.1,continuous log
AST-02,821.6,31.66,0.1,continuous log
AST-02,821.8,31.66,0.1,continuous log
AST-02,822,31.66,0.1,continuous log
AST-02,822.2,31.66,0.1,continuous log
AST-02,822.4,31.64,0.1,continuous log
AST-02,822.6,31.65,0.1,continuous log
AST-02,822.8,31.66,0.1,continuous log
AST-02,823,31.66,0.1,continuous log
AST-02,823.2,31.69,0.1,continuous log
AST-02,823.4,31.69,0.1,continuous log
AST-02,823.6,31.69,0.1,continuous log
AST-02,823.8,31.69,0.1,continuous log
AST-02,824,31.69,0.1,continuous log
AST-02,824.2,31.69,0.1,continuous log
AST-02,824.4,31.73,0.1,continuous log
AST-02,824.6,31.74,0.1,continuous log
AST-02,824.8,31.74,0.1,continuous log
AST-02,825,31.75,0.1,continuous log
AST-02,825.2,31.76,0.1,continuous log
AST-02,825.4,31.77,0.1,continuous log
AST-02,825.6,31.8,0.1,continuous log
AST-02,825.8,31.8,0.1,continuous log
AST-02,826,31.83,0.1,continuous log
AST-02,826.2,31.83,0.1,continuous log
AST-02,826.4,31.83,0.1,continuous log
AST-02,826.6,31.83,0.1,continuous log
AST-02,826.8,31.83,0.1,continuous log
AST-02,827,31.8,0.1,continuous log
AST-02,827.2,31.83,0.1,continuous log
AST-02,827.4,31.87,0.1,continuous log
AST-02,827.6,31.87,0.1,continuous log
AST-02,827.8,31.87,0.1,continuous log
AST-02,828,31.87,0.1,continuous log
AST-02,828.2,31.88,0.1,continuous log
AST-02,828.4,31.87,0.1,continuous log
AST-02,828.6,31.87,0.1,continuous log
AST-02,828.8,31.87,0.1,continuous log
AST-02,829,31.87,0.1,continuous log
AST-02,829.2,31.87,0.1,continuous log
AST-02,829.4,31.9,0.1,continuous log
AST-02,829.6,31.84,0.1,continuous log
AST-02,829.8,31.86,0.1,continuous log
AST-02,830,31.88,0.1,continuous log
AST-02,830.2,31.9,0.1,continuous log
AST-02,830.4,31.94,0.1,continuous log
AST-02,830.6,31.94,0.1,continuous log
AST-02,830.8,31.94,0.1,continuous log
AST-02,831,31.94,0.1,continuous log
AST-02,831.2,31.94,0.1,continuous log
AST-02,831.4,31.97,0.1,continuous log
AST-02,831.6,31.98,0.1,continuous log
AST-02,831.8,31.98,0.1,continuous log
AST-02,832,32.01,0.1,continuous log
AST-02,832.2,32.01,0.1,continuous log
AST-02,832.4,31.99,0.1,continuous log
AST-02,832.6,31.98,0.1,continuous log
AST-02,832.8,31.98,0.1,continuous log
AST-02,833,31.98,0.1,continuous log
AST-02,833.2,31.98,0.1,continuous log
AST-02,833.4,32.01,0.1,continuous log
AST-02,833.6,32.01,0.1,continuous log
AST-02,833.8,32.02,0.1,continuous log
AST-02,834,32.01,0.1,continuous log
AST-02,834.2,32.01,0.1,continuous log
AST-02,834.4,32.05,0.1,continuous log
AST-02,834.6,32.01,0.1,continuous log
AST-02,834.8,32.03,0.1,continuous log
AST-02,835,32.04,0.1,continuous log
AST-02,835.2,32.05,0.1,continuous log
AST-02,835.4,32.05,0.1,continuous log
AST-02,835.6,32.05,0.1,continuous log
AST-02,835.8,32.08,0.1,continuous log
AST-02,836,32.08,0.1,continuous log
AST-02,836.2,32.08,0.1,continuous log
AST-02,836.4,32.08,0.1,continuous log
AST-02,836.6,32.08,0.1,continuous log
AST-02,836.8,32.08,0.1,continuous log
AST-02,837,32.08,0.1,continuous log
AST-02,837.2,32.08,0.1,continuous log
AST-02,837.4,32.08,0.1,continuous log
AST-02,837.6,32.12,0.1,continuous log
AST-02,837.8,32.12,0.1,continuous log
AST-02,838,32.12,0.1,continuous log
AST-02,838.2,32.12,0.1,continuous log
AST-02,838.4,32.12,0.1,continuous log
AST-02,838.6,32.12,0.1,continuous log
AST-02,838.8,32.12,0.1,continuous log
AST-02,839,32.15,0.1,continuous log
AST-02,839.2,32.15,0.1,continuous log
AST-02,839.4,32.15,0.1,continuous log
AST-02,839.6,32.19,0.1,continuous log
AST-02,839.8,32.19,0.1,continuous log
AST-02,840,32.19,0.1,continuous log
AST-02,840.2,32.19,0.1,continuous log
AST-02,840.4,32.19,0.1,continuous log
AST-02,840.6,32.19,0.1,continuous log
AST-02,840.8,32.19,0.1,continuous log
AST-02,841,32.19,0.1,continuous log
AST-02,841.2,32.19,0.1,continuous log
AST-02,841.4,32.19,0.1,continuous log
AST-02,841.6,32.22,0.1,continuous log
AST-02,841.8,32.22,0.1,continuous log
AST-02,842,32.22,0.1,continuous log
AST-02,842.2,32.26,0.1,continuous log
AST-02,842.4,32.26,0.1,continuous log
AST-02,842.6,32.22,0.1,continuous log
AST-02,842.8,32.25,0.1,continuous log
AST-02,843,32.26,0.1,continuous log
AST-02,843.2,32.26,0.1,continuous log
AST-02,843.4,32.26,0.1,continuous log
AST-02,843.6,32.29,0.1,continuous log
AST-02,843.8,32.29,0.1,continuous log
AST-02,844,32.29,0.1,continuous log
AST-02,844.2,32.29,0.1,continuous log
AST-02,844.4,32.26,0.1,continuous log
AST-02,844.6,32.39,0.1,continuous log
AST-02,844.8,32.35,0.1,continuous log
AST-02,845,32.32,0.1,continuous log
AST-02,845.2,32.3,0.1,continuous log
AST-02,845.4,32.33,0.1,continuous log
AST-02,845.6,32.33,0.1,continuous log
AST-02,845.8,32.33,0.1,continuous log
AST-02,846,32.34,0.1,continuous log
AST-02,846.2,32.33,0.1,continuous log
AST-02,846.4,32.39,0.1,continuous log
AST-02,846.6,32.43,0.1,continuous log
AST-02,846.8,32.43,0.1,continuous log
AST-02,847,32.4,0.1,continuous log
AST-02,847.2,32.44,0.1,continuous log
AST-02,847.4,32.47,0.1,continuous log
AST-02,847.6,32.47,0.1,continuous log
AST-02,847.8,32.47,0.1,continuous log
AST-02,848,32.47,0.1,continuous log
AST-02,848.2,32.47,0.1,continuous log
AST-02,848.4,32.47,0.1,continuous log
AST-02,848.6,32.47,0.1,continuous log
AST-02,848.8,32.47,0.1,continuous log
AST-02,849,32.47,0.1,continuous log
AST-02,849.2,32.47,0.1,continuous log
AST-02,849.4,32.47,0.1,continuous log
AST-02,849.6,32.47,0.1,continuous log
AST-02,849.8,32.47,0.1,continuous log
AST-02,850,32.47,0.1,continuous log
AST-02,850.2,32.47,0.1,continuous log
AST-02,850.4,32.5,0.1,continuous log
AST-02,850.6,32.51,0.1,continuous log
AST-02,850.8,32.47,0.1,continuous log
AST-02,851,32.49,0.1,continuous log
AST-02,851.2,32.51,0.1,continuous log
AST-02,851.4,32.51,0.1,continuous log
AST-02,851.6,32.51,0.1,continuous log
AST-02,851.8,32.51,0.1,continuous log
AST-02,852,32.51,0.1,continuous log
AST-02,852.2,32.51,0.1,continuous log
AST-02,852.4,32.51,0.1,continuous log
AST-02,852.6,32.51,0.1,continuous log
AST-02,852.8,32.51,0.1,continuous log
AST-02,853,32.54,0.1,continuous log
AST-02,853.2,32.54,0.1,continuous log
AST-02,853.4,32.54,0.1,continuous log
AST-02,853.6,32.54,0.1,continuous log
AST-02,853.8,32.54,0.1,continuous log
AST-02,854,32.54,0.1,continuous log
AST-02,854.2,32.54,0.1,continuous log
AST-02,854.4,32.54,0.1,continuous log
AST-02,854.6,32.55,0.1,continuous log
AST-02,854.8,32.57,0.1,continuous log
AST-02,855,32.59,0.1,continuous log
AST-02,855.2,32.61,0.1,continuous log
AST-02,855.4,32.61,0.1,continuous log
AST-02,855.6,32.61,0.1,continuous log
AST-02,855.8,32.61,0.1,continuous log
AST-02,856,32.61,0.1,continuous log
AST-02,856.2,32.63,0.1,continuous log
AST-02,856.4,32.65,0.1,continuous log
AST-02,856.6,32.65,0.1,continuous log
AST-02,856.8,32.65,0.1,continuous log
AST-02,857,32.65,0.1,continuous log
AST-02,857.2,32.65,0.1,continuous log
AST-02,857.4,32.65,0.1,continuous log
AST-02,857.6,32.65,0.1,continuous log
AST-02,857.8,32.65,0.1,continuous log
AST-02,858,32.65,0.1,continuous log
AST-02,858.2,32.69,0.1,continuous log
AST-02,858.4,32.72,0.1,continuous log
AST-02,858.6,32.72,0.1,continuous log
AST-02,858.8,32.72,0.1,continuous log
AST-02,859,32.72,0.1,continuous log
AST-02,859.2,32.72,0.1,continuous log
AST-02,859.4,32.69,0.1,continuous log
AST-02,859.6,32.69,0.1,continuous log
AST-02,859.8,32.7,0.1,continuous log
AST-02,860,32.71,0.1,continuous log
AST-02,860.2,32.72,0.1,continuous log
AST-02,860.4,32.72,0.1,continuous log
AST-02,860.6,32.72,0.1,continuous log
AST-02,860.8,32.72,0.1,continuous log
AST-02,861,32.72,0.1,continuous log
AST-02,861.2,32.72,0.1,continuous log
AST-02,861.4,32.72,0.1,continuous log
AST-02,861.6,32.72,0.1,continuous log
AST-02,861.8,32.72,0.1,continuous log
AST-02,862,32.76,0.1,continuous log
AST-02,862.2,32.76,0.1,continuous log
AST-02,862.4,32.76,0.1,continuous log
AST-02,862.6,32.76,0.1,continuous log
AST-02,862.8,32.76,0.1,continuous log
AST-02,863,32.76,0.1,continuous log
AST-02,863.2,32.76,0.1,continuous log
AST-02,863.4,32.76,0.1,continuous log
AST-02,863.6,32.76,0.1,continuous log
AST-02,863.8,32.76,0.1,continuous log
AST-02,864,32.79,0.1,continuous log
AST-02,864.2,32.79,0.1,continuous log
AST-02,864.4,32.79,0.1,continuous log
AST-02,864.6,32.79,0.1,continuous log
AST-02,864.8,32.79,0.1,continuous log
AST-02,865,32.79,0.1,continuous log
AST-02,865.2,32.79,0.1,continuous log
AST-02,865.4,32.79,0.1,continuous log
AST-02,865.6,32.79,0.1,continuous log
AST-02,865.8,32.79,0.1,continuous log
AST-02,866,32.93,0.1,continuous log
AST-02,866.2,32.9,0.1,continuous log
AST-02,866.4,32.9,0.1,continuous log
AST-02,866.6,32.9,0.1,continuous log
AST-02,866.8,32.9,0.1,continuous log
AST-02,867,32.9,0.1,continuous log
AST-02,867.2,32.9,0.1,continuous log
AST-02,867.4,32.93,0.1,continuous log
AST-02,867.6,32.94,0.1,continuous log
AST-02,867.8,32.97,0.1,continuous log
AST-02,868,32.97,0.1,continuous log
AST-02,868.2,32.97,0.1,continuous log
AST-02,868.4,32.97,0.1,continuous log
AST-02,868.6,32.97,0.1,continuous log
AST-02,868.8,32.97,0.1,continuous log
AST-02,869,32.97,0.1,continuous log
AST-02,869.2,33,0.1,continuous log
AST-02,869.4,33.04,0.1,continuous log
AST-02,869.6,33,0.1,continuous log
AST-02,869.8,33,0.1,continuous log
AST-02,870,33,0.1,continuous log
AST-02,870.2,33,0.1,continuous log
AST-02,870.4,33,0.1,continuous log
AST-02,870.6,33,0.1,continuous log
AST-02,870.8,33,0.1,continuous log
AST-02,871,33.04,0.1,continuous log
AST-02,871.2,33.08,0.1,continuous log
AST-02,871.4,33.08,0.1,continuous log
AST-02,871.6,33.08,0.1,continuous log
AST-02,871.8,33.08,0.1,continuous log
AST-02,872,33.08,0.1,continuous log
AST-02,872.2,33.08,0.1,continuous log
AST-02,872.4,33.08,0.1,continuous log
AST-02,872.6,33.11,0.1,continuous log
AST-02,872.8,33.11,0.1,continuous log
AST-02,873,33.11,0.1,continuous log
AST-02,873.2,33.11,0.1,continuous log
AST-02,873.4,33.11,0.1,continuous log
AST-02,873.6,33.11,0.1,continuous log
AST-02,873.8,33.11,0.1,continuous log
AST-02,874,33.15,0.1,continuous log
AST-02,874.2,33.18,0.1,continuous log
AST-02,874.4,33.18,0.1,continuous log
AST-02,874.6,33.18,0.1,continuous log
AST-02,874.8,33.18,0.1,continuous log
AST-02,875,33.18,0.1,continuous log
AST-02,875.2,33.18,0.1,continuous log
AST-02,875.4,33.18,0.1,continuous log
AST-02,875.6,33.2,0.1,continuous log
AST-02,875.8,33.22,0.1,continuous log
AST-02,876,33.22,0.1,continuous log
AST-02,876.2,33.22,0.1,continuous log
AST-02,876.4,33.22,0.1,continuous log
AST-02,876.6,33.22,0.1,continuous log
AST-02,876.8,33.22,0.1,continuous log
AST-02,877,33.25,0.1,continuous log
AST-02,877.2,33.25,0.1,continuous log
AST-02,877.4,33.29,0.1,continuous log
AST-02,877.6,33.29,0.1,continuous log
AST-02,877.8,33.29,0.1,continuous log
AST-02,878,33.25,0.1,continuous log
AST-02,878.2,33.27,0.1,continuous log
AST-02,878.4,33.36,0.1,continuous log
AST-02,878.6,33.36,0.1,continuous log
AST-02,878.8,33.36,0.1,continuous log
AST-02,879,33.36,0.1,continuous log
AST-02,879.2,33.36,0.1,continuous log
AST-02,879.4,33.36,0.1,continuous log
AST-02,879.6,33.27,0.1,continuous log
AST-02,879.8,33.31,0.1,continuous log
AST-02,880,33.35,0.1,continuous log
AST-02,880.2,33.36,0.1,continuous log
AST-02,880.4,33.4,0.1,continuous log
AST-02,880.6,33.4,0.1,continuous log
AST-02,880.8,33.4,0.1,continuous log
AST-02,881,33.4,0.1,continuous log
AST-02,881.2,33.4,0.1,continuous log
AST-02,881.4,33.4,0.1,continuous log
AST-02,881.6,33.4,0.1,continuous log
AST-02,881.8,33.4,0.1,continuous log
AST-02,882,33.43,0.1,continuous log
AST-02,882.2,33.47,0.1,continuous log
AST-02,882.4,33.47,0.1,continuous log
AST-02,882.6,33.47,0.1,continuous log
AST-02,882.8,33.47,0.1,continuous log
AST-02,883,33.47,0.1,continuous log
AST-02,883.2,33.47,0.1,continuous log
AST-02,883.4,33.47,0.1,continuous log
AST-02,883.6,33.5,0.1,continuous log
AST-02,883.8,33.54,0.1,continuous log
AST-02,884,33.54,0.1,continuous log
AST-02,884.2,33.54,0.1,continuous log
AST-02,884.4,33.54,0.1,continuous log
AST-02,884.6,33.54,0.1,continuous log
AST-02,884.8,33.54,0.1,continuous log
AST-02,885,33.54,0.1,continuous log
AST-02,885.2,33.54,0.1,continuous log
AST-02,885.4,33.57,0.1,continuous log
AST-02,885.6,33.57,0.1,continuous log
AST-02,885.8,33.57,0.1,continuous log
AST-02,886,33.57,0.1,continuous log
AST-02,886.2,33.57,0.1,continuous log
AST-02,886.4,33.57,0.1,continuous log
AST-02,886.6,33.57,0.1,continuous log
AST-02,886.8,33.61,0.1,continuous log
AST-02,887,33.64,0.1,continuous log
AST-02,887.2,33.64,0.1,continuous log
AST-02,887.4,33.64,0.1,continuous log
AST-02,887.6,33.61,0.1,continuous log
AST-02,887.8,33.61,0.1,continuous log
AST-02,888,33.61,0.1,continuous log
AST-02,888.2,33.64,0.1,continuous log
AST-02,888.4,33.65,0.1,continuous log
AST-02,888.6,33.7,0.1,continuous log
AST-02,888.8,33.68,0.1,continuous log
AST-02,889,33.7,0.1,continuous log
AST-02,889.2,33.68,0.1,continuous log
AST-02,889.4,33.68,0.1,continuous log
AST-02,889.6,33.65,0.1,continuous log
AST-02,889.8,33.67,0.1,continuous log
AST-02,890,33.7,0.1,continuous log
AST-02,890.2,33.72,0.1,continuous log
AST-02,890.4,33.72,0.1,continuous log
AST-02,890.6,33.72,0.1,continuous log
AST-02,890.8,33.72,0.1,continuous log
AST-02,891,33.75,0.1,continuous log
AST-02,891.2,33.79,0.1,continuous log
AST-02,891.4,33.79,0.1,continuous log
AST-02,891.6,33.79,0.1,continuous log
AST-02,891.8,33.79,0.1,continuous log
AST-02,892,33.79,0.1,continuous log
AST-02,892.2,33.79,0.1,continuous log
AST-02,892.4,33.79,0.1,continuous log
AST-02,892.6,33.79,0.1,continuous log
AST-02,892.8,33.86,0.1,continuous log
AST-02,893,33.82,0.1,continuous log
AST-02,893.2,33.82,0.1,continuous log
AST-02,893.4,33.82,0.1,continuous log
AST-02,893.6,33.82,0.1,continuous log
AST-02,893.8,33.82,0.1,continuous log
AST-02,894,33.86,0.1,continuous log
AST-02,894.2,33.85,0.1,continuous log
AST-02,894.4,33.82,0.1,continuous log
AST-02,894.6,33.86,0.1,continuous log
AST-02,894.8,33.87,0.1,continuous log
AST-02,895,33.88,0.1,continuous log
AST-02,895.2,33.89,0.1,continuous log
AST-02,895.4,33.89,0.1,continuous log
AST-02,895.6,33.89,0.1,continuous log
AST-02,895.8,33.89,0.1,continuous log
AST-02,896,33.89,0.1,continuous log
AST-02,896.2,33.93,0.1,continuous log
AST-02,896.4,33.93,0.1,continuous log
AST-02,896.6,33.93,0.1,continuous log
AST-02,896.8,33.93,0.1,continuous log
AST-02,897,33.93,0.1,continuous log
AST-02,897.2,33.93,0.1,continuous log
AST-02,897.4,33.98,0.1,continuous log
AST-02,897.6,34,0.1,continuous log
AST-02,897.8,34,0.1,continuous log
AST-02,898,34,0.1,continuous log
AST-02,898.2,34,0.1,continuous log
AST-02,898.4,34,0.1,continuous log
AST-02,898.6,34.07,0.1,continuous log
AST-02,898.8,34.03,0.1,continuous log
AST-02,899,34.03,0.1,continuous log
AST-02,899.2,34.03,0.1,continuous log
AST-02,899.4,34.03,0.1,continuous log
AST-02,899.6,34.03,0.1,continuous log
AST-02,899.8,34.02,0.1,continuous log
AST-02,900,34.01,0.1,continuous log
AST-02,900.2,34,0.1,continuous log
AST-02,900.4,34,0.1,continuous log
AST-02,900.6,34,0.1,continuous log
AST-02,900.8,34,0.1,continuous log
AST-02,901,34.01,0.1,continuous log
AST-02,901.2,34.03,0.1,continuous log
AST-02,901.4,34.03,0.1,continuous log
AST-02,901.6,34.03,0.1,continuous log
AST-02,901.8,34.03,0.1,continuous log
AST-02,902,34.03,0.1,continuous log
AST-02,902.2,34.03,0.1,continuous log
AST-02,902.4,34.11,0.1,continuous log
AST-02,902.6,34.11,0.1,continuous log
AST-02,902.8,34.08,0.1,continuous log
AST-02,903,34.11,0.1,continuous log
AST-02,903.2,34.11,0.1,continuous log
AST-02,903.4,34.07,0.1,continuous log
AST-02,903.6,34.11,0.1,continuous log
AST-02,903.8,34.13,0.1,continuous log
AST-02,904,34.14,0.1,continuous log
AST-02,904.2,34.14,0.1,continuous log
AST-02,904.4,34.14,0.1,continuous log
AST-02,904.6,34.07,0.1,continuous log
AST-02,904.8,34.1,0.1,continuous log
AST-02,905,34.13,0.1,continuous log
AST-02,905.2,34.14,0.1,continuous log
AST-02,905.4,34.18,0.1,continuous log
AST-02,905.6,34.21,0.1,continuous log
AST-02,905.8,34.21,0.1,continuous log
AST-02,906,34.21,0.1,continuous log
AST-02,906.2,34.18,0.1,continuous log
AST-02,906.4,34.18,0.1,continuous log
AST-02,906.6,34.18,0.1,continuous log
AST-02,906.8,34.21,0.1,continuous log
AST-02,907,34.21,0.1,continuous log
AST-02,907.2,34.22,0.1,continuous log
AST-02,907.4,34.25,0.1,continuous log
AST-02,907.6,34.25,0.1,continuous log
AST-02,907.8,34.25,0.1,continuous log
AST-02,908,34.25,0.1,continuous log
AST-02,908.2,34.28,0.1,continuous log
AST-02,908.4,34.3,0.1,continuous log
AST-02,908.6,34.29,0.1,continuous log
AST-02,908.8,34.32,0.1,continuous log
AST-02,909,34.32,0.1,continuous log
AST-02,909.2,34.29,0.1,continuous log
AST-02,909.4,34.28,0.1,continuous log
AST-02,909.6,34.28,0.1,continuous log
AST-02,909.8,34.29,0.1,continuous log
AST-02,910,34.31,0.1,continuous log
AST-02,910.2,34.32,0.1,continuous log
AST-02,910.4,34.35,0.1,continuous log
AST-02,910.6,34.35,0.1,continuous log
AST-02,910.8,34.35,0.1,continuous log
AST-02,911,34.35,0.1,continuous log
AST-02,911.2,34.35,0.1,continuous log
AST-02,911.4,34.39,0.1,continuous log
AST-02,911.6,34.39,0.1,continuous log
AST-02,911.8,34.39,0.1,continuous log
AST-02,912,34.39,0.1,continuous log
AST-02,912.2,34.39,0.1,continuous log
AST-02,912.4,34.39,0.1,continuous log
AST-02,912.6,34.39,0.1,continuous log
AST-02,912.8,34.39,0.1,continuous log
AST-02,913,34.39,0.1,continuous log
AST-02,913.2,34.43,0.1,continuous log
AST-02,913.4,34.43,0.1,continuous log
AST-02,913.6,34.46,0.1,continuous log
AST-02,913.8,34.46,0.1,continuous log
AST-02,914,34.46,0.1,continuous log
AST-02,914.2,34.46,0.1,continuous log
AST-02,914.4,34.43,0.1,continuous log
AST-02,914.6,34.46,0.1,continuous log
AST-02,914.8,34.48,0.1,continuous log
AST-02,915,34.5,0.1,continuous log
AST-02,915.2,34.53,0.1,continuous log
AST-02,915.4,34.53,0.1,continuous log
AST-02,915.6,34.53,0.1,continuous log
AST-02,915.8,34.53,0.1,continuous log
AST-02,916,34.53,0.1,continuous log
AST-02,916.2,34.55,0.1,continuous log
AST-02,916.4,34.57,0.1,continuous log
AST-02,916.6,34.57,0.1,continuous log
AST-02,916.8,34.57,0.1,continuous log
AST-02,917,34.57,0.1,continuous log
AST-02,917.2,34.57,0.1,continuous log
AST-02,917.4,34.57,0.1,continuous log
AST-02,917.6,34.57,0.1,continuous log
AST-02,917.8,34.57,0.1,continuous log
AST-02,918,34.6,0.1,continuous log
AST-02,918.2,34.63,0.1,continuous log
AST-02,918.4,34.6,0.1,continuous log
AST-02,918.6,34.6,0.1,continuous log
AST-02,918.8,34.6,0.1,continuous log
AST-02,919,34.6,0.1,continuous log
AST-02,919.2,34.6,0.1,continuous log
AST-02,919.4,34.6,0.1,continuous log
AST-02,919.6,34.64,0.1,continuous log
AST-02,919.8,34.65,0.1,continuous log
AST-02,920,34.66,0.1,continuous log
AST-02,920.2,34.67,0.1,continuous log
AST-02,920.4,34.65,0.1,continuous log
AST-02,920.6,34.64,0.1,continuous log
AST-02,920.8,34.65,0.1,continuous log
AST-02,921,34.67,0.1,continuous log
AST-02,921.2,34.71,0.1,continuous log
AST-02,921.4,34.73,0.1,continuous log
AST-02,921.6,34.71,0.1,continuous log
AST-02,921.8,34.71,0.1,continuous log
AST-02,922,34.71,0.1,continuous log
AST-02,922.2,34.74,0.1,continuous log
AST-02,922.4,34.71,0.1,continuous log
AST-02,922.6,34.71,0.1,continuous log
AST-02,922.8,34.74,0.1,continuous log
AST-02,923,34.76,0.1,continuous log
AST-02,923.2,34.75,0.1,continuous log
AST-02,923.4,34.78,0.1,continuous log
AST-02,923.6,34.76,0.1,continuous log
AST-02,923.8,34.75,0.1,continuous log
AST-02,924,34.78,0.1,continuous log
AST-02,924.2,34.78,0.1,continuous log
AST-02,924.4,34.78,0.1,continuous log
AST-02,924.6,34.79,0.1,continuous log
AST-02,924.8,34.8,0.1,continuous log
AST-02,925,34.81,0.1,continuous log
AST-02,925.2,34.81,0.1,continuous log
AST-02,925.4,34.82,0.1,continuous log
AST-02,925.6,34.82,0.1,continuous log
AST-02,925.8,34.82,0.1,continuous log
AST-02,926,34.85,0.1,continuous log
AST-02,926.2,34.89,0.1,continuous log
AST-02,926.4,34.89,0.1,continuous log
AST-02,926.6,34.89,0.1,continuous log
AST-02,926.8,34.86,0.1,continuous log
AST-02,927,34.89,0.1,continuous log
AST-02,927.2,34.89,0.1,continuous log
AST-02,927.4,34.89,0.1,continuous log
AST-02,927.6,34.92,0.1,continuous log
AST-02,927.8,34.93,0.1,continuous log
AST-02,928,34.93,0.1,continuous log
AST-02,928.2,34.96,0.1,continuous log
AST-02,928.4,34.96,0.1,continuous log
AST-02,928.6,34.96,0.1,continuous log
AST-02,928.8,34.92,0.1,continuous log
AST-02,929,34.96,0.1,continuous log
AST-02,929.2,34.99,0.1,continuous log
AST-02,929.4,34.99,0.1,continuous log
AST-02,929.6,34.96,0.1,continuous log
AST-02,929.8,34.98,0.1,continuous log
AST-02,930,34.99,0.1,continuous log
AST-02,930.2,34.97,0.1,continuous log
AST-02,930.4,34.99,0.1,continuous log
AST-02,930.6,34.99,0.1,continuous log
AST-02,930.8,35.03,0.1,continuous log
AST-02,931,35.03,0.1,continuous log
AST-02,931.2,35.03,0.1,continuous log
AST-02,931.4,35.03,0.1,continuous log
AST-02,931.6,35.06,0.1,continuous log
AST-02,931.8,35.06,0.1,continuous log
AST-02,932,35.06,0.1,continuous log
AST-02,932.2,35.06,0.1,continuous log
AST-02,932.4,35.1,0.1,continuous log
AST-02,932.6,35.1,0.1,continuous log
AST-02,932.8,35.14,0.1,continuous log
AST-02,933,35.14,0.1,continuous log
AST-02,933.2,35.1,0.1,continuous log
AST-02,933.4,35.1,0.1,continuous log
AST-02,933.6,35.1,0.1,continuous log
AST-02,933.8,35.11,0.1,continuous log
AST-02,934,35.14,0.1,continuous log
AST-02,934.2,35.17,0.1,continuous log
AST-02,934.4,35.19,0.1,continuous log
AST-02,934.6,35.17,0.1,continuous log
AST-02,934.8,35.17,0.1,continuous log
AST-02,935,35.17,0.1,continuous log
AST-02,935.2,35.17,0.1,continuous log
AST-02,935.4,35.21,0.1,continuous log
AST-02,935.6,35.21,0.1,continuous log
AST-02,935.8,35.21,0.1,continuous log
AST-02,936,35.22,0.1,continuous log
AST-02,936.2,35.21,0.1,continuous log
AST-02,936.4,35.21,0.1,continuous log
AST-02,936.6,35.21,0.1,continuous log
AST-02,936.8,35.21,0.1,continuous log
AST-02,937,35.26,0.1,continuous log
AST-02,937.2,35.28,0.1,continuous log
AST-02,937.4,35.28,0.1,continuous log
AST-02,937.6,35.28,0.1,continuous log
AST-02,937.8,35.28,0.1,continuous log
AST-02,938,35.28,0.1,continuous log
AST-02,938.2,35.28,0.1,continuous log
AST-02,938.4,35.28,0.1,continuous log
AST-02,938.6,35.31,0.1,continuous log
AST-02,938.8,35.35,0.1,continuous log
AST-02,939,35.35,0.1,continuous log
AST-02,939.2,35.35,0.1,continuous log
AST-02,939.4,35.31,0.1,continuous log
AST-02,939.6,35.35,0.1,continuous log
AST-02,939.8,35.36,0.1,continuous log
AST-02,940,35.37,0.1,continuous log
AST-02,940.2,35.38,0.1,continuous log
AST-02,940.4,35.38,0.1,continuous log
AST-02,940.6,35.38,0.1,continuous log
AST-02,940.8,35.38,0.1,continuous log
AST-02,941,35.42,0.1,continuous log
AST-02,941.2,35.42,0.1,continuous log
AST-02,941.4,35.42,0.1,continuous log
AST-02,941.6,35.42,0.1,continuous log
AST-02,941.8,35.43,0.1,continuous log
AST-02,942,35.42,0.1,continuous log
AST-02,942.2,35.45,0.1,continuous log
AST-02,942.4,35.45,0.1,continuous log
AST-02,942.6,35.42,0.1,continuous log
AST-02,942.8,35.45,0.1,continuous log
AST-02,943,35.42,0.1,continuous log
AST-02,943.2,35.47,0.1,continuous log
AST-02,943.4,35.49,0.1,continuous log
AST-02,943.6,35.49,0.1,continuous log
AST-02,943.8,35.49,0.1,continuous log
AST-02,944,35.49,0.1,continuous log
AST-02,944.2,35.49,0.1,continuous log
AST-02,944.4,35.49,0.1,continuous log
AST-02,944.6,35.49,0.1,continuous log
AST-02,944.8,35.51,0.1,continuous log
AST-02,945,35.52,0.1,continuous log
AST-02,945.2,35.53,0.1,continuous log
AST-02,945.4,35.53,0.1,continuous log
AST-02,945.6,35.53,0.1,continuous log
AST-02,945.8,35.55,0.1,continuous log
AST-02,946,35.53,0.1,continuous log
AST-02,946.2,35.53,0.1,continuous log
AST-02,946.4,35.54,0.1,continuous log
AST-02,946.6,35.53,0.1,continuous log
AST-02,946.8,35.56,0.1,continuous log
AST-02,947,35.56,0.1,continuous log
AST-02,947.2,35.6,0.1,continuous log
AST-02,947.4,35.6,0.1,continuous log
AST-02,947.6,35.6,0.1,continuous log
AST-02,947.8,35.6,0.1,continuous log
AST-02,948,35.6,0.1,continuous log
AST-02,948.2,35.63,0.1,continuous log
AST-02,948.4,35.63,0.1,continuous log
AST-02,948.6,35.63,0.1,continuous log
AST-02,948.8,35.63,0.1,continuous log
AST-02,949,35.63,0.1,continuous log
AST-02,949.2,35.63,0.1,continuous log
AST-02,949.4,35.63,0.1,continuous log
AST-02,949.6,35.65,0.1,continuous log
AST-02,949.8,35.67,0.1,continuous log
AST-02,950,35.68,0.1,continuous log
AST-02,950.2,35.7,0.1,continuous log
AST-02,950.4,35.7,0.1,continuous log
AST-02,950.6,35.7,0.1,continuous log
AST-02,950.8,35.7,0.1,continuous log
AST-02,951,35.74,0.1,continuous log
AST-02,951.2,35.74,0.1,continuous log
AST-02,951.4,35.74,0.1,continuous log
AST-02,951.6,35.74,0.1,continuous log
AST-02,951.8,35.74,0.1,continuous log
AST-02,952,35.74,0.1,continuous log
AST-02,952.2,35.74,0.1,continuous log
AST-02,952.4,35.77,0.1,continuous log
AST-02,952.6,35.81,0.1,continuous log
AST-02,952.8,35.81,0.1,continuous log
AST-02,953,35.81,0.1,continuous log
AST-02,953.2,35.81,0.1,continuous log
AST-02,953.4,35.81,0.1,continuous log
AST-02,953.6,35.81,0.1,continuous log
AST-02,953.8,35.85,0.1,continuous log
AST-02,954,35.85,0.1,continuous log
AST-02,954.2,35.88,0.1,continuous log
AST-02,954.4,35.85,0.1,continuous log
AST-02,954.6,35.85,0.1,continuous log
AST-02,954.8,35.85,0.1,continuous log
AST-02,955,35.85,0.1,continuous log
AST-02,955.2,35.85,0.1,continuous log
AST-02,955.4,35.88,0.1,continuous log
AST-02,955.6,35.88,0.1,continuous log
AST-02,955.8,35.92,0.1,continuous log
AST-02,956,35.92,0.1,continuous log
AST-02,956.2,35.91,0.1,continuous log
AST-02,956.4,35.92,0.1,continuous log
AST-02,956.6,35.92,0.1,continuous log
AST-02,956.8,35.92,0.1,continuous log
AST-02,957,35.92,0.1,continuous log
AST-02,957.2,35.89,0.1,continuous log
AST-02,957.4,35.95,0.1,continuous log
AST-02,957.6,35.95,0.1,continuous log
AST-02,957.8,35.95,0.1,continuous log
AST-02,958,35.95,0.1,continuous log
AST-02,958.2,35.95,0.1,continuous log
AST-02,958.4,35.95,0.1,continuous log
AST-02,958.6,35.95,0.1,continuous log
AST-02,958.8,35.95,0.1,continuous log
AST-02,959,35.95,0.1,continuous log
AST-02,959.2,35.99,0.1,continuous log
AST-02,959.4,36.02,0.1,continuous log
AST-02,959.6,36.02,0.1,continuous log
AST-02,959.8,36.02,0.1,continuous log
AST-02,960,36.02,0.1,continuous log
AST-02,960.2,36.02,0.1,continuous log
AST-02,960.4,36.02,0.1,continuous log
AST-02,960.6,36.05,0.1,continuous log
AST-02,960.8,36.06,0.1,continuous log
AST-02,961,36.06,0.1,continuous log
AST-02,961.2,36.06,0.1,continuous log
AST-02,961.4,36.06,0.1,continuous log
AST-02,961.6,36.06,0.1,continuous log
AST-02,961.8,36.06,0.1,continuous log
AST-02,962,36.07,0.1,continuous log
AST-02,962.2,36.13,0.1,continuous log
AST-02,962.4,36.12,0.1,continuous log
AST-02,962.6,36.11,0.1,continuous log
AST-02,962.8,36.09,0.1,continuous log
AST-02,963,36.09,0.1,continuous log
AST-02,963.2,36.09,0.1,continuous log
AST-02,963.4,36.1,0.1,continuous log
AST-02,963.6,36.13,0.1,continuous log
AST-02,963.8,36.17,0.1,continuous log
AST-02,964,36.17,0.1,continuous log
AST-02,964.2,36.17,0.1,continuous log
AST-02,964.4,36.17,0.1,continuous log
AST-02,964.6,36.2,0.1,continuous log
AST-02,964.8,36.19,0.1,continuous log
AST-02,965,36.17,0.1,continuous log
AST-02,965.2,36.17,0.1,continuous log
AST-02,965.4,36.17,0.1,continuous log
AST-02,965.6,36.21,0.1,continuous log
AST-02,965.8,36.24,0.1,continuous log
AST-02,966,36.24,0.1,continuous log
AST-02,966.2,36.24,0.1,continuous log
AST-02,966.4,36.24,0.1,continuous log
AST-02,966.6,36.24,0.1,continuous log
AST-02,966.8,36.24,0.1,continuous log
AST-02,967,36.27,0.1,continuous log
AST-02,967.2,36.27,0.1,continuous log
AST-02,967.4,36.27,0.1,continuous log
AST-02,967.6,36.27,0.1,continuous log
AST-02,967.8,36.27,0.1,continuous log
AST-02,968,36.27,0.1,continuous log
AST-02,968.2,36.27,0.1,continuous log
AST-02,968.4,36.31,0.1,continuous log
AST-02,968.6,36.34,0.1,continuous log
AST-02,968.8,36.34,0.1,continuous log
AST-02,969,36.34,0.1,continuous log
AST-02,969.2,36.34,0.1,continuous log
AST-02,969.4,36.34,0.1,continuous log
AST-02,969.6,36.34,0.1,continuous log
AST-02,969.8,36.36,0.1,continuous log
AST-02,970,36.4,0.1,continuous log
AST-02,970.2,36.44,0.1,continuous log
AST-02,970.4,36.45,0.1,continuous log
AST-02,970.6,36.45,0.1,continuous log
AST-02,970.8,36.4,0.1,continuous log
AST-02,971,36.45,0.1,continuous log
AST-02,971.2,36.45,0.1,continuous log
AST-02,971.4,36.46,0.1,continuous log
AST-02,971.6,36.48,0.1,continuous log
AST-02,971.8,36.48,0.1,continuous log
AST-02,972,36.48,0.1,continuous log
AST-02,972.2,36.48,0.1,continuous log
AST-02,972.4,36.48,0.1,continuous log
AST-02,972.6,36.48,0.1,continuous log
AST-02,972.8,36.52,0.1,continuous log
AST-02,973,36.48,0.1,continuous log
AST-02,973.2,36.48,0.1,continuous log
AST-02,973.4,36.48,0.1,continuous log
AST-02,973.6,36.48,0.1,continuous log
AST-02,973.8,36.52,0.1,continuous log
AST-02,974,36.48,0.1,continuous log
AST-02,974.2,36.49,0.1,continuous log
AST-02,974.4,36.48,0.1,continuous log
AST-02,974.6,36.62,0.1,continuous log
AST-02,974.8,36.66,0.1,continuous log
AST-02,975,36.61,0.1,continuous log
AST-02,975.2,36.57,0.1,continuous log
AST-02,975.4,36.52,0.1,continuous log
AST-02,975.6,36.52,0.1,continuous log
AST-02,975.8,36.52,0.1,continuous log
AST-02,976,36.59,0.1,continuous log
AST-02,976.2,36.57,0.1,continuous log
AST-02,976.4,36.59,0.1,continuous log
AST-02,976.6,36.56,0.1,continuous log
AST-02,976.8,36.56,0.1,continuous log
AST-02,977,36.6,0.1,continuous log
AST-02,977.2,36.66,0.1,continuous log
AST-02,977.4,36.66,0.1,continuous log
AST-02,977.6,36.63,0.1,continuous log
AST-02,977.8,36.63,0.1,continuous log
AST-02,978,36.63,0.1,continuous log
AST-02,978.2,36.63,0.1,continuous log
AST-02,978.4,36.63,0.1,continuous log
AST-02,978.6,36.67,0.1,continuous log
AST-02,978.8,36.7,0.1,continuous log
AST-02,979,36.7,0.1,continuous log
AST-02,979.2,36.7,0.1,continuous log
AST-02,979.4,36.7,0.1,continuous log
AST-02,979.6,36.7,0.1,continuous log
AST-02,979.8,36.73,0.1,continuous log
AST-02,980,36.73,0.1,continuous log
AST-02,980.2,36.73,0.1,continuous log
AST-02,980.4,36.73,0.1,continuous log
AST-02,980.6,36.73,0.1,continuous log
AST-02,980.8,36.73,0.1,continuous log
AST-02,981,36.73,0.1,continuous log
AST-02,981.2,36.73,0.1,continuous log
AST-02,981.4,36.75,0.1,continuous log
AST-02,981.6,36.73,0.1,continuous log
AST-02,981.8,36.77,0.1,continuous log
AST-02,982,36.77,0.1,continuous log
AST-02,982.2,36.73,0.1,continuous log
AST-02,982.4,36.73,0.1,continuous log
AST-02,982.6,36.73,0.1,continuous log
AST-02,982.8,36.77,0.1,continuous log
AST-02,983,36.73,0.1,continuous log
AST-02,983.2,36.77,0.1,continuous log
AST-02,983.4,36.79,0.1,continuous log
AST-02,983.6,36.84,0.1,continuous log
AST-02,983.8,36.78,0.1,continuous log
AST-02,984,36.8,0.1,continuous log
AST-02,984.2,36.77,0.1,continuous log
AST-02,984.4,36.81,0.1,continuous log
AST-02,984.6,36.82,0.1,continuous log
AST-02,984.8,36.77,0.1,continuous log
AST-02,985,36.84,0.1,continuous log
AST-02,985.2,36.91,0.1,continuous log
AST-02,985.4,36.95,0.1,continuous log
AST-02,985.6,36.95,0.1,continuous log
AST-02,985.8,36.95,0.1,continuous log
AST-02,986,36.96,0.1,continuous log
AST-02,986.2,36.98,0.1,continuous log
AST-02,986.4,37.02,0.1,continuous log
AST-02,986.6,36.98,0.1,continuous log
AST-02,986.8,36.98,0.1,continuous log
AST-02,987,36.98,0.1,continuous log
AST-02,987.2,36.98,0.1,continuous log
AST-02,987.4,37.02,0.1,continuous log
AST-02,987.6,37.02,0.1,continuous log
AST-02,987.8,37.02,0.1,continuous log
AST-02,988,37.02,0.1,continuous log
AST-02,988.2,37.02,0.1,continuous log
AST-02,988.4,37.02,0.1,continuous log
AST-02,988.6,37.02,0.1,continuous log
AST-02,988.8,37.02,0.1,continuous log
AST-02,989,37.02,0.1,continuous log
AST-02,989.2,37.09,0.1,continuous log
AST-02,989.4,37.09,0.1,continuous log
AST-02,989.6,37.1,0.1,continuous log
AST-02,989.8,37.12,0.1,continuous log
AST-02,990,37.12,0.1,continuous log
AST-02,990.2,37.12,0.1,continuous log
AST-02,990.4,37.09,0.1,continuous log
AST-02,990.6,37.1,0.1,continuous log
AST-02,990.8,37.12,0.1,continuous log
AST-02,991,37.16,0.1,continuous log
AST-02,991.2,37.16,0.1,continuous log
AST-02,991.4,37.16,0.1,continuous log
AST-02,991.6,37.16,0.1,continuous log
AST-02,991.8,37.16,0.1,continuous log
AST-02,992,37.16,0.1,continuous log
AST-02,992.2,37.19,0.1,continuous log
AST-02,992.4,37.22,0.1,continuous log
AST-02,992.6,37.23,0.1,continuous log
AST-02,992.8,37.19,0.1,continuous log
AST-02,993,37.23,0.1,continuous log
AST-02,993.2,37.26,0.1,continuous log
AST-02,993.4,37.23,0.1,continuous log
AST-02,993.6,37.23,0.1,continuous log
AST-02,993.8,37.27,0.1,continuous log
AST-02,994,37.27,0.1,continuous log
AST-02,994.2,37.27,0.1,continuous log
AST-02,994.4,37.27,0.1,continuous log
AST-02,994.6,37.27,0.1,continuous log
AST-02,994.8,37.28,0.1,continuous log
AST-02,995,37.29,0.1,continuous log
AST-02,995.2,37.3,0.1,continuous log
AST-02,995.4,37.3,0.1,continuous log
AST-02,995.6,37.3,0.1,continuous log
AST-02,995.8,37.3,0.1,continuous log
AST-02,996,37.3,0.1,continuous log
AST-02,996.2,37.3,0.1,continuous log
AST-02,996.4,37.3,0.1,continuous log
AST-02,996.6,37.3,0.1,continuous log
AST-02,996.8,37.31,0.1,continuous log
AST-02,997,37.34,0.1,continuous log
AST-02,997.2,37.34,0.1,continuous log
AST-02,997.4,37.34,0.1,continuous log
AST-02,997.6,37.36,0.1,continuous log
AST-02,997.8,37.34,0.1,continuous log
AST-02,998,37.37,0.1,continuous log
AST-02,998.2,37.34,0.1,continuous log
AST-02,998.4,37.37,0.1,continuous log
AST-02,998.6,37.39,0.1,continuous log
AST-02,998.8,37.41,0.1,continuous log
AST-02,999,37.41,0.1,continuous log
AST-02,999.2,37.41,0.1,continuous log
AST-02,999.4,37.41,0.1,continuous log
AST-02,999.6,37.44,0.1,continuous log
AST-02,999.8,37.43,0.1,continuous log
AST-02,1000,37.42,0.1,continuous log
AST-02,1000.2,37.42,0.1,continuous log
AST-02,1000.4,37.41,0.1,continuous log
AST-02,1000.6,37.44,0.1,continuous log
AST-02,1000.8,37.48,0.1,continuous log
AST-02,1001,37.48,0.1,continuous log
AST-02,1001.2,37.48,0.1,continuous log
AST-02,1001.4,37.48,0.1,continuous log
AST-02,1001.6,37.48,0.1,continuous log
AST-02,1001.8,37.48,0.1,continuous log
AST-02,1002,37.48,0.1,continuous log
AST-02,1002.2,37.51,0.1,continuous log
AST-02,1002.4,37.51,0.1,continuous log
AST-02,1002.6,37.51,0.1,continuous log
AST-02,1002.8,37.51,0.1,continuous log
AST-02,1003,37.51,0.1,continuous log
AST-02,1003.2,37.55,0.1,continuous log
AST-02,1003.4,37.59,0.1,continuous log
AST-02,1003.6,37.59,0.1,continuous log
AST-02,1003.8,37.59,0.1,continuous log
AST-02,1004,37.58,0.1,continuous log
AST-02,1004.2,37.59,0.1,continuous log
AST-02,1004.4,37.56,0.1,continuous log
AST-02,1004.6,37.59,0.1,continuous log
AST-02,1004.8,37.6,0.1,continuous log
AST-02,1005,37.61,0.1,continuous log
AST-02,1005.2,37.62,0.1,continuous log
AST-02,1005.4,37.66,0.1,continuous log
AST-02,1005.6,37.66,0.1,continuous log
AST-02,1005.8,37.61,0.1,continuous log
AST-02,1006,37.62,0.1,continuous log
AST-02,1006.2,37.69,0.1,continuous log
AST-02,1006.4,37.69,0.1,continuous log
AST-02,1006.6,37.69,0.1,continuous log
AST-02,1006.8,37.69,0.1,continuous log
AST-02,1007,37.69,0.1,continuous log
AST-02,1007.2,37.69,0.1,continuous log
AST-02,1007.4,37.67,0.1,continuous log
AST-02,1007.6,37.69,0.1,continuous log
AST-02,1007.8,37.69,0.1,continuous log
AST-02,1008,37.71,0.1,continuous log
AST-02,1008.2,37.73,0.1,continuous log
AST-02,1008.4,37.73,0.1,continuous log
AST-02,1008.6,37.73,0.1,continuous log
AST-02,1008.8,37.73,0.1,continuous log
AST-02,1009,37.73,0.1,continuous log
AST-02,1009.2,37.73,0.1,continuous log
AST-02,1009.4,37.73,0.1,continuous log
AST-02,1009.6,37.77,0.1,continuous log
AST-02,1009.8,37.78,0.1,continuous log
AST-02,1010,37.79,0.1,continuous log
AST-02,1010.2,37.8,0.1,continuous log
AST-02,1010.4,37.8,0.1,continuous log
AST-02,1010.6,37.8,0.1,continuous log
AST-02,1010.8,37.8,0.1,continuous log
AST-02,1011,37.83,0.1,continuous log
AST-02,1011.2,37.83,0.1,continuous log
AST-02,1011.4,37.83,0.1,continuous log
AST-02,1011.6,37.85,0.1,continuous log
AST-02,1011.8,37.84,0.1,continuous log
AST-02,1012,37.85,0.1,continuous log
AST-02,1012.2,37.87,0.1,continuous log
AST-02,1012.4,37.87,0.1,continuous log
AST-02,1012.6,37.87,0.1,continuous log
AST-02,1012.8,37.87,0.1,continuous log
AST-02,1013,37.87,0.1,continuous log
AST-02,1013.2,37.87,0.1,continuous log
AST-02,1013.4,37.87,0.1,continuous log
AST-02,1013.6,37.91,0.1,continuous log
AST-02,1013.8,37.94,0.1,continuous log
AST-02,1014,37.94,0.1,continuous log
AST-02,1014.2,37.94,0.1,continuous log
AST-02,1014.4,37.94,0.1,continuous log
AST-02,1014.6,37.94,0.1,continuous log
AST-02,1014.8,37.94,0.1,continuous log
AST-02,1015,37.94,0.1,continuous log
AST-02,1015.2,37.98,0.1,continuous log
AST-02,1015.4,37.98,0.1,continuous log
AST-02,1015.6,37.98,0.1,continuous log
AST-02,1015.8,37.98,0.1,continuous log
AST-02,1016,37.98,0.1,continuous log
AST-02,1016.2,37.98,0.1,continuous log
AST-02,1016.4,37.98,0.1,continuous log
AST-02,1016.6,38.01,0.1,continuous log
AST-02,1016.8,38.03,0.1,continuous log
AST-02,1017,38.05,0.1,continuous log
AST-02,1017.2,38.05,0.1,continuous log
AST-02,1017.4,38.05,0.1,continuous log
AST-02,1017.6,38.04,0.1,continuous log
AST-02,1017.8,38.03,0.1,continuous log
AST-02,1018,38.05,0.1,continuous log
AST-02,1018.2,38.08,0.1,continuous log
AST-02,1018.4,38.08,0.1,continuous log
AST-02,1018.6,38.08,0.1,continuous log
AST-02,1018.8,38.05,0.1,continuous log
AST-02,1019,38.08,0.1,continuous log
AST-02,1019.2,38.08,0.1,continuous log
AST-02,1019.4,38.1,0.1,continuous log
AST-02,1019.6,38.15,0.1,continuous log
AST-02,1019.8,38.15,0.1,continuous log
AST-02,1020,38.15,0.1,continuous log
AST-02,1020.2,38.15,0.1,continuous log
AST-02,1020.4,38.15,0.1,continuous log
AST-02,1020.6,38.15,0.1,continuous log
AST-02,1020.8,38.19,0.1,continuous log
AST-02,1021,38.19,0.1,continuous log
AST-02,1021.2,38.19,0.1,continuous log
AST-02,1021.4,38.19,0.1,continuous log
AST-02,1021.6,38.22,0.1,continuous log
AST-02,1021.8,38.23,0.1,continuous log
AST-02,1022,38.26,0.1,continuous log
AST-02,1022.2,38.26,0.1,continuous log
AST-02,1022.4,38.26,0.1,continuous log
AST-02,1022.6,38.26,0.1,continuous log
AST-02,1022.8,38.26,0.1,continuous log
AST-02,1023,38.28,0.1,continuous log
AST-02,1023.2,38.3,0.1,continuous log
AST-02,1023.4,38.3,0.1,continuous log
AST-02,1023.6,38.3,0.1,continuous log
AST-02,1023.8,38.3,0.1,continuous log
AST-02,1024,38.3,0.1,continuous log
AST-02,1024.2,38.3,0.1,continuous log
AST-02,1024.4,38.33,0.1,continuous log
AST-02,1024.6,38.34,0.1,continuous log
AST-02,1024.8,38.35,0.1,continuous log
AST-02,1025,38.36,0.1,continuous log
AST-02,1025.2,38.37,0.1,continuous log
AST-02,1025.4,38.33,0.1,continuous log
AST-02,1025.6,38.37,0.1,continuous log
AST-02,1025.8,38.37,0.1,continuous log
AST-02,1026,38.37,0.1,continuous log
AST-02,1026.2,38.4,0.1,continuous log
AST-02,1026.4,38.4,0.1,continuous log
AST-02,1026.6,38.4,0.1,continuous log
AST-02,1026.8,38.4,0.1,continuous log
AST-02,1027,38.4,0.1,continuous log
AST-02,1027.2,38.4,0.1,continuous log
AST-02,1027.4,38.44,0.1,continuous log
AST-02,1027.6,38.47,0.1,continuous log
AST-02,1027.8,38.47,0.1,continuous log
AST-02,1028,38.44,0.1,continuous log
AST-02,1028.2,38.44,0.1,continuous log
AST-02,1028.4,38.44,0.1,continuous log
AST-02,1028.6,38.47,0.1,continuous log
AST-02,1028.8,38.47,0.1,continuous log
AST-02,1029,38.47,0.1,continuous log
AST-02,1029.2,38.51,0.1,continuous log
AST-02,1029.4,38.51,0.1,continuous log
AST-02,1029.6,38.51,0.1,continuous log
AST-02,1029.8,38.53,0.1,continuous log
AST-02,1030,38.55,0.1,continuous log
AST-02,1030.2,38.57,0.1,continuous log
AST-02,1030.4,38.58,0.1,continuous log
AST-02,1030.6,38.58,0.1,continuous log
AST-02,1030.8,38.56,0.1,continuous log
AST-02,1031,38.61,0.1,continuous log
AST-02,1031.2,38.62,0.1,continuous log
AST-02,1031.4,38.62,0.1,continuous log
AST-02,1031.6,38.62,0.1,continuous log
AST-02,1031.8,38.62,0.1,continuous log
AST-02,1032,38.62,0.1,continuous log
AST-02,1032.2,38.65,0.1,continuous log
AST-02,1032.4,38.65,0.1,continuous log
AST-02,1032.6,38.65,0.1,continuous log
AST-02,1032.8,38.65,0.1,continuous log
AST-02,1033,38.65,0.1,continuous log
AST-02,1033.2,38.65,0.1,continuous log
AST-02,1033.4,38.7,0.1,continuous log
AST-02,1033.6,38.72,0.1,continuous log
AST-02,1033.8,38.72,0.1,continuous log
AST-02,1034,38.72,0.1,continuous log
AST-02,1034.2,38.72,0.1,continuous log
AST-02,1034.4,38.72,0.1,continuous log
AST-02,1034.6,38.75,0.1,continuous log
AST-02,1034.8,38.77,0.1,continuous log
AST-02,1035,38.78,0.1,continuous log
AST-02,1035.2,38.79,0.1,continuous log
AST-02,1035.4,38.79,0.1,continuous log
AST-02,1035.6,38.79,0.1,continuous log
AST-02,1035.8,38.79,0.1,continuous log
AST-02,1036,38.81,0.1,continuous log
AST-02,1036.2,38.83,0.1,continuous log
AST-02,1036.4,38.83,0.1,continuous log
AST-02,1036.6,38.83,0.1,continuous log
AST-02,1036.8,38.83,0.1,continuous log
AST-02,1037,38.83,0.1,continuous log
AST-02,1037.2,38.85,0.1,continuous log
AST-02,1037.4,38.86,0.1,continuous log
AST-02,1037.6,38.86,0.1,continuous log
AST-02,1037.8,38.86,0.1,continuous log
AST-02,1038,38.9,0.1,continuous log
AST-02,1038.2,38.9,0.1,continuous log
AST-02,1038.4,38.9,0.1,continuous log
AST-02,1038.6,38.93,0.1,continuous log
AST-02,1038.8,38.97,0.1,continuous log
AST-02,1039,38.97,0.1,continuous log
AST-02,1039.2,38.97,0.1,continuous log
AST-02,1039.4,38.97,0.1,continuous log
AST-02,1039.6,38.97,0.1,continuous log
AST-02,1039.8,38.99,0.1,continuous log
AST-02,1040,39.01,0.1,continuous log
AST-02,1040.2,39.04,0.1,continuous log
AST-02,1040.4,39.04,0.1,continuous log
AST-02,1040.6,39.03,0.1,continuous log
AST-02,1040.8,39.01,0.1,continuous log
AST-02,1041,39.01,0.1,continuous log
AST-02,1041.2,39.01,0.1,continuous log
AST-02,1041.4,39.01,0.1,continuous log
AST-02,1041.6,39.01,0.1,continuous log
AST-02,1041.8,39.04,0.1,continuous log
AST-02,1042,39.05,0.1,continuous log
AST-02,1042.2,39.04,0.1,continuous log
AST-02,1042.4,39.04,0.1,continuous log
AST-02,1042.6,39.04,0.1,continuous log
AST-02,1042.8,39.08,0.1,continuous log
AST-02,1043,39.08,0.1,continuous log
AST-02,1043.2,39.08,0.1,continuous log
AST-02,1043.4,39.13,0.1,continuous log
AST-02,1043.6,39.11,0.1,continuous log
AST-02,1043.8,39.12,0.1,continuous log
AST-02,1044,39.15,0.1,continuous log
AST-02,1044.2,39.14,0.1,continuous log
AST-02,1044.4,39.15,0.1,continuous log
AST-02,1044.6,39.15,0.1,continuous log
AST-02,1044.8,39.16,0.1,continuous log
AST-02,1045,39.17,0.1,continuous log
AST-02,1045.2,39.18,0.1,continuous log
AST-02,1045.4,39.18,0.1,continuous log
AST-02,1045.6,39.18,0.1,continuous log
AST-02,1045.8,39.22,0.1,continuous log
AST-02,1046,39.24,0.1,continuous log
AST-02,1046.2,39.25,0.1,continuous log
AST-02,1046.4,39.25,0.1,continuous log
AST-02,1046.6,39.25,0.1,continuous log
AST-02,1046.8,39.25,0.1,continuous log
AST-02,1047,39.27,0.1,continuous log
AST-02,1047.2,39.29,0.1,continuous log
AST-02,1047.4,39.26,0.1,continuous log
AST-02,1047.6,39.28,0.1,continuous log
AST-02,1047.8,39.29,0.1,continuous log
AST-02,1048,39.29,0.1,continuous log
AST-02,1048.2,39.32,0.1,continuous log
AST-02,1048.4,39.36,0.1,continuous log
AST-02,1048.6,39.36,0.1,continuous log
AST-02,1048.8,39.36,0.1,continuous log
AST-02,1049,39.36,0.1,continuous log
AST-02,1049.2,39.36,0.1,continuous log
AST-02,1049.4,39.36,0.1,continuous log
AST-02,1049.6,39.34,0.1,continuous log
AST-02,1049.8,39.35,0.1,continuous log
AST-02,1050,39.37,0.1,continuous log
AST-02,1050.2,39.39,0.1,continuous log
AST-02,1050.4,39.4,0.1,continuous log
AST-02,1050.6,39.4,0.1,continuous log
AST-02,1050.8,39.4,0.1,continuous log
AST-02,1051,39.4,0.1,continuous log
AST-02,1051.2,39.4,0.1,continuous log
AST-02,1051.4,39.43,0.1,continuous log
AST-02,1051.6,39.43,0.1,continuous log
AST-02,1051.8,39.43,0.1,continuous log
AST-02,1052,39.47,0.1,continuous log
AST-02,1052.2,39.43,0.1,continuous log
AST-02,1052.4,39.43,0.1,continuous log
AST-02,1052.6,39.44,0.1,continuous log
AST-02,1052.8,39.47,0.1,continuous log
AST-02,1053,39.5,0.1,continuous log
AST-02,1053.2,39.48,0.1,continuous log
AST-02,1053.4,39.47,0.1,continuous log
AST-02,1053.6,39.47,0.1,continuous log
AST-02,1053.8,39.49,0.1,continuous log
AST-02,1054,39.53,0.1,continuous log
AST-02,1054.2,39.55,0.1,continuous log
AST-02,1054.4,39.57,0.1,continuous log
AST-02,1054.6,39.54,0.1,continuous log
AST-02,1054.8,39.55,0.1,continuous log
AST-02,1055,39.56,0.1,continuous log
AST-02,1055.2,39.57,0.1,continuous log
AST-02,1055.4,39.57,0.1,continuous log
AST-02,1055.6,39.57,0.1,continuous log
AST-02,1055.8,39.57,0.1,continuous log
AST-02,1056,39.57,0.1,continuous log
AST-02,1056.2,39.57,0.1,continuous log
AST-02,1056.4,39.61,0.1,continuous log
AST-02,1056.6,39.64,0.1,continuous log
AST-02,1056.8,39.64,0.1,continuous log
AST-02,1057,39.64,0.1,continuous log
AST-02,1057.2,39.64,0.1,continuous log
AST-02,1057.4,39.64,0.1,continuous log
AST-02,1057.6,39.64,0.1,continuous log
AST-02,1057.8,39.64,0.1,continuous log
AST-02,1058,39.67,0.1,continuous log
AST-02,1058.2,39.68,0.1,continuous log
AST-02,1058.4,39.69,0.1,continuous log
AST-02,1058.6,39.71,0.1,continuous log
AST-02,1058.8,39.68,0.1,continuous log
AST-02,1059,39.7,0.1,continuous log
AST-02,1059.2,39.72,0.1,continuous log
AST-02,1059.4,39.68,0.1,continuous log
AST-02,1059.6,39.74,0.1,continuous log
AST-02,1059.8,39.75,0.1,continuous log
AST-02,1060,39.75,0.1,continuous log
AST-02,1060.2,39.75,0.1,continuous log
AST-02,1060.4,39.75,0.1,continuous log
AST-02,1060.6,39.75,0.1,continuous log
AST-02,1060.8,39.75,0.1,continuous log
AST-02,1061,39.79,0.1,continuous log
AST-02,1061.2,39.79,0.1,continuous log
AST-02,1061.4,39.79,0.1,continuous log
AST-02,1061.6,39.77,0.1,continuous log
AST-02,1061.8,39.78,0.1,continuous log
AST-02,1062,39.79,0.1,continuous log
AST-02,1062.2,39.79,0.1,continuous log
AST-02,1062.4,39.82,0.1,continuous log
AST-02,1062.6,39.86,0.1,continuous log
AST-02,1062.8,39.86,0.1,continuous log
AST-02,1063,39.86,0.1,continuous log
AST-02,1063.2,39.86,0.1,continuous log
AST-02,1063.4,39.86,0.1,continuous log
AST-02,1063.6,39.89,0.1,continuous log
AST-02,1063.8,39.89,0.1,continuous log
AST-02,1064,39.89,0.1,continuous log
AST-02,1064.2,39.89,0.1,continuous log
AST-02,1064.4,39.89,0.1,continuous log
AST-02,1064.6,39.95,0.1,continuous log
AST-02,1064.8,40.02,0.1,continuous log
AST-02,1065,39.99,0.1,continuous log
AST-02,1065.2,39.96,0.1,continuous log
AST-02,1065.4,39.96,0.1,continuous log
AST-02,1065.6,39.96,0.1,continuous log
AST-02,1065.8,39.96,0.1,continuous log
AST-02,1066,39.96,0.1,continuous log
AST-02,1066.2,39.99,0.1,continuous log
AST-02,1066.4,39.96,0.1,continuous log
AST-02,1066.6,40,0.1,continuous log
AST-02,1066.8,40,0.1,continuous log
AST-02,1067,40,0.1,continuous log
AST-02,1067.2,40,0.1,continuous log
AST-02,1067.4,40,0.1,continuous log
AST-02,1067.6,40,0.1,continuous log
AST-02,1067.8,40.01,0.1,continuous log
AST-02,1068,40.04,0.1,continuous log
AST-02,1068.2,40.07,0.1,continuous log
AST-02,1068.4,40.07,0.1,continuous log
AST-02,1068.6,40.07,0.1,continuous log
AST-02,1068.8,40.07,0.1,continuous log
AST-02,1069,40.07,0.1,continuous log
AST-02,1069.2,40.07,0.1,continuous log
AST-02,1069.4,40.11,0.1,continuous log
AST-02,1069.6,40.11,0.1,continuous log
AST-02,1069.8,40.11,0.1,continuous log
AST-02,1070,40.11,0.1,continuous log
AST-02,1070.2,40.11,0.1,continuous log
AST-02,1070.4,40.12,0.1,continuous log
AST-02,1070.6,40.14,0.1,continuous log
AST-02,1070.8,40.18,0.1,continuous log
AST-02,1071,40.18,0.1,continuous log
AST-02,1071.2,40.19,0.1,continuous log
AST-02,1071.4,40.2,0.1,continuous log
AST-02,1071.6,40.21,0.1,continuous log
AST-02,1071.8,40.21,0.1,continuous log
AST-02,1072,40.22,0.1,continuous log
AST-02,1072.2,40.23,0.1,continuous log
AST-02,1072.4,40.24,0.1,continuous log
AST-02,1072.6,40.25,0.1,continuous log
AST-02,1072.8,40.26,0.1,continuous log
AST-02,1073,40.26,0.1,continuous log
AST-02,1073.2,40.27,0.1,continuous log
AST-02,1073.4,40.28,0.1,continuous log
AST-02,1073.6,40.29,0.1,continuous log
AST-02,1073.8,40.3,0.1,continuous log
AST-02,1074,40.3,0.1,continuous log
AST-02,1074.2,40.31,0.1,continuous log
AST-02,1074.4,40.32,0.1,continuous log
AST-02,1074.6,40.33,0.1,continuous log
AST-02,1074.8,40.34,0.1,continuous log
AST-02,1075,40.34,0.1,continuous log
AST-02,1075.2,40.35,0.1,continuous log
AST-02,1075.4,40.36,0.1,continuous log
AST-02,1075.6,40.37,0.1,continuous log
AST-02,1075.8,40.38,0.1,continuous log
AST-02,1076,40.38,0.1,continuous log
AST-02,1076.2,40.39,0.1,continuous log
AST-02,1076.4,40.4,0.1,continuous log
AST-02,1076.6,40.41,0.1,continuous log
AST-02,1076.8,40.42,0.1,continuous log
AST-02,1077,40.42,0.1,continuous log
AST-02,1077.2,40.43,0.1,continuous log
AST-02,1077.4,40.44,0.1,continuous log
AST-02,1077.6,40.45,0.1,continuous log
AST-02,1077.8,40.46,0.1,continuous log
AST-02,1078,40.46,0.1,continuous log
AST-02,1078.2,40.47,0.1,continuous log
AST-02,1078.4,40.48,0.1,continuous log
AST-02,1078.6,40.49,0.1,continuous log
AST-02,1078.8,40.5,0.1,continuous log
AST-02,1079,40.5,0.1,continuous log
AST-02,1079.2,40.51,0.1,continuous log
AST-02,1079.4,40.52,0.1,continuous log
AST-02,1079.6,40.53,0.1,continuous log
AST-02,1079.8,40.54,0.1,continuous log
AST-02,1080,40.54,0.1,continuous log
AST-02,1080.2,40.55,0.1,continuous log
AST-02,1080.4,40.56,0.1,continuous log
AST-02,1080.6,40.57,0.1,continuous log
AST-02,1080.8,40.58,0.1,continuous log
AST-02,1081,40.58,0.1,continuous log
AST-02,1081.2,40.59,0.1,continuous log
AST-02,1081.4,40.6,0.1,continuous log
AST-02,1081.6,40.61,0.1,continuous log
AST-02,1081.8,40.62,0.1,continuous log
AST-02,1082,40.63,0.1,continuous log
AST-02,1082.2,40.63,0.1,continuous log
AST-02,1082.4,40.64,0.1,continuous log
AST-02,1082.6,40.65,0.1,continuous log
AST-02,1082.8,40.66,0.1,continuous log
AST-02,1083,40.67,0.1,continuous log
AST-02,1083.2,40.67,0.1,continuous log
AST-02,1083.4,40.68,0.1,continuous log
AST-02,1083.6,40.69,0.1,continuous log
AST-02,1083.8,40.7,0.1,continuous log
AST-02,1084,40.71,0.1,continuous log
AST-02,1084.2,40.71,0.1,continuous log
AST-02,1084.4,40.72,0.1,continuous log
AST-02,1084.6,40.73,0.1,continuous log
AST-02,1084.8,40.74,0.1,continuous log
AST-02,1085,40.75,0.1,continuous log
AST-02,1085.2,40.75,0.1,continuous log
AST-02,1085.4,40.76,0.1,continuous log
AST-02,1085.6,40.77,0.1,continuous log
AST-02,1085.8,40.78,0.1,continuous log
AST-02,1086,40.79,0.1,continuous log
AST-02,1086.2,40.79,0.1,continuous log
AST-02,1086.4,40.8,0.1,continuous log
AST-02,1086.6,40.81,0.1,continuous log
AST-02,1086.8,40.82,0.1,continuous log
AST-02,1087,40.83,0.1,continuous log
AST-02,1087.2,40.83,0.1,continuous log
AST-02,1087.4,40.84,0.1,continuous log
AST-02,1087.6,40.85,0.1,continuous log
AST-02,1087.8,40.86,0.1,continuous log
AST-02,1088,40.87,0.1,continuous log
AST-02,1088.2,40.87,0.1,continuous log
AST-02,1088.4,40.88,0.1,continuous log
AST-02,1088.6,40.89,0.1,continuous log
AST-02,1088.8,40.9,0.1,continuous log
AST-02,1089,40.91,0.1,continuous log
AST-02,1089.2,40.91,0.1,continuous log
AST-02,1089.4,40.92,0.1,continuous log
AST-02,1089.6,40.93,0.1,continuous log
AST-02,1089.8,40.94,0.1,continuous log
AST-02,1090,40.95,0.1,continuous log
AST-02,1090.2,40.96,0.1,continuous log
AST-02,1090.4,40.96,0.1,continuous log
AST-02,1090.6,40.97,0.1,continuous log
AST-02,1090.8,40.98,0.1,continuous log
AST-02,1091,40.99,0.1,continuous log
AST-02,1091.2,41,0.1,continuous log
AST-02,1091.4,41,0.1,continuous log
AST-02,1091.6,41.01,0.1,continuous log
AST-02,1091.8,41.02,0.1,continuous log
AST-02,1092,41.03,0.1,continuous log
AST-02,1092.2,41.04,0.1,continuous log
AST-02,1092.4,41.04,0.1,continuous log
AST-02,1092.6,41.05,0.1,continuous log
AST-02,1092.8,41.06,0.1,continuous log
AST-02,1093,41.07,0.1,continuous log
AST-02,1093.2,41.07,0.1,continuous log
AST-02,1093.4,41.07,0.1,continuous log
AST-02,1093.6,41.07,0.1,continuous log
AST-02,1093.8,41.07,0.1,continuous log
AST-02,1094,41.1,0.1,continuous log
AST-02,1094.2,41.14,0.1,continuous log
AST-02,1094.4,41.14,0.1,continuous log
AST-02,1094.6,41.11,0.1,continuous log
AST-02,1094.8,41.11,0.1,continuous log
AST-02,1095,41.12,0.1,continuous log
AST-02,1095.2,41.14,0.1,continuous log
AST-02,1095.4,41.14,0.1,continuous log
AST-02,1095.6,41.14,0.1,continuous log
AST-02,1095.8,41.17,0.1,continuous log
AST-02,1096,41.17,0.1,continuous log
AST-02,1096.2,41.17,0.1,continuous log
AST-02,1096.4,41.17,0.1,continuous log
AST-02,1096.6,41.19,0.1,continuous log
AST-02,1096.8,41.21,0.1,continuous log
AST-02,1097,41.24,0.1,continuous log
AST-02,1097.2,41.24,0.1,continuous log
AST-02,1097.4,41.24,0.1,continuous log
AST-02,1097.6,41.24,0.1,continuous log
AST-02,1097.8,41.24,0.1,continuous log
AST-02,1098,41.28,0.1,continuous log
AST-02,1098.2,41.28,0.1,continuous log
AST-02,1098.4,41.28,0.1,continuous log
AST-02,1098.6,41.28,0.1,continuous log
AST-02,1098.8,41.28,0.1,continuous log
AST-02,1099,41.28,0.1,continuous log
AST-02,1099.2,41.3,0.1,continuous log
AST-02,1099.4,41.35,0.1,continuous log
AST-02,1099.6,41.41,0.1,continuous log
AST-02,1099.8,41.39,0.1,continuous log
AST-02,1100,41.38,0.1,continuous log
AST-02,1100.2,41.36,0.1,continuous log
AST-02,1100.4,41.35,0.1,continuous log
AST-02,1100.6,41.36,0.1,continuous log
AST-02,1100.8,41.38,0.1,continuous log
AST-02,1101,41.42,0.1,continuous log
AST-02,1101.2,41.38,0.1,continuous log
AST-02,1101.4,41.38,0.1,continuous log
AST-02,1101.6,41.38,0.1,continuous log
AST-02,1101.8,41.38,0.1,continuous log
AST-02,1102,41.42,0.1,continuous log
AST-02,1102.2,41.42,0.1,continuous log
AST-02,1102.4,41.46,0.1,continuous log
AST-02,1102.6,41.46,0.1,continuous log
AST-02,1102.8,41.46,0.1,continuous log
AST-02,1103,41.46,0.1,continuous log
AST-02,1103.2,41.46,0.1,continuous log
AST-02,1103.4,41.46,0.1,continuous log
AST-02,1103.6,41.49,0.1,continuous log
AST-02,1103.8,41.49,0.1,continuous log
AST-02,1104,41.49,0.1,continuous log
AST-02,1104.2,41.49,0.1,continuous log
AST-02,1104.4,41.49,0.1,continuous log
AST-02,1104.6,41.49,0.1,continuous log
AST-02,1104.8,41.52,0.1,continuous log
AST-02,1105,41.54,0.1,continuous log
AST-02,1105.2,41.56,0.1,continuous log
AST-02,1105.4,41.56,0.1,continuous log
AST-02,1105.6,41.56,0.1,continuous log
AST-02,1105.8,41.53,0.1,continuous log
AST-02,1106,41.56,0.1,continuous log
AST-02,1106.2,41.56,0.1,continuous log
AST-02,1106.4,41.56,0.1,continuous log
AST-02,1106.6,41.6,0.1,continuous log
AST-02,1106.8,41.6,0.1,continuous log
AST-02,1107,41.6,0.1,continuous log
AST-02,1107.2,41.6,0.1,continuous log
AST-02,1107.4,41.65,0.1,continuous log
AST-02,1107.6,41.67,0.1,continuous log
AST-02,1107.8,41.63,0.1,continuous log
AST-02,1108,41.67,0.1,continuous log
AST-02,1108.2,41.67,0.1,continuous log
AST-02,1108.4,41.68,0.1,continuous log
AST-02,1108.6,41.7,0.1,continuous log
AST-02,1108.8,41.7,0.1,continuous log
AST-02,1109,41.7,0.1,continuous log
AST-02,1109.2,41.7,0.1,continuous log
AST-02,1109.4,41.7,0.1,continuous log
AST-02,1109.6,41.71,0.1,continuous log
AST-02,1109.8,41.72,0.1,continuous log
AST-02,1110,41.73,0.1,continuous log
AST-02,1110.2,41.74,0.1,continuous log
AST-02,1110.4,41.74,0.1,continuous log
AST-02,1110.6,41.74,0.1,continuous log
AST-02,1110.8,41.75,0.1,continuous log
AST-02,1111,41.76,0.1,continuous log
AST-02,1111.2,41.77,0.1,continuous log
AST-02,1111.4,41.78,0.1,continuous log
AST-02,1111.6,41.79,0.1,continuous log
AST-02,1111.8,41.8,0.1,continuous log
AST-02,1112,41.81,0.1,continuous log
AST-02,1112.2,41.82,0.1,continuous log
AST-02,1112.4,41.83,0.1,continuous log
AST-02,1112.6,41.84,0.1,continuous log
AST-02,1112.8,41.85,0.1,continuous log
AST-02,1113,41.85,0.1,continuous log
AST-02,1113.2,41.86,0.1,continuous log
AST-02,1113.4,41.87,0.1,continuous log
AST-02,1113.6,41.88,0.1,continuous log
AST-02,1113.8,41.89,0.1,continuous log
AST-02,1114,41.9,0.1,continuous log
AST-02,1114.2,41.91,0.1,continuous log
AST-02,1114.4,41.92,0.1,continuous log
AST-02,1114.6,41.93,0.1,continuous log
AST-02,1114.8,41.94,0.1,continuous log
AST-02,1115,41.95,0.1,continuous log
AST-02,1115.2,41.96,0.1,continuous log
AST-02,1115.4,41.97,0.1,continuous log
AST-02,1115.6,41.98,0.1,continuous log
AST-02,1115.8,41.99,0.1,continuous log
AST-02,1116,42,0.1,continuous log
AST-02,1116.2,42.01,0.1,continuous log
AST-02,1116.4,42.01,0.1,continuous log
AST-02,1116.6,42.02,0.1,continuous log
AST-02,1116.8,42.03,0.1,continuous log
AST-02,1117,42.04,0.1,continuous log
AST-02,1117.2,42.05,0.1,continuous log
AST-02,1117.4,42.06,0.1,continuous log
AST-02,1117.6,42.07,0.1,continuous log
AST-02,1117.8,42.08,0.1,continuous log
AST-02,1118,42.09,0.1,continuous log
AST-02,1118.2,42.1,0.1,continuous log
AST-02,1118.4,42.11,0.1,continuous log
AST-02,1118.6,42.12,0.1,continuous log
AST-02,1118.8,42.13,0.1,continuous log
AST-02,1119,42.14,0.1,continuous log
AST-02,1119.2,42.15,0.1,continuous log
AST-02,1119.4,42.16,0.1,continuous log
AST-02,1119.6,42.17,0.1,continuous log
AST-02,1119.8,42.17,0.1,continuous log
AST-02,1120,42.18,0.1,continuous log
AST-02,1120.2,42.19,0.1,continuous log
AST-02,1120.4,42.2,0.1,continuous log
AST-02,1120.6,42.21,0.1,continuous log
AST-02,1120.8,42.22,0.1,continuous log
AST-02,1121,42.23,0.1,continuous log
AST-02,1121.2,42.24,0.1,continuous log
AST-02,1121.4,42.25,0.1,continuous log
AST-02,1121.6,42.26,0.1,continuous log
AST-02,1121.8,42.27,0.1,continuous log
AST-02,1122,42.27,0.1,continuous log
AST-02,1122.2,42.28,0.1,continuous log
AST-02,1122.4,42.29,0.1,continuous log
AST-02,1122.6,42.3,0.1,continuous log
AST-02,1122.8,42.31,0.1,continuous log
AST-02,1123,42.32,0.1,continuous log
AST-02,1123.2,42.33,0.1,continuous log
AST-02,1123.4,42.34,0.1,continuous log
AST-02,1123.6,42.34,0.1,continuous log
AST-02,1123.8,42.35,0.1,continuous log
AST-02,1124,42.36,0.1,continuous log
AST-02,1124.2,42.37,0.1,continuous log
AST-02,1124.4,42.38,0.1,continuous log
AST-02,1124.6,42.39,0.1,continuous log
AST-02,1124.8,42.4,0.1,continuous log
AST-02,1125,42.41,0.1,continuous log
AST-02,1125.2,42.42,0.1,continuous log
AST-02,1125.4,42.43,0.1,continuous log
AST-02,1125.6,42.44,0.1,continuous log
AST-02,1125.8,42.45,0.1,continuous log
AST-02,1126,42.46,0.1,continuous log
AST-02,1126.2,42.47,0.1,continuous log
AST-02,1126.4,42.48,0.1,continuous log
AST-02,1126.6,42.48,0.1,continuous log
AST-02,1126.8,42.49,0.1,continuous log
AST-02,1127,42.5,0.1,continuous log
AST-02,1127.2,42.51,0.1,continuous log
AST-02,1127.4,42.52,0.1,continuous log
AST-02,1127.6,42.53,0.1,continuous log
AST-02,1127.8,42.54,0.1,continuous log
AST-02,1128,42.55,0.1,continuous log
AST-02,1128.2,42.56,0.1,continuous log
AST-02,1128.4,42.57,0.1,continuous log
AST-02,1128.6,42.58,0.1,continuous log
AST-02,1128.8,42.59,0.1,continuous log
AST-02,1129,42.6,0.1,continuous log
AST-02,1129.2,42.61,0.1,continuous log
AST-02,1129.4,42.62,0.1,continuous log
AST-02,1129.6,42.63,0.1,continuous log
AST-02,1129.8,42.63,0.1,continuous log
AST-02,1130,42.64,0.1,continuous log
AST-02,1130.2,42.65,0.1,continuous log
AST-02,1130.4,42.66,0.1,continuous log
AST-02,1130.6,42.67,0.1,continuous log
AST-02,1130.8,42.68,0.1,continuous log
AST-02,1131,42.69,0.1,continuous log
AST-02,1131.2,42.7,0.1,continuous log
AST-02,1131.4,42.71,0.1,continuous log
AST-02,1131.6,42.72,0.1,continuous log
AST-02,1131.8,42.73,0.1,continuous log
AST-02,1132,42.74,0.1,continuous log
AST-02,1132.2,42.75,0.1,continuous log
AST-02,1132.4,42.76,0.1,continuous log
AST-02,1132.6,42.77,0.1,continuous log
AST-02,1132.8,42.77,0.1,continuous log
AST-02,1133,42.78,0.1,continuous log
AST-02,1133.2,42.79,0.1,continuous log
AST-02,1133.4,42.8,0.1,continuous log
AST-02,1133.6,42.81,0.1,continuous log
AST-02,1133.8,42.82,0.1,continuous log
AST-02,1134,42.83,0.1,continuous log
AST-02,1134.2,42.84,0.1,continuous log
AST-02,1134.4,42.85,0.1,continuous log
AST-02,1134.6,42.86,0.1,continuous log
AST-02,1134.8,42.87,0.1,continuous log
AST-02,1135,42.88,0.1,continuous log
AST-02,1135.2,42.89,0.1,continuous log
AST-02,1135.4,42.9,0.1,continuous log
AST-02,1135.6,42.91,0.1,continuous log
AST-02,1135.8,42.92,0.1,continuous log
AST-02,1136,42.93,0.1,continuous log
AST-02,1136.2,42.94,0.1,continuous log
AST-02,1136.4,42.95,0.1,continuous log
AST-02,1136.6,42.95,0.1,continuous log
AST-02,1136.8,42.96,0.1,continuous log
AST-02,1137,42.97,0.1,continuous log
AST-02,1137.2,42.98,0.1,continuous log
AST-02,1137.4,42.99,0.1,continuous log
AST-02,1137.6,43,0.1,continuous log
AST-02,1137.8,43.01,0.1,continuous log
AST-02,1138,43.02,0.1,continuous log
AST-02,1138.2,43.03,0.1,continuous log
AST-02,1138.4,43.04,0.1,continuous log
AST-02,1138.6,43.05,0.1,continuous log
AST-02,1138.8,43.06,0.1,continuous log
AST-02,1139,43.07,0.1,continuous log
AST-02,1139.2,43.08,0.1,continuous log
AST-02,1139.4,43.09,0.1,continuous log
AST-02,1139.6,43.1,0.1,continuous log
AST-02,1139.8,43.11,0.1,continuous log
AST-02,1140,43.12,0.1,continuous log
AST-02,1140.2,43.13,0.1,continuous log
AST-02,1140.4,43.14,0.1,continuous log
AST-02,1140.6,43.15,0.1,continuous log
AST-02,1140.8,43.16,0.1,continuous log
AST-02,1141,43.17,0.1,continuous log
AST-02,1141.2,43.18,0.1,continuous log
AST-02,1141.4,43.19,0.1,continuous log
AST-02,1141.6,43.19,0.1,continuous log
AST-02,1141.8,43.2,0.1,continuous log
AST-02,1142,43.21,0.1,continuous log
AST-02,1142.2,43.22,0.1,continuous log
AST-02,1142.4,43.23,0.1,continuous log
AST-02,1142.6,43.24,0.1,continuous log
AST-02,1142.8,43.25,0.1,continuous log
AST-02,1143,43.26,0.1,continuous log
AST-02,1143.2,43.27,0.1,continuous log
AST-02,1143.4,43.28,0.1,continuous log
AST-02,1143.6,43.29,0.1,continuous log
AST-02,1143.8,43.3,0.1,continuous log
AST-02,1144,43.31,0.1,continuous log
AST-02,1144.2,43.32,0.1,continuous log
AST-02,1144.4,43.33,0.1,continuous log
AST-02,1144.6,43.34,0.1,continuous log
AST-02,1144.8,43.35,0.1,continuous log
AST-02,1145,43.36,0.1,continuous log
AST-02,1145.2,43.37,0.1,continuous log
AST-02,1145.4,43.38,0.1,continuous log
AST-02,1145.6,43.39,0.1,continuous log
AST-02,1145.8,43.4,0.1,continuous log
AST-02,1146,43.41,0.1,continuous log
AST-02,1146.2,43.42,0.1,continuous log
AST-02,1146.4,43.42,0.1,continuous log
AST-02,1146.6,43.43,0.1,continuous log
AST-02,1146.8,43.44,0.1,continuous log
AST-02,1147,43.45,0.1,continuous log
AST-02,1147.2,43.46,0.1,continuous log
AST-02,1147.4,43.47,0.1,continuous log
AST-02,1147.6,43.48,0.1,continuous log
AST-02,1147.8,43.49,0.1,continuous log
AST-02,1148,43.5,0.1,continuous log
AST-02,1148.2,43.51,0.1,continuous log
AST-02,1148.4,43.52,0.1,continuous log
AST-02,1148.6,43.53,0.1,continuous log
AST-02,1148.8,43.54,0.1,continuous log
AST-02,1149,43.55,0.1,continuous log
AST-02,1149.2,43.56,0.1,continuous log
AST-02,1149.4,43.57,0.1,continuous log
AST-02,1149.6,43.58,0.1,continuous log
AST-02,1149.8,43.59,0.1,continuous log
AST-02,1150,43.6,0.1,continuous log
AST-02,1150.2,43.61,0.1,continuous log
AST-02,1150.4,43.62,0.1,continuous log
AST-02,1150.6,43.63,0.1,continuous log
AST-02,1150.8,43.64,0.1,continuous log
AST-02,1151,43.65,0.1,continuous log
AST-02,1151.2,43.65,0.1,continuous log
AST-02,1151.4,43.66,0.1,continuous log
AST-02,1151.6,43.67,0.1,continuous log
AST-02,1151.8,43.68,0.1,continuous log
AST-02,1152,43.69,0.1,continuous log
AST-02,1152.2,43.7,0.1,continuous log
AST-02,1152.4,43.71,0.1,continuous log
AST-02,1152.6,43.72,0.1,continuous log
AST-02,1152.8,43.73,0.1,continuous log
AST-02,1153,43.74,0.1,continuous log
AST-02,1153.2,43.74,0.1,continuous log
AST-02,1153.4,43.75,0.1,continuous log
AST-02,1153.6,43.76,0.1,continuous log
AST-02,1153.8,43.77,0.1,continuous log
AST-02,1154,43.78,0.1,continuous log
AST-02,1154.2,43.79,0.1,continuous log
AST-02,1154.4,43.8,0.1,continuous log
AST-02,1154.6,43.81,0.1,continuous log
AST-02,1154.8,43.82,0.1,continuous log
AST-02,1155,43.83,0.1,continuous log
AST-02,1155.2,43.83,0.1,continuous log
AST-02,1155.4,43.84,0.1,continuous log
AST-02,1155.6,43.85,0.1,continuous log
AST-02,1155.8,43.86,0.1,continuous log
AST-02,1156,43.87,0.1,continuous log
AST-02,1156.2,43.88,0.1,continuous log
AST-02,1156.4,43.89,0.1,continuous log
AST-02,1156.6,43.9,0.1,continuous log
AST-02,1156.8,43.91,0.1,continuous log
AST-02,1157,43.92,0.1,continuous log
AST-02,1157.2,43.92,0.1,continuous log
AST-02,1157.4,43.93,0.1,continuous log
AST-02,1157.6,43.94,0.1,continuous log
AST-02,1157.8,43.95,0.1,continuous log
AST-02,1158,43.96,0.1,continuous log
AST-02,1158.2,43.97,0.1,continuous log
AST-02,1158.4,43.98,0.1,continuous log
AST-02,1158.6,43.98,0.1,continuous log
AST-02,1158.8,43.99,0.1,continuous log
AST-02,1159,44,0.1,continuous log
AST-02,1159.2,44.01,0.1,continuous log
AST-02,1159.4,44.01,0.1,continuous log
AST-02,1159.6,44.02,0.1,continuous log
AST-02,1159.8,44.03,0.1,continuous log
AST-02,1160,44.04,0.1,continuous log
AST-02,1160.2,44.04,0.1,continuous log
AST-02,1160.4,44.05,0.1,continuous log
AST-02,1160.6,44.06,0.1,continuous log
AST-02,1160.8,44.06,0.1,continuous log
AST-02,1161,44.07,0.1,continuous log
AST-02,1161.2,44.08,0.1,continuous log
AST-02,1161.4,44.09,0.1,continuous log
AST-02,1161.6,44.09,0.1,continuous log
AST-02,1161.8,44.1,0.1,continuous log
AST-02,1162,44.11,0.1,continuous log
AST-02,1162.2,44.12,0.1,continuous log
AST-02,1162.4,44.12,0.1,continuous log
AST-02,1162.6,44.13,0.1,continuous log
AST-02,1162.8,44.14,0.1,continuous log
AST-02,1163,44.14,0.1,continuous log
AST-02,1163.2,44.15,0.1,continuous log
AST-02,1163.4,44.16,0.1,continuous log
AST-02,1163.6,44.17,0.1,continuous log
AST-02,1163.8,44.17,0.1,continuous log
AST-02,1164,44.18,0.1,continuous log
AST-02,1164.2,44.19,0.1,continuous log
AST-02,1164.4,44.2,0.1,continuous log
AST-02,1164.6,44.2,0.1,continuous log
AST-02,1164.8,44.21,0.1,continuous log
AST-02,1165,44.22,0.1,continuous log
AST-02,1165.2,44.22,0.1,continuous log
AST-02,1165.4,44.23,0.1,continuous log
AST-02,1165.6,44.24,0.1,continuous log
AST-02,1165.8,44.25,0.1,continuous log
AST-02,1166,44.25,0.1,continuous log
AST-02,1166.2,44.26,0.1,continuous log
AST-02,1166.4,44.27,0.1,continuous log
AST-02,1166.6,44.28,0.1,continuous log
AST-02,1166.8,44.28,0.1,continuous log
AST-02,1167,44.29,0.1,continuous log
AST-02,1167.2,44.3,0.1,continuous log
AST-02,1167.4,44.3,0.1,continuous log
AST-02,1167.6,44.31,0.1,continuous log
AST-02,1167.8,44.32,0.1,continuous log
AST-02,1168,44.33,0.1,continuous log
AST-02,1168.2,44.33,0.1,continuous log
AST-02,1168.4,44.34,0.1,continuous log
AST-02,1168.6,44.35,0.1,continuous log
AST-02,1168.8,44.36,0.1,continuous log
AST-02,1169,44.36,0.1,continuous log
AST-02,1169.2,44.37,0.1,continuous log
AST-02,1169.4,44.38,0.1,continuous log
AST-02,1169.6,44.38,0.1,continuous log
AST-02,1169.8,44.39,0.1,continuous log
AST-02,1170,44.4,0.1,continuous log
AST-02,1170.2,44.41,0.1,continuous log
AST-02,1170.4,44.41,0.1,continuous log
AST-02,1170.6,44.42,0.1,continuous log
AST-02,1170.8,44.43,0.1,continuous log
AST-02,1171,44.44,0.1,continuous log
AST-02,1171.2,44.44,0.1,continuous log
AST-02,1171.4,44.45,0.1,continuous log
AST-02,1171.6,44.46,0.1,continuous log
AST-02,1171.8,44.46,0.1,continuous log
AST-02,1172,44.47,0.1,continuous log
AST-02,1172.2,44.48,0.1,continuous log
AST-02,1172.4,44.49,0.1,continuous log
AST-02,1172.6,44.49,0.1,continuous log
AST-02,1172.8,44.5,0.1,continuous log
AST-02,1173,44.51,0.1,continuous log
AST-02,1173.2,44.52,0.1,continuous log
AST-02,1173.4,44.52,0.1,continuous log
AST-02,1173.6,44.53,0.1,continuous log
AST-02,1173.8,44.54,0.1,continuous log
AST-02,1174,44.54,0.1,continuous log
AST-02,1174.2,44.55,0.1,continuous log
AST-02,1174.4,44.56,0.1,continuous log
AST-02,1174.6,44.57,0.1,continuous log
AST-02,1174.8,44.57,0.1,continuous log
AST-02,1175,44.58,0.1,continuous log
AST-02,1175.2,44.59,0.1,continuous log
AST-02,1175.4,44.6,0.1,continuous log
AST-02,1175.6,44.6,0.1,continuous log
AST-02,1175.8,44.61,0.1,continuous log
AST-02,1176,44.62,0.1,continuous log
AST-02,1176.2,44.62,0.1,continuous log
AST-02,1176.4,44.63,0.1,continuous log
AST-02,1176.6,44.64,0.1,continuous log
AST-02,1176.8,44.65,0.1,continuous log
AST-02,1177,44.65,0.1,continuous log
AST-02,1177.2,44.66,0.1,continuous log
AST-02,1177.4,44.67,0.1,continuous log
AST-02,1177.6,44.68,0.1,continuous log
AST-02,1177.8,44.68,0.1,continuous log
AST-02,1178,44.69,0.1,continuous log
AST-02,1178.2,44.7,0.1,continuous log
AST-02,1178.4,44.71,0.1,continuous log
AST-02,1178.6,44.71,0.1,continuous log
AST-02,1178.8,44.72,0.1,continuous log
AST-02,1179,44.73,0.1,continuous log
AST-02,1179.2,44.73,0.1,continuous log
AST-02,1179.4,44.74,0.1,continuous log
AST-02,1179.6,44.75,0.1,continuous log
AST-02,1179.8,44.76,0.1,continuous log
AST-02,1180,44.77,0.1,continuous log
AST-02,1180.2,44.79,0.1,continuous log
AST-02,1180.4,44.8,0.1,continuous log
AST-02,1180.6,44.82,0.1,continuous log
AST-02,1180.8,44.84,0.1,continuous log
AST-02,1181,44.85,0.1,continuous log
AST-02,1181.2,44.87,0.1,continuous log
AST-02,1181.4,44.88,0.1,continuous log
AST-02,1181.6,44.9,0.1,continuous log
AST-02,1181.8,44.92,0.1,continuous log
AST-02,1182,44.93,0.1,continuous log
AST-02,1182.2,44.95,0.1,continuous log
AST-02,1182.4,44.97,0.1,continuous log
AST-02,1182.6,44.97,0.1,continuous log
AST-02,1182.8,44.97,0.1,continuous log
AST-02,1183,44.97,0.1,continuous log
AST-02,1183.2,44.97,0.1,continuous log
AST-02,1183.4,44.97,0.1,continuous log
AST-02,1183.6,44.97,0.1,continuous log
AST-02,1183.8,44.97,0.1,continuous log
AST-02,1184,44.97,0.1,continuous log
AST-02,1184.2,44.97,0.1,continuous log
AST-02,1184.4,44.97,0.1,continuous log
AST-02,1184.6,44.97,0.1,continuous log
AST-02,1184.8,44.97,0.1,continuous log
AST-02,1185,44.97,0.1,continuous log
AST-02,1185.2,44.97,0.1,continuous log
AST-02,1185.4,44.97,0.1,continuous log
AST-02,1185.6,44.97,0.1,continuous log
AST-02,1185.8,44.97,0.1,continuous log
AST-02,1186,44.97,0.1,continuous log
AST-02,1186.2,44.97,0.1,continuous log
AST-02,1186.4,44.97,0.1,continuous log
AST-02,1186.6,44.97,0.1,continuous log
AST-02,1186.8,44.97,0.1,continuous log
AST-02,1187,44.97,0.1,continuous log
AST-02,1187.2,44.97,0.1,continuous log
AST-02,1187.4,44.97,0.1,continuous log
AST-02,1187.6,44.97,0.1,continuous log
AST-02,1187.8,44.97,0.1,continuous log
AST-02,1188,44.97,0.1,continuous log
AST-02,1188.2,44.97,0.1,continuous log
AST-02,1188.4,44.97,0.1,continuous log
AST-02,1188.6,44.97,0.1,continuous log
AST-02,1188.8,44.97,0.1,continuous log
AST-02,1189,44.99,0.1,continuous log
AST-02,1189.2,45,0.1,continuous log
AST-02,1189.4,45.02,0.1,continuous log
AST-02,1189.6,45.03,0.1,continuous log
AST-02,1189.8,45.04,0.1,continuous log
AST-02,1190,45.06,0.1,continuous log
AST-02,1190.2,45.07,0.1,continuous log
AST-02,1190.4,45.08,0.1,continuous log
AST-02,1190.6,45.1,0.1,continuous log
AST-02,1190.8,45.11,0.1,continuous log
AST-02,1191,45.12,0.1,continuous log
AST-02,1191.2,45.14,0.1,continuous log
AST-02,1191.4,45.15,0.1,continuous log
AST-02,1191.6,45.16,0.1,continuous log
AST-02,1191.8,45.18,0.1,continuous log
AST-02,1192,45.19,0.1,continuous log
AST-02,1192.2,45.21,0.1,continuous log
AST-02,1192.4,45.22,0.1,continuous log
AST-02,1192.6,45.23,0.1,continuous log
AST-02,1192.8,45.25,0.1,continuous log
AST-02,1193,45.26,0.1,continuous log
AST-02,1193.2,45.27,0.1,continuous log
AST-02,1193.4,45.29,0.1,continuous log
AST-02,1193.6,45.3,0.1,continuous log
AST-02,1193.8,45.31,0.1,continuous log
AST-02,1194,45.33,0.1,continuous log
AST-02,1194.2,45.34,0.1,continuous log
AST-02,1194.4,45.35,0.1,continuous log
AST-02,1194.6,45.37,0.1,continuous log
AST-02,1194.8,45.38,0.1,continuous log
AST-02,1195,45.4,0.1,continuous log
AST-02,1195.2,45.41,0.1,continuous log
AST-02,1195.4,45.42,0.1,continuous log
AST-02,1195.6,45.43,0.1,continuous log
AST-02,1195.8,45.44,0.1,continuous log
AST-02,1196,45.45,0.1,continuous log
AST-02,1196.2,45.46,0.1,continuous log
AST-02,1196.4,45.46,0.1,continuous log
AST-02,1196.6,45.47,0.1,continuous log
AST-02,1196.8,45.48,0.1,continuous log
AST-02,1197,45.49,0.1,continuous log
AST-02,1197.2,45.49,0.1,continuous log
AST-02,1197.4,45.5,0.1,continuous log
AST-02,1197.6,45.51,0.1,continuous log
AST-02,1197.8,45.52,0.1,continuous log
AST-02,1198,45.52,0.1,continuous log
AST-02,1198.2,45.53,0.1,continuous log
AST-02,1198.4,45.54,0.1,continuous log
AST-02,1198.6,45.54,0.1,continuous log
AST-02,1198.8,45.55,0.1,continuous log
AST-02,1199,45.56,0.1,continuous log
AST-02,1199.2,45.57,0.1,continuous log
AST-02,1199.4,45.57,0.1,continuous log
AST-02,1199.6,45.58,0.1,continuous log
AST-02,1199.8,45.59,0.1,continuous log
AST-02,1200,45.6,0.1,continuous log
AST-02,1200.2,45.6,0.1,continuous log
AST-02,1200.4,45.61,0.1,continuous log
AST-02,1200.6,45.62,0.1,continuous log
AST-02,1200.8,45.62,0.1,continuous log
AST-02,1201,45.63,0.1,continuous log
AST-02,1201.2,45.64,0.1,continuous log
AST-02,1201.4,45.65,0.1,continuous log
AST-02,1201.6,45.65,0.1,continuous log
AST-02,1201.8,45.66,0.1,continuous log
AST-02,1202,45.67,0.1,continuous log
AST-02,1202.2,45.68,0.1,continuous log
AST-02,1202.4,45.68,0.1,continuous log
AST-02,1202.6,45.69,0.1,continuous log
AST-02,1202.8,45.7,0.1,continuous log
AST-02,1203,45.71,0.1,continuous log
AST-02,1203.2,45.71,0.1,continuous log
AST-02,1203.4,45.72,0.1,continuous log
AST-02,1203.6,45.73,0.1,continuous log
AST-02,1203.8,45.73,0.1,continuous log
AST-02,1204,45.74,0.1,continuous log
AST-02,1204.2,45.75,0.1,continuous log
AST-02,1204.4,45.76,0.1,continuous log
AST-02,1204.6,45.76,0.1,continuous log
AST-02,1204.8,45.77,0.1,continuous log
AST-02,1205,45.78,0.1,continuous log
AST-02,1205.2,45.79,0.1,continuous log
AST-02,1205.4,45.79,0.1,continuous log
AST-02,1205.6,45.8,0.1,continuous log
AST-02,1205.8,45.81,0.1,continuous log
AST-02,1206,45.82,0.1,continuous log
AST-02,1206.2,45.82,0.1,continuous log
AST-02,1206.4,45.83,0.1,continuous log
AST-02,1206.6,45.84,0.1,continuous log
AST-02,1206.8,45.84,0.1,continuous log
AST-02,1207,45.85,0.1,continuous log
AST-02,1207.2,45.86,0.1,continuous log
AST-02,1207.4,45.87,0.1,continuous log
AST-02,1207.6,45.87,0.1,continuous log
AST-02,1207.8,45.88,0.1,continuous log
AST-02,1208,45.89,0.1,continuous log
AST-02,1208.2,45.9,0.1,continuous log
AST-02,1208.4,45.9,0.1,continuous log
AST-02,1208.6,45.91,0.1,continuous log
AST-02,1208.8,45.92,0.1,continuous log
AST-02,1209,45.93,0.1,continuous log
AST-02,1209.2,45.93,0.1,continuous log
AST-02,1209.4,45.94,0.1,continuous log
AST-02,1209.6,45.95,0.1,continuous log
AST-02,1209.8,45.95,0.1,continuous log
AST-02,1210,45.96,0.1,continuous log
AST-02,1210.2,45.97,0.1,continuous log
AST-02,1210.4,45.98,0.1,continuous log
AST-02,1210.6,45.98,0.1,continuous log
AST-02,1210.8,45.99,0.1,continuous log
AST-02,1211,46,0.1,continuous log
AST-02,1211.2,46.01,0.1,continuous log
AST-02,1211.4,46.02,0.1,continuous log
AST-02,1211.6,46.03,0.1,continuous log
AST-02,1211.8,46.04,0.1,continuous log
AST-02,1212,46.05,0.1,continuous log
AST-02,1212.2,46.05,0.1,continuous log
AST-02,1212.4,46.06,0.1,continuous log
AST-02,1212.6,46.07,0.1,continuous log
AST-02,1212.8,46.08,0.1,continuous log
AST-02,1213,46.09,0.1,continuous log
AST-02,1213.2,46.1,0.1,continuous log
AST-02,1213.4,46.11,0.1,continuous log
AST-02,1213.6,46.12,0.1,continuous log
AST-02,1213.8,46.13,0.1,continuous log
AST-02,1214,46.14,0.1,continuous log
AST-02,1214.2,46.15,0.1,continuous log
AST-02,1214.4,46.16,0.1,continuous log
AST-02,1214.6,46.17,0.1,continuous log
AST-02,1214.8,46.18,0.1,continuous log
AST-02,1215,46.19,0.1,continuous log
AST-02,1215.2,46.2,0.1,continuous log
AST-02,1215.4,46.21,0.1,continuous log
AST-02,1215.6,46.22,0.1,continuous log
AST-02,1215.8,46.23,0.1,continuous log
AST-02,1216,46.24,0.1,continuous log
AST-02,1216.2,46.24,0.1,continuous log
AST-02,1216.4,46.25,0.1,continuous log
AST-02,1216.6,46.26,0.1,continuous log
AST-02,1216.8,46.27,0.1,continuous log
AST-02,1217,46.28,0.1,continuous log
AST-02,1217.2,46.29,0.1,continuous log
AST-02,1217.4,46.3,0.1,continuous log
AST-02,1217.6,46.31,0.1,continuous log
AST-02,1217.8,46.32,0.1,continuous log
AST-02,1218,46.33,0.1,continuous log
AST-02,1218.2,46.34,0.1,continuous log
AST-02,1218.4,46.35,0.1,continuous log
AST-02,1218.6,46.36,0.1,continuous log
AST-02,1218.8,46.37,0.1,continuous log
AST-02,1219,46.37,0.1,continuous log
AST-02,1219.2,46.38,0.1,continuous log
AST-02,1219.4,46.39,0.1,continuous log
AST-02,1219.6,46.4,0.1,continuous log
AST-02,1219.8,46.4,0.1,continuous log
AST-02,1220,46.41,0.1,continuous log
AST-02,1220.2,46.42,0.1,continuous log
AST-02,1220.4,46.43,0.1,continuous log
AST-02,1220.6,46.44,0.1,continuous log
AST-02,1220.8,46.44,0.1,continuous log
AST-02,1221,46.45,0.1,continuous log
AST-02,1221.2,46.46,0.1,continuous log
AST-02,1221.4,46.47,0.1,continuous log
AST-02,1221.6,46.47,0.1,continuous log
AST-02,1221.8,46.48,0.1,continuous log
AST-02,1222,46.49,0.1,continuous log
AST-02,1222.2,46.5,0.1,continuous log
AST-02,1222.4,46.5,0.1,continuous log
AST-02,1222.6,46.51,0.1,continuous log
AST-02,1222.8,46.52,0.1,continuous log
AST-02,1223,46.53,0.1,continuous log
AST-02,1223.2,46.54,0.1,continuous log
AST-02,1223.4,46.54,0.1,continuous log
AST-02,1223.6,46.55,0.1,continuous log
AST-02,1223.8,46.56,0.1,continuous log
AST-02,1224,46.57,0.1,continuous log
AST-02,1224.2,46.57,0.1,continuous log
AST-02,1224.4,46.58,0.1,continuous log
AST-02,1224.6,46.59,0.1,continuous log
AST-02,1224.8,46.6,0.1,continuous log
AST-02,1225,46.6,0.1,continuous log
AST-02,1225.2,46.61,0.1,continuous log
AST-02,1225.4,46.62,0.1,continuous log
AST-02,1225.6,46.63,0.1,continuous log
AST-02,1225.8,46.64,0.1,continuous log
AST-02,1226,46.64,0.1,continuous log
AST-02,1226.2,46.65,0.1,continuous log
AST-02,1226.4,46.66,0.1,continuous log
AST-02,1226.6,46.67,0.1,continuous log
AST-02,1226.8,46.67,0.1,continuous log
AST-02,1227,46.68,0.1,continuous log
AST-02,1227.2,46.69,0.1,continuous log
AST-02,1227.4,46.7,0.1,continuous log
AST-02,1227.6,46.7,0.1,continuous log
AST-02,1227.8,46.71,0.1,continuous log
AST-02,1228,46.72,0.1,continuous log
AST-02,1228.2,46.73,0.1,continuous log
AST-02,1228.4,46.74,0.1,continuous log
AST-02,1228.6,46.74,0.1,continuous log
AST-02,1228.8,46.75,0.1,continuous log
AST-02,1229,46.76,0.1,continuous log
AST-02,1229.2,46.77,0.1,continuous log
AST-02,1229.4,46.77,0.1,continuous log
AST-02,1229.6,46.78,0.1,continuous log
AST-02,1229.8,46.78,0.1,continuous log
AST-02,1230,46.79,0.1,continuous log
AST-02,1230.2,46.79,0.1,continuous log
AST-02,1230.4,46.8,0.1,continuous log
AST-02,1230.6,46.8,0.1,continuous log
AST-02,1230.8,46.8,0.1,continuous log
AST-02,1231,46.81,0.1,continuous log
AST-02,1231.2,46.81,0.1,continuous log
AST-02,1231.4,46.82,0.1,continuous log
AST-02,1231.6,46.82,0.1,continuous log
AST-02,1231.8,46.83,0.1,continuous log
AST-02,1232,46.83,0.1,continuous log
AST-02,1232.2,46.84,0.1,continuous log
AST-02,1232.4,46.84,0.1,continuous log
AST-02,1232.6,46.84,0.1,continuous log
AST-02,1232.8,46.85,0.1,continuous log
AST-02,1233,46.85,0.1,continuous log
AST-02,1233.2,46.86,0.1,continuous log
AST-02,1233.4,46.86,0.1,continuous log
AST-02,1233.6,46.87,0.1,continuous log
AST-02,1233.8,46.87,0.1,continuous log
AST-02,1234,46.87,0.1,continuous log
AST-02,1234.2,46.88,0.1,continuous log
AST-02,1234.4,46.88,0.1,continuous log
AST-02,1234.6,46.89,0.1,continuous log
AST-02,1234.8,46.89,0.1,continuous log
AST-02,1235,46.9,0.1,continuous log
AST-02,1235.2,46.9,0.1,continuous log
AST-02,1235.4,46.91,0.1,continuous log
AST-02,1235.6,46.91,0.1,continuous log
AST-02,1235.8,46.91,0.1,continuous log
AST-02,1236,46.92,0.1,continuous log
AST-02,1236.2,46.92,0.1,continuous log
AST-02,1236.4,46.93,0.1,continuous log
AST-02,1236.6,46.93,0.1,continuous log
AST-02,1236.8,46.94,0.1,continuous log
AST-02,1237,46.94,0.1,continuous log
AST-02,1237.2,46.94,0.1,continuous log
AST-02,1237.4,46.95,0.1,continuous log
AST-02,1237.6,46.95,0.1,continuous log
AST-02,1237.8,46.96,0.1,continuous log
AST-02,1238,46.96,0.1,continuous log
AST-02,1238.2,46.97,0.1,continuous log
AST-02,1238.4,46.97,0.1,continuous log
AST-02,1238.6,46.98,0.1,continuous log
AST-02,1238.8,46.98,0.1,continuous log
AST-02,1239,46.98,0.1,continuous log
AST-02,1239.2,46.99,0.1,continuous log
AST-02,1239.4,46.99,0.1,continuous log
AST-02,1239.6,47,0.1,continuous log
AST-02,1239.8,47.01,0.1,continuous log
AST-02,1240,47.03,0.1,continuous log
AST-02,1240.2,47.04,0.1,continuous log
AST-02,1240.4,47.05,0.1,continuous log
AST-02,1240.6,47.07,0.1,continuous log
AST-02,1240.8,47.08,0.1,continuous log
AST-02,1241,47.09,0.1,continuous log
AST-02,1241.2,47.11,0.1,continuous log
AST-02,1241.4,47.12,0.1,continuous log
AST-02,1241.6,47.14,0.1,continuous log
AST-02,1241.8,47.15,0.1,continuous log
AST-02,1242,47.16,0.1,continuous log
AST-02,1242.2,47.18,0.1,continuous log
AST-02,1242.4,47.19,0.1,continuous log
AST-02,1242.6,47.2,0.1,continuous log
AST-02,1242.8,47.22,0.1,continuous log
AST-02,1243,47.23,0.1,continuous log
AST-02,1243.2,47.24,0.1,continuous log
AST-02,1243.4,47.26,0.1,continuous log
AST-02,1243.6,47.27,0.1,continuous log
AST-02,1243.8,47.28,0.1,continuous log
AST-02,1244,47.3,0.1,continuous log
AST-02,1244.2,47.31,0.1,continuous log
AST-02,1244.4,47.32,0.1,continuous log
AST-02,1244.6,47.34,0.1,continuous log
AST-02,1244.8,47.35,0.1,continuous log
AST-02,1245,47.36,0.1,continuous log
AST-02,1245.2,47.36,0.1,continuous log
AST-02,1245.4,47.37,0.1,continuous log
AST-02,1245.6,47.38,0.1,continuous log
AST-02,1245.8,47.39,0.1,continuous log
AST-02,1246,47.39,0.1,continuous log
AST-02,1246.2,47.4,0.1,continuous log
AST-02,1246.4,47.41,0.1,continuous log
AST-02,1246.6,47.42,0.1,continuous log
AST-02,1246.8,47.42,0.1,continuous log
AST-02,1247,47.43,0.1,continuous log
AST-02,1247.2,47.44,0.1,continuous log
AST-02,1247.4,47.44,0.1,continuous log
AST-02,1247.6,47.45,0.1,continuous log
AST-02,1247.8,47.46,0.1,continuous log
AST-02,1248,47.47,0.1,continuous log
AST-02,1248.2,47.47,0.1,continuous log
AST-02,1248.4,47.48,0.1,continuous log
AST-02,1248.6,47.49,0.1,continuous log
AST-02,1248.8,47.5,0.1,continuous log
AST-02,1249,47.5,0.1,continuous log
AST-02,1249.2,47.51,0.1,continuous log
AST-02,1249.4,47.52,0.1,continuous log
AST-02,1249.6,47.52,0.1,continuous log
AST-02,1249.8,47.53,0.1,continuous log
AST-02,1250,47.54,0.1,continuous log
AST-02,1250.2,47.55,0.1,continuous log
AST-02,1250.4,47.55,0.1,continuous log
AST-02,1250.6,47.56,0.1,continuous log
AST-02,1250.8,47.57,0.1,continuous log
AST-02,1251,47.57,0.1,continuous log
AST-02,1251.2,47.58,0.1,continuous log
AST-02,1251.4,47.59,0.1,continuous log
AST-02,1251.6,47.6,0.1,continuous log
AST-02,1251.8,47.6,0.1,continuous log
AST-02,1252,47.61,0.1,continuous log
AST-02,1252.2,47.62,0.1,continuous log
AST-02,1252.4,47.63,0.1,continuous log
AST-02,1252.6,47.63,0.1,continuous log
AST-02,1252.8,47.64,0.1,continuous log
AST-02,1253,47.65,0.1,continuous log
AST-02,1253.2,47.65,0.1,continuous log
AST-02,1253.4,47.66,0.1,continuous log
AST-02,1253.6,47.67,0.1,continuous log
AST-02,1253.8,47.68,0.1,continuous log
AST-02,1254,47.68,0.1,continuous log
AST-02,1254.2,47.69,0.1,continuous log
AST-02,1254.4,47.7,0.1,continuous log
AST-02,1254.6,47.71,0.1,continuous log
AST-02,1254.8,47.71,0.1,continuous log
AST-02,1255,47.72,0.1,continuous log
AST-02,1255.2,47.73,0.1,continuous log
AST-02,1255.4,47.73,0.1,continuous log
AST-02,1255.6,47.74,0.1,continuous log
AST-02,1255.8,47.75,0.1,continuous log
AST-02,1256,47.76,0.1,continuous log
AST-02,1256.2,47.76,0.1,continuous log
AST-02,1256.4,47.77,0.1,continuous log
AST-02,1256.6,47.78,0.1,continuous log
AST-02,1256.8,47.78,0.1,continuous log
AST-02,1257,47.79,0.1,continuous log
AST-02,1257.2,47.8,0.1,continuous log
AST-02,1257.4,47.81,0.1,continuous log
AST-02,1257.6,47.81,0.1,continuous log
AST-02,1257.8,47.82,0.1,continuous log
AST-02,1258,47.83,0.1,continuous log
AST-02,1258.2,47.84,0.1,continuous log
AST-02,1258.4,47.84,0.1,continuous log
AST-02,1258.6,47.85,0.1,continuous log
AST-02,1258.8,47.86,0.1,continuous log
AST-02,1259,47.86,0.1,continuous log
AST-02,1259.2,47.87,0.1,continuous log
AST-02,1259.4,47.88,0.1,continuous log
AST-02,1259.6,47.89,0.1,continuous log
AST-02,1259.8,47.89,0.1,continuous log
AST-02,1260,47.9,0.1,continuous log
AST-02,1260.2,47.91,0.1,continuous log
AST-02,1260.4,47.92,0.1,continuous log
AST-02,1260.6,47.92,0.1,continuous log
AST-02,1260.8,47.93,0.1,continuous log
AST-02,1261,47.94,0.1,continuous log
AST-02,1261.2,47.95,0.1,continuous log
AST-02,1261.4,47.96,0.1,continuous log
AST-02,1261.6,47.97,0.1,continuous log
AST-02,1261.8,47.98,0.1,continuous log
AST-02,1262,47.99,0.1,continuous log
AST-02,1262.2,48,0.1,continuous log
AST-02,1262.4,48.01,0.1,continuous log
AST-02,1262.6,48.02,0.1,continuous log
AST-02,1262.8,48.03,0.1,continuous log
AST-02,1263,48.04,0.1,continuous log
AST-02,1263.2,48.05,0.1,continuous log
AST-02,1263.4,48.06,0.1,continuous log
AST-02,1263.6,48.07,0.1,continuous log
AST-02,1263.8,48.08,0.1,continuous log
AST-02,1264,48.1,0.1,continuous log
AST-02,1264.2,48.11,0.1,continuous log
AST-02,1264.4,48.12,0.1,continuous log
AST-02,1264.6,48.13,0.1,continuous log
AST-02,1264.8,48.14,0.1,continuous log
AST-02,1265,48.15,0.1,continuous log
AST-02,1265.2,48.16,0.1,continuous log
AST-02,1265.4,48.17,0.1,continuous log
AST-02,1265.6,48.18,0.1,continuous log
AST-02,1265.8,48.19,0.1,continuous log
AST-02,1266,48.2,0.1,continuous log
AST-02,1266.2,48.21,0.1,continuous log
AST-02,1266.4,48.22,0.1,continuous log
AST-02,1266.6,48.23,0.1,continuous log
AST-02,1266.8,48.24,0.1,continuous log
AST-02,1267,48.25,0.1,continuous log
AST-02,1267.2,48.26,0.1,continuous log
AST-02,1267.4,48.27,0.1,continuous log
AST-02,1267.6,48.28,0.1,continuous log
AST-02,1267.8,48.29,0.1,continuous log
AST-02,1268,48.3,0.1,continuous log
AST-02,1268.2,48.31,0.1,continuous log
AST-02,1268.4,48.32,0.1,continuous log
AST-02,1268.6,48.33,0.1,continuous log
AST-02,1268.8,48.34,0.1,continuous log
AST-02,1269,48.35,0.1,continuous log
AST-02,1269.2,48.36,0.1,continuous log
AST-02,1269.4,48.37,0.1,continuous log
AST-02,1269.6,48.38,0.1,continuous log
AST-02,1269.8,48.39,0.1,continuous log
AST-02,1270,48.4,0.1,continuous log
AST-02,1270.2,48.41,0.1,continuous log
AST-02,1270.4,48.42,0.1,continuous log
AST-02,1270.6,48.43,0.1,continuous log
AST-02,1270.8,48.44,0.1,continuous log
AST-02,1271,48.45,0.1,continuous log
AST-02,1271.2,48.46,0.1,continuous log
AST-02,1271.4,48.47,0.1,continuous log
AST-02,1271.6,48.48,0.1,continuous log
AST-02,1271.8,48.49,0.1,continuous log
AST-02,1272,48.5,0.1,continuous log
AST-02,1272.2,48.51,0.1,continuous log
AST-02,1272.4,48.52,0.1,continuous log
AST-02,1272.6,48.53,0.1,continuous log
AST-02,1272.8,48.54,0.1,continuous log
AST-02,1273,48.55,0.1,continuous log
AST-02,1273.2,48.56,0.1,continuous log
AST-02,1273.4,48.57,0.1,continuous log
AST-02,1273.6,48.58,0.1,continuous log
AST-02,1273.8,48.59,0.1,continuous log
AST-02,1274,48.6,0.1,continuous log
AST-02,1274.2,48.61,0.1,continuous log
AST-02,1274.4,48.62,0.1,continuous log
AST-02,1274.6,48.63,0.1,continuous log
AST-02,1274.8,48.64,0.1,continuous log
AST-02,1275,48.65,0.1,continuous log
AST-02,1275.2,48.66,0.1,continuous log
AST-02,1275.4,48.67,0.1,continuous log
AST-02,1275.6,48.68,0.1,continuous log
AST-02,1275.8,48.69,0.1,continuous log
AST-02,1276,48.7,0.1,continuous log
AST-02,1276.2,48.19,0.1,continuous log
AST-02,1276.4,48.21,0.1,continuous log
AST-02,1276.6,48.23,0.1,continuous log
AST-02,1276.8,48.25,0.1,continuous log
AST-02,1277,48.27,0.1,continuous log
AST-02,1277.2,48.29,0.1,continuous log
AST-02,1277.4,48.31,0.1,continuous log
AST-02,1277.6,48.34,0.1,continuous log
AST-02,1277.8,48.36,0.1,continuous log
AST-02,1278,48.38,0.1,continuous log
AST-02,1278.2,48.4,0.1,continuous log
AST-02,1278.4,48.42,0.1,continuous log
AST-02,1278.6,48.44,0.1,continuous log
AST-02,1278.8,48.46,0.1,continuous log
AST-02,1279,48.48,0.1,continuous log
AST-02,1279.2,48.5,0.1,continuous log
AST-02,1279.4,48.53,0.1,continuous log
AST-02,1279.6,48.55,0.1,continuous log
AST-02,1279.8,48.57,0.1,continuous log
AST-02,1280,48.59,0.1,continuous log
AST-02,1280.2,48.61,0.1,continuous log
AST-02,1280.4,48.63,0.1,continuous log
AST-02,1280.6,48.65,0.1,continuous log
AST-02,1280.8,48.67,0.1,continuous log
AST-02,1281,48.69,0.1,continuous log
AST-02,1281.2,48.72,0.1,continuous log
AST-02,1281.4,48.74,0.1,continuous log
AST-02,1281.6,48.76,0.1,continuous log
AST-02,1281.8,48.78,0.1,continuous log
AST-02,1282,48.81,0.1,continuous log
AST-02,1282.2,48.82,0.1,continuous log
AST-02,1282.4,48.84,0.1,continuous log
AST-02,1282.6,48.86,0.1,continuous log
AST-02,1282.8,48.89,0.1,continuous log
AST-02,1283,48.91,0.1,continuous log
AST-02,1283.2,48.93,0.1,continuous log
AST-02,1283.4,48.95,0.1,continuous log
AST-02,1283.6,48.97,0.1,continuous log
AST-02,1283.8,48.99,0.1,continuous log
AST-02,1284,49.01,0.1,continuous log
AST-02,1284.2,49.03,0.1,continuous log
AST-02,1284.4,49.05,0.1,continuous log
AST-02,1284.6,49.08,0.1,continuous log
AST-02,1284.8,49.1,0.1,continuous log
AST-02,1285,49.12,0.1,continuous log
AST-02,1285.2,49.14,0.1,continuous log
AST-02,1285.4,49.16,0.1,continuous log
AST-02,1285.6,49.16,0.1,continuous log
AST-02,1285.8,49.16,0.1,continuous log
AST-02,1286,49.16,0.1,continuous log
AST-02,1286.2,49.16,0.1,continuous log
AST-02,1286.4,49.16,0.1,continuous log
AST-02,1286.6,49.16,0.1,continuous log
AST-02,1286.8,49.16,0.1,continuous log
AST-02,1287,49.16,0.1,continuous log
AST-02,1287.2,49.16,0.1,continuous log
AST-02,1287.4,49.16,0.1,continuous log
AST-02,1287.6,49.16,0.1,continuous log
AST-02,1287.8,49.16,0.1,continuous log
AST-02,1288,49.16,0.1,continuous log
AST-02,1288.2,49.16,0.1,continuous log
AST-02,1288.4,49.16,0.1,continuous log
AST-02,1288.6,49.16,0.1,continuous log
AST-02,1288.8,49.17,0.1,continuous log
AST-02,1289,49.18,0.1,continuous log
AST-02,1289.2,49.19,0.1,continuous log
AST-02,1289.4,49.2,0.1,continuous log
AST-02,1289.6,49.21,0.1,continuous log
AST-02,1289.8,49.22,0.1,continuous log
AST-02,1290,49.23,0.1,continuous log
AST-02,1290.2,49.25,0.1,continuous log
AST-02,1290.4,49.26,0.1,continuous log
AST-02,1290.6,49.27,0.1,continuous log
AST-02,1290.8,49.28,0.1,continuous log
AST-02,1291,49.29,0.1,continuous log
AST-02,1291.2,49.3,0.1,continuous log
AST-02,1291.4,49.31,0.1,continuous log
AST-02,1291.6,49.32,0.1,continuous log
AST-02,1291.8,49.33,0.1,continuous log
AST-02,1292,49.34,0.1,continuous log
AST-02,1292.2,49.35,0.1,continuous log
AST-02,1292.4,49.36,0.1,continuous log
AST-02,1292.6,49.37,0.1,continuous log
AST-02,1292.8,49.38,0.1,continuous log
AST-02,1293,49.39,0.1,continuous log
AST-02,1293.2,49.4,0.1,continuous log
AST-02,1293.4,49.41,0.1,continuous log
AST-02,1293.6,49.42,0.1,continuous log
AST-02,1293.8,49.43,0.1,continuous log
AST-02,1294,49.44,0.1,continuous log
AST-02,1294.2,49.45,0.1,continuous log
AST-02,1294.4,49.47,0.1,continuous log
AST-02,1294.6,49.48,0.1,continuous log
AST-02,1294.8,49.49,0.1,continuous log
AST-02,1295,49.5,0.1,continuous log
AST-02,1295.2,49.51,0.1,continuous log
AST-02,1295.4,49.52,0.1,continuous log
AST-02,1295.6,49.53,0.1,continuous log
AST-02,1295.8,49.54,0.1,continuous log
AST-02,1296,49.55,0.1,continuous log
AST-02,1296.2,49.56,0.1,continuous log
AST-02,1296.4,49.57,0.1,continuous log
AST-02,1296.6,49.58,0.1,continuous log
AST-02,1296.8,49.59,0.1,continuous log
AST-02,1297,49.6,0.1,continuous log
AST-02,1297.2,49.61,0.1,continuous log
AST-02,1297.4,49.62,0.1,continuous log
AST-02,1297.6,49.63,0.1,continuous log
AST-02,1297.8,49.63,0.1,continuous log
AST-02,1298,49.64,0.1,continuous log
AST-02,1298.2,49.65,0.1,continuous log
AST-02,1298.4,49.66,0.1,continuous log
AST-02,1298.6,49.67,0.1,continuous log
AST-02,1298.8,49.68,0.1,continuous log
AST-02,1299,49.69,0.1,continuous log
AST-02,1299.2,49.7,0.1,continuous log
AST-02,1299.4,49.7,0.1,continuous log
AST-02,1299.6,49.71,0.1,continuous log
AST-02,1299.8,49.72,0.1,continuous log
AST-02,1300,49.73,0.1,continuous log
AST-02,1300.2,49.74,0.1,continuous log
AST-02,1300.4,49.75,0.1,continuous log
AST-02,1300.6,49.76,0.1,continuous log
AST-02,1300.8,49.77,0.1,continuous log
AST-02,1301,49.77,0.1,continuous log
AST-02,1301.2,49.78,0.1,continuous log
AST-02,1301.4,49.79,0.1,continuous log
AST-02,1301.6,49.8,0.1,continuous log
AST-02,1301.8,49.81,0.1,continuous log
AST-02,1302,49.82,0.1,continuous log
AST-02,1302.2,49.83,0.1,continuous log
AST-02,1302.4,49.84,0.1,continuous log
AST-02,1302.6,49.84,0.1,continuous log
AST-02,1302.8,49.85,0.1,continuous log
AST-02,1303,49.86,0.1,continuous log
AST-02,1303.2,49.87,0.1,continuous log
AST-02,1303.4,49.88,0.1,continuous log
AST-02,1303.6,49.89,0.1,continuous log
AST-02,1303.8,49.9,0.1,continuous log
AST-02,1304,49.91,0.1,continuous log
AST-02,1304.2,49.92,0.1,continuous log
AST-02,1304.4,49.92,0.1,continuous log
AST-02,1304.6,49.93,0.1,continuous log
AST-02,1304.8,49.94,0.1,continuous log
AST-02,1305,49.95,0.1,continuous log
AST-02,1305.2,49.96,0.1,continuous log
AST-02,1305.4,49.97,0.1,continuous log
AST-02,1305.6,49.98,0.1,continuous log
AST-02,1305.8,49.98,0.1,continuous log
AST-02,1306,49.99,0.1,continuous log
AST-02,1306.2,50,0.1,continuous log
AST-02,1306.4,50,0.1,continuous log
AST-02,1306.6,50.01,0.1,continuous log
AST-02,1306.8,50.01,0.1,continuous log
AST-02,1307,50.02,0.1,continuous log
AST-02,1307.2,50.03,0.1,continuous log
AST-02,1307.4,50.03,0.1,continuous log
AST-02,1307.6,50.04,0.1,continuous log
AST-02,1307.8,50.05,0.1,continuous log
AST-02,1308,50.05,0.1,continuous log
AST-02,1308.2,50.06,0.1,continuous log
AST-02,1308.4,50.06,0.1,continuous log
AST-02,1308.6,50.07,0.1,continuous log
AST-02,1308.8,50.08,0.1,continuous log
AST-02,1309,50.08,0.1,continuous log
AST-02,1309.2,50.09,0.1,continuous log
AST-02,1309.4,50.1,0.1,continuous log
AST-02,1309.6,50.1,0.1,continuous log
AST-02,1309.8,50.11,0.1,continuous log
AST-02,1310,50.11,0.1,continuous log
AST-02,1310.2,50.12,0.1,continuous log
AST-02,1310.4,50.13,0.1,continuous log
AST-02,1310.6,50.13,0.1,continuous log
AST-02,1310.8,50.14,0.1,continuous log
AST-02,1311,50.15,0.1,continuous log
AST-02,1311.2,50.15,0.1,continuous log
AST-02,1311.4,50.16,0.1,continuous log
AST-02,1311.6,50.17,0.1,continuous log
AST-02,1311.8,50.17,0.1,continuous log
AST-02,1312,50.18,0.1,continuous log
AST-02,1312.2,50.18,0.1,continuous log
AST-02,1312.4,50.19,0.1,continuous log
AST-02,1312.6,50.19,0.1,continuous log
AST-02,1312.8,50.2,0.1,continuous log
AST-02,1313,50.2,0.1,continuous log
AST-02,1313.2,50.21,0.1,continuous log
AST-02,1313.4,50.21,0.1,continuous log
AST-02,1313.6,50.22,0.1,continuous log
AST-02,1313.8,50.22,0.1,continuous log
AST-02,1314,50.22,0.1,continuous log
AST-02,1314.2,50.23,0.1,continuous log
AST-02,1314.4,50.23,0.1,continuous log
AST-02,1314.6,50.24,0.1,continuous log
AST-02,1314.8,50.24,0.1,continuous log
AST-02,1315,50.25,0.1,continuous log
AST-02,1315.2,50.25,0.1,continuous log
AST-02,1315.4,50.25,0.1,continuous log
AST-02,1315.6,50.26,0.1,continuous log
AST-02,1315.8,50.26,0.1,continuous log
AST-02,1316,50.27,0.1,continuous log
AST-02,1316.2,50.27,0.1,continuous log
AST-02,1316.4,50.27,0.1,continuous log
AST-02,1316.6,50.28,0.1,continuous log
AST-02,1316.8,50.28,0.1,continuous log
AST-02,1317,50.29,0.1,continuous log
AST-02,1317.2,50.29,0.1,continuous log
AST-02,1317.4,50.3,0.1,continuous log
AST-02,1317.6,50.31,0.1,continuous log
AST-02,1317.8,50.32,0.1,continuous log
AST-02,1318,50.34,0.1,continuous log
AST-02,1318.2,50.36,0.1,continuous log
AST-02,1318.4,50.37,0.1,continuous log
AST-02,1318.6,50.39,0.1,continuous log
AST-02,1318.8,50.4,0.1,continuous log
AST-02,1319,50.42,0.1,continuous log
AST-02,1319.2,50.43,0.1,continuous log
AST-02,1319.4,50.45,0.1,continuous log
AST-02,1319.6,50.46,0.1,continuous log
AST-02,1319.8,50.48,0.1,continuous log
AST-02,1320,50.49,0.1,continuous log
AST-02,1320.2,50.51,0.1,continuous log
AST-02,1320.4,50.53,0.1,continuous log
AST-02,1320.6,50.54,0.1,continuous log
AST-02,1320.8,50.56,0.1,continuous log
AST-02,1321,50.57,0.1,continuous log
AST-02,1321.2,50.59,0.1,continuous log
AST-02,1321.4,50.6,0.1,continuous log
AST-02,1321.6,50.62,0.1,continuous log
AST-02,1321.8,50.62,0.1,continuous log
AST-02,1322,50.62,0.1,continuous log
AST-02,1322.2,50.63,0.1,continuous log
AST-02,1322.4,50.63,0.1,continuous log
AST-02,1322.6,50.63,0.1,continuous log
AST-02,1322.8,50.64,0.1,continuous log
AST-02,1323,50.64,0.1,continuous log
AST-02,1323.2,50.64,0.1,continuous log
AST-02,1323.4,50.65,0.1,continuous log
AST-02,1323.6,50.65,0.1,continuous log
AST-02,1323.8,50.65,0.1,continuous log
AST-02,1324,50.65,0.1,continuous log
AST-02,1324.2,50.66,0.1,continuous log
AST-02,1324.4,50.66,0.1,continuous log
AST-02,1324.6,50.66,0.1,continuous log
AST-02,1324.8,50.67,0.1,continuous log
AST-02,1325,50.67,0.1,continuous log
AST-02,1325.2,50.67,0.1,continuous log
AST-02,1325.4,50.68,0.1,continuous log
AST-02,1325.6,50.68,0.1,continuous log
AST-02,1325.8,50.68,0.1,continuous log
AST-02,1326,50.69,0.1,continuous log
AST-02,1326.2,50.69,0.1,continuous log
AST-02,1326.4,50.69,0.1,continuous log
AST-02,1326.6,50.7,0.1,continuous log
AST-02,1326.8,50.7,0.1,continuous log
AST-02,1327,50.7,0.1,continuous log
AST-02,1327.2,50.7,0.1,continuous log
AST-02,1327.4,50.71,0.1,continuous log
AST-02,1327.6,50.71,0.1,continuous log
AST-02,1327.8,50.71,0.1,continuous log
AST-02,1328,50.72,0.1,continuous log
AST-02,1328.2,50.72,0.1,continuous log
AST-02,1328.4,50.72,0.1,continuous log
AST-02,1328.6,50.73,0.1,continuous log
AST-02,1328.8,50.73,0.1,continuous log
AST-02,1329,50.73,0.1,continuous log
AST-02,1329.2,50.74,0.1,continuous log
AST-02,1329.4,50.74,0.1,continuous log
AST-02,1329.6,50.74,0.1,continuous log
AST-02,1329.8,50.74,0.1,continuous log
AST-02,1330,50.75,0.1,continuous log
AST-02,1330.2,50.75,0.1,continuous log
AST-02,1330.4,50.75,0.1,continuous log
AST-02,1330.6,50.76,0.1,continuous log
AST-02,1330.8,50.76,0.1,continuous log
AST-02,1331,50.76,0.1,continuous log
AST-02,1331.2,50.77,0.1,continuous log
AST-02,1331.4,50.77,0.1,continuous log
AST-02,1331.6,50.78,0.1,continuous log
AST-02,1331.8,50.79,0.1,continuous log
AST-02,1332,50.79,0.1,continuous log
AST-02,1332.2,50.8,0.1,continuous log
AST-02,1332.4,50.8,0.1,continuous log
AST-02,1332.6,50.81,0.1,continuous log
AST-02,1332.8,50.81,0.1,continuous log
AST-02,1333,50.82,0.1,continuous log
AST-02,1333.2,50.83,0.1,continuous log
AST-02,1333.4,50.83,0.1,continuous log
AST-02,1333.6,50.84,0.1,continuous log
AST-02,1333.8,50.84,0.1,continuous log
AST-02,1334,50.85,0.1,continuous log
AST-02,1334.2,50.85,0.1,continuous log
AST-02,1334.4,50.86,0.1,continuous log
AST-02,1334.6,50.87,0.1,continuous log
AST-02,1334.8,50.87,0.1,continuous log
AST-02,1335,50.88,0.1,continuous log
AST-02,1335.2,50.88,0.1,continuous log
AST-02,1335.4,50.89,0.1,continuous log
AST-02,1335.6,50.89,0.1,continuous log
AST-02,1335.8,50.9,0.1,continuous log
AST-02,1336,50.91,0.1,continuous log
AST-02,1336.2,50.91,0.1,continuous log
AST-02,1336.4,50.92,0.1,continuous log
AST-02,1336.6,50.92,0.1,continuous log
AST-02,1336.8,50.93,0.1,continuous log
AST-02,1337,50.93,0.1,continuous log
AST-02,1337.2,50.94,0.1,continuous log
AST-02,1337.4,50.94,0.1,continuous log
AST-02,1337.6,50.95,0.1,continuous log
AST-02,1337.8,50.96,0.1,continuous log
AST-02,1338,50.96,0.1,continuous log
AST-02,1338.2,50.97,0.1,continuous log
AST-02,1338.4,50.97,0.1,continuous log
AST-02,1338.6,50.97,0.1,continuous log
AST-02,1338.8,50.96,0.1,continuous log
AST-02,1339,50.96,0.1,continuous log
AST-02,1339.2,50.96,0.1,continuous log
AST-02,1339.4,50.95,0.1,continuous log
AST-02,1339.6,50.95,0.1,continuous log
AST-02,1339.8,50.95,0.1,continuous log
AST-02,1340,50.95,0.1,continuous log
AST-02,1340.2,50.94,0.1,continuous log
AST-02,1340.4,50.94,0.1,continuous log
AST-02,1340.6,50.94,0.1,continuous log
AST-02,1340.8,50.93,0.1,continuous log
AST-02,1341,50.93,0.1,continuous log
AST-02,1341.2,50.93,0.1,continuous log
AST-02,1341.4,50.92,0.1,continuous log
AST-02,1341.6,50.92,0.1,continuous log
AST-02,1341.8,50.92,0.1,continuous log
AST-02,1342,50.91,0.1,continuous log
AST-02,1342.2,50.91,0.1,continuous log
AST-02,1342.4,50.91,0.1,continuous log
AST-02,1342.6,50.9,0.1,continuous log
AST-02,1342.8,50.9,0.1,continuous log
AST-02,1343,50.9,0.1,continuous log
AST-02,1343.2,50.89,0.1,continuous log
AST-02,1343.4,50.89,0.1,continuous log
AST-02,1343.6,50.89,0.1,continuous log
AST-02,1343.8,50.88,0.1,continuous log
AST-02,1344,50.88,0.1,continuous log
AST-02,1344.2,50.88,0.1,continuous log
AST-02,1344.4,50.87,0.1,continuous log
AST-02,1344.6,50.87,0.1,continuous log
AST-02,1344.8,50.87,0.1,continuous log
AST-02,1345,50.87,0.1,continuous log
AST-02,1345.2,50.88,0.1,continuous log
AST-02,1345.4,50.89,0.1,continuous log
AST-02,1345.6,50.9,0.1,continuous log
AST-02,1345.8,50.91,0.1,continuous log
AST-02,1346,50.92,0.1,continuous log
AST-02,1346.2,50.93,0.1,continuous log
AST-02,1346.4,50.95,0.1,continuous log
AST-02,1346.6,50.96,0.1,continuous log
AST-02,1346.8,50.97,0.1,continuous log
AST-02,1347,50.98,0.1,continuous log
AST-02,1347.2,50.99,0.1,continuous log
AST-02,1347.4,51,0.1,continuous log
AST-02,1347.6,51.01,0.1,continuous log
AST-02,1347.8,51.02,0.1,continuous log
AST-02,1348,51.03,0.1,continuous log
AST-02,1348.2,51.04,0.1,continuous log
AST-02,1348.4,51.05,0.1,continuous log
AST-02,1348.6,51.06,0.1,continuous log
AST-02,1348.8,51.07,0.1,continuous log
AST-02,1349,51.08,0.1,continuous log
AST-02,1349.2,51.09,0.1,continuous log
AST-02,1349.4,51.1,0.1,continuous log
AST-02,1349.6,51.11,0.1,continuous log
AST-02,1349.8,51.13,0.1,continuous log
AST-02,1350,51.14,0.1,continuous log
AST-02,1350.2,51.15,0.1,continuous log
AST-02,1350.4,51.16,0.1,continuous log
AST-02,1350.6,51.17,0.1,continuous log
AST-02,1350.8,51.18,0.1,continuous log
AST-02,1351,51.19,0.1,continuous log
AST-02,1351.2,51.21,0.1,continuous log
AST-02,1351.4,51.22,0.1,continuous log
AST-02,1351.6,51.24,0.1,continuous log
AST-02,1351.8,51.25,0.1,continuous log
AST-02,1352,51.27,0.1,continuous log
AST-02,1352.2,51.28,0.1,continuous log
AST-02,1352.4,51.3,0.1,continuous log
AST-02,1352.6,51.31,0.1,continuous log
AST-02,1352.8,51.33,0.1,continuous log
AST-02,1353,51.34,0.1,continuous log
AST-02,1353.2,51.36,0.1,continuous log
AST-02,1353.4,51.37,0.1,continuous log
AST-02,1353.6,51.39,0.1,continuous log
AST-02,1353.8,51.4,0.1,continuous log
AST-02,1354,51.42,0.1,continuous log
AST-02,1354.2,51.43,0.1,continuous log
AST-02,1354.4,51.45,0.1,continuous log
AST-02,1354.6,51.46,0.1,continuous log
AST-02,1354.8,51.48,0.1,continuous log
AST-02,1355,51.49,0.1,continuous log
AST-02,1355.2,51.51,0.1,continuous log
AST-02,1355.4,51.52,0.1,continuous log
AST-02,1355.6,51.54,0.1,continuous log
AST-02,1355.8,51.55,0.1,continuous log
AST-02,1356,51.56,0.1,continuous log
AST-02,1356.2,51.58,0.1,continuous log
AST-02,1356.4,51.59,0.1,continuous log
AST-02,1356.6,51.6,0.1,continuous log
AST-02,1356.8,51.61,0.1,continuous log
AST-02,1357,51.63,0.1,continuous log
AST-02,1357.2,51.64,0.1,continuous log
AST-02,1357.4,51.65,0.1,continuous log
AST-02,1357.6,51.67,0.1,continuous log
AST-02,1357.8,51.68,0.1,continuous log
AST-02,1358,51.69,0.1,continuous log
AST-02,1358.2,51.71,0.1,continuous log
AST-02,1358.4,51.72,0.1,continuous log
AST-02,1358.6,51.73,0.1,continuous log
AST-02,1358.8,51.75,0.1,continuous log
AST-02,1359,51.76,0.1,continuous log
AST-02,1359.2,51.77,0.1,continuous log
AST-02,1359.4,51.79,0.1,continuous log
AST-02,1359.6,51.8,0.1,continuous log
AST-02,1359.8,51.81,0.1,continuous log
AST-02,1360,51.83,0.1,continuous log
AST-02,1360.2,51.84,0.1,continuous log
AST-02,1360.4,51.85,0.1,continuous log
AST-02,1360.6,51.87,0.1,continuous log
AST-02,1360.8,51.88,0.1,continuous log
AST-02,1361,51.89,0.1,continuous log
AST-02,1361.2,51.91,0.1,continuous log
AST-02,1361.4,51.92,0.1,continuous log
AST-02,1361.6,51.93,0.1,continuous log
AST-02,1361.8,51.94,0.1,continuous log
AST-02,1362,51.96,0.1,continuous log
AST-02,1362.2,51.97,0.1,continuous log
AST-02,1362.4,51.98,0.1,continuous log
AST-02,1362.6,52,0.1,continuous log
AST-02,1362.8,52.01,0.1,continuous log
AST-02,1363,52.02,0.1,continuous log
AST-02,1363.2,52.04,0.1,continuous log
AST-02,1363.4,52.05,0.1,continuous log
AST-02,1363.6,52.06,0.1,continuous log
AST-02,1363.8,52.08,0.1,continuous log
AST-02,1364,52.09,0.1,continuous log
AST-02,1364.2,52.1,0.1,continuous log
AST-02,1364.4,52.11,0.1,continuous log
AST-02,1364.6,52.12,0.1,continuous log
AST-02,1364.8,52.12,0.1,continuous log
AST-02,1365,52.13,0.1,continuous log
AST-02,1365.2,52.14,0.1,continuous log
AST-02,1365.4,52.15,0.1,continuous log
AST-02,1365.6,52.16,0.1,continuous log
AST-02,1365.8,52.17,0.1,continuous log
AST-02,1366,52.18,0.1,continuous log
AST-02,1366.2,52.19,0.1,continuous log
AST-02,1366.4,52.2,0.1,continuous log
AST-02,1366.6,52.21,0.1,continuous log
AST-02,1366.8,52.22,0.1,continuous log
AST-02,1367,52.23,0.1,continuous log
AST-02,1367.2,52.24,0.1,continuous log
AST-02,1367.4,52.25,0.1,continuous log
AST-02,1367.6,52.25,0.1,continuous log
AST-02,1367.8,52.26,0.1,continuous log
AST-02,1368,52.27,0.1,continuous log
AST-02,1368.2,52.28,0.1,continuous log
AST-02,1368.4,52.29,0.1,continuous log
AST-02,1368.6,52.3,0.1,continuous log
AST-02,1368.8,52.31,0.1,continuous log
AST-02,1369,52.32,0.1,continuous log
AST-02,1369.2,52.33,0.1,continuous log
AST-02,1369.4,52.34,0.1,continuous log
AST-02,1369.6,52.35,0.1,continuous log
AST-02,1369.8,52.36,0.1,continuous log
AST-02,1370,52.37,0.1,continuous log
AST-02,1370.2,52.38,0.1,continuous log
AST-02,1370.4,52.39,0.1,continuous log
AST-02,1370.6,52.39,0.1,continuous log
AST-02,1370.8,52.4,0.1,continuous log
AST-02,1371,52.41,0.1,continuous log
AST-02,1371.2,52.42,0.1,continuous log
AST-02,1371.4,52.43,0.1,continuous log
AST-02,1371.6,52.43,0.1,continuous log
AST-02,1371.8,52.43,0.1,continuous log
AST-02,1372,52.43,0.1,continuous log
AST-02,1372.2,52.43,0.1,continuous log
AST-02,1372.4,52.43,0.1,continuous log
AST-02,1372.6,52.43,0.1,continuous log
AST-02,1372.8,52.43,0.1,continuous log
AST-02,1373,52.43,0.1,continuous log
AST-02,1373.2,52.43,0.1,continuous log
AST-02,1373.4,52.43,0.1,continuous log
AST-02,1373.6,52.43,0.1,continuous log
AST-02,1373.8,52.43,0.1,continuous log
AST-02,1374,52.43,0.1,continuous log
AST-02,1374.2,52.43,0.1,continuous log
AST-02,1374.4,52.43,0.1,continuous log
AST-02,1374.6,52.43,0.1,continuous log
AST-02,1374.8,52.43,0.1,continuous log
AST-02,1375,52.43,0.1,continuous log
AST-02,1375.2,52.43,0.1,continuous log
AST-02,1375.4,52.43,0.1,continuous log
AST-02,1375.6,52.43,0.1,continuous log
AST-02,1375.8,52.43,0.1,continuous log
AST-02,1376,52.43,0.1,continuous log
AST-02,1376.2,52.43,0.1,continuous log
AST-02,1376.4,52.43,0.1,continuous log
AST-02,1376.6,52.44,0.1,continuous log
AST-02,1376.8,52.45,0.1,continuous log
AST-02,1377,52.46,0.1,continuous log
AST-02,1377.2,52.47,0.1,continuous log
AST-02,1377.4,52.48,0.1,continuous log
AST-02,1377.6,52.49,0.1,continuous log
AST-02,1377.8,52.5,0.1,continuous log
AST-02,1378,52.51,0.1,continuous log
AST-02,1378.2,52.53,0.1,continuous log
AST-02,1378.4,52.54,0.1,continuous log
AST-02,1378.6,52.55,0.1,continuous log
AST-02,1378.8,52.56,0.1,continuous log
AST-02,1379,52.57,0.1,continuous log
AST-02,1379.2,52.58,0.1,continuous log
AST-02,1379.4,52.59,0.1,continuous log
AST-02,1379.6,52.6,0.1,continuous log
AST-02,1379.8,52.61,0.1,continuous log
AST-02,1380,52.62,0.1,continuous log
AST-02,1380.2,52.63,0.1,continuous log
AST-02,1380.4,52.64,0.1,continuous log
AST-02,1380.6,52.65,0.1,continuous log
AST-02,1380.8,52.66,0.1,continuous log
AST-02,1381,52.67,0.1,continuous log
AST-02,1381.2,52.61,0.1,continuous log
AST-02,1381.4,52.61,0.1,continuous log
AST-02,1381.6,52.59,0.1,continuous log
AST-02,1381.8,52.57,0.1,continuous log
AST-02,1382,52.61,0.1,continuous log
AST-02,1382.2,52.61,0.1,continuous log
AST-02,1382.4,52.71,0.1,continuous log
AST-02,1382.6,52.71,0.1,continuous log
AST-02,1382.8,52.71,0.1,continuous log
AST-02,1383,52.71,0.1,continuous log
AST-02,1383.2,52.71,0.1,continuous log
AST-02,1383.4,52.71,0.1,continuous log
AST-02,1383.6,52.71,0.1,continuous log
AST-02,1383.8,52.75,0.1,continuous log
AST-02,1384,52.78,0.1,continuous log
AST-02,1384.2,52.78,0.1,continuous log
AST-02,1384.4,52.78,0.1,continuous log
AST-02,1384.6,52.77,0.1,continuous log
AST-02,1384.8,52.77,0.1,continuous log
AST-02,1385,52.8,0.1,continuous log
AST-02,1385.2,52.82,0.1,continuous log
AST-02,1385.4,52.82,0.1,continuous log
AST-02,1385.6,52.82,0.1,continuous log
AST-02,1385.8,52.82,0.1,continuous log
AST-02,1386,52.82,0.1,continuous log
AST-02,1386.2,52.82,0.1,continuous log
AST-02,1386.4,52.82,0.1,continuous log
AST-02,1386.6,52.82,0.1,continuous log
AST-02,1386.8,52.82,0.1,continuous log
AST-02,1387,52.85,0.1,continuous log
AST-02,1387.2,52.89,0.1,continuous log
AST-02,1387.4,52.89,0.1,continuous log
AST-02,1387.6,52.85,0.1,continuous log
AST-02,1387.8,52.89,0.1,continuous log
AST-02,1388,52.89,0.1,continuous log
AST-02,1388.2,52.9,0.1,continuous log
AST-02,1388.4,52.91,0.1,continuous log
AST-02,1388.6,52.92,0.1,continuous log
AST-02,1388.8,52.92,0.1,continuous log
AST-02,1389,52.92,0.1,continuous log
AST-02,1389.2,52.96,0.1,continuous log
AST-02,1389.4,53,0.1,continuous log
AST-02,1389.6,53,0.1,continuous log
AST-02,1389.8,53,0.1,continuous log
AST-02,1390,53,0.1,continuous log
AST-02,1390.2,53,0.1,continuous log
AST-02,1390.4,53.01,0.1,continuous log
AST-02,1390.6,53.03,0.1,continuous log
AST-02,1390.8,53.03,0.1,continuous log
AST-02,1391,53.03,0.1,continuous log
AST-02,1391.2,53.03,0.1,continuous log
AST-02,1391.4,53.07,0.1,continuous log
AST-02,1391.6,53.1,0.1,continuous log
AST-02,1391.8,53.07,0.1,continuous log
AST-02,1392,53.05,0.1,continuous log
AST-02,1392.2,53.06,0.1,continuous log
AST-02,1392.4,53.07,0.1,continuous log
AST-02,1392.6,53.1,0.1,continuous log
AST-02,1392.8,53.1,0.1,continuous log
AST-02,1393,53.1,0.1,continuous log
AST-02,1393.2,53.1,0.1,continuous log
AST-02,1393.4,53.14,0.1,continuous log
AST-02,1393.6,53.14,0.1,continuous log
AST-02,1393.8,53.14,0.1,continuous log
AST-02,1394,53.14,0.1,continuous log
AST-02,1394.2,53.16,0.1,continuous log
AST-02,1394.4,53.17,0.1,continuous log
AST-02,1394.6,53.16,0.1,continuous log
AST-02,1394.8,53.15,0.1,continuous log
AST-02,1395,53.16,0.1,continuous log
AST-02,1395.2,53.17,0.1,continuous log
AST-02,1395.4,53.21,0.1,continuous log
AST-02,1395.6,53.17,0.1,continuous log
AST-02,1395.8,53.21,0.1,continuous log
AST-02,1396,53.24,0.1,continuous log
AST-02,1396.2,53.23,0.1,continuous log
AST-02,1396.4,53.21,0.1,continuous log
AST-02,1396.6,53.21,0.1,continuous log
AST-02,1396.8,53.21,0.1,continuous log
AST-02,1397,53.24,0.1,continuous log
AST-02,1397.2,53.3,0.1,continuous log
AST-02,1397.4,53.29,0.1,continuous log
AST-02,1397.6,53.28,0.1,continuous log
AST-02,1397.8,53.28,0.1,continuous log
AST-02,1398,53.28,0.1,continuous log
AST-02,1398.2,53.28,0.1,continuous log
AST-02,1398.4,53.28,0.1,continuous log
AST-02,1398.6,53.28,0.1,continuous log
AST-02,1398.8,53.28,0.1,continuous log
AST-02,1399,53.25,0.1,continuous log
AST-02,1399.2,53.25,0.1,continuous log
AST-02,1399.4,53.28,0.1,continuous log
AST-02,1399.6,53.29,0.1,continuous log
AST-02,1399.8,53.29,0.1,continuous log
AST-02,1400,53.3,0.1,continuous log
AST-02,1400.2,53.31,0.1,continuous log
AST-02,1400.4,53.32,0.1,continuous log
AST-02,1400.6,53.32,0.1,continuous log
AST-02,1400.8,53.35,0.1,continuous log
AST-02,1401,53.39,0.1,continuous log
AST-02,1401.2,53.39,0.1,continuous log
AST-02,1401.4,53.39,0.1,continuous log
AST-02,1401.6,53.39,0.1,continuous log
AST-02,1401.8,53.42,0.1,continuous log
AST-02,1402,53.42,0.1,continuous log
AST-02,1402.2,53.42,0.1,continuous log
AST-02,1402.4,53.42,0.1,continuous log
AST-02,1402.6,53.42,0.1,continuous log
AST-02,1402.8,53.42,0.1,continuous log
AST-02,1403,53.42,0.1,continuous log
AST-02,1403.2,53.46,0.1,continuous log
AST-02,1403.4,53.46,0.1,continuous log
AST-02,1403.6,53.49,0.1,continuous log
AST-02,1403.8,53.49,0.1,continuous log
AST-02,1404,53.49,0.1,continuous log
AST-02,1404.2,53.49,0.1,continuous log
AST-02,1404.4,53.49,0.1,continuous log
AST-02,1404.6,53.49,0.1,continuous log
AST-02,1404.8,53.49,0.1,continuous log
AST-02,1405,53.49,0.1,continuous log
AST-02,1405.2,53.49,0.1,continuous log
AST-02,1405.4,53.53,0.1,continuous log
AST-02,1405.6,53.53,0.1,continuous log
AST-02,1405.8,53.53,0.1,continuous log
AST-02,1406,53.53,0.1,continuous log
AST-02,1406.2,53.53,0.1,continuous log
AST-02,1406.4,53.53,0.1,continuous log
AST-02,1406.6,53.53,0.1,continuous log
AST-02,1406.8,53.56,0.1,continuous log
AST-02,1407,53.6,0.1,continuous log
AST-02,1407.2,53.6,0.1,continuous log
AST-02,1407.4,53.6,0.1,continuous log
AST-02,1407.6,53.6,0.1,continuous log
AST-02,1407.8,53.6,0.1,continuous log
AST-02,1408,53.6,0.1,continuous log
AST-02,1408.2,53.64,0.1,continuous log
AST-02,1408.4,53.64,0.1,continuous log
AST-02,1408.6,53.64,0.1,continuous log
AST-02,1408.8,53.64,0.1,continuous log
AST-02,1409,53.64,0.1,continuous log
AST-02,1409.2,53.64,0.1,continuous log
AST-02,1409.4,53.64,0.1,continuous log
AST-02,1409.6,53.67,0.1,continuous log
AST-02,1409.8,53.67,0.1,continuous log
AST-02,1410,53.67,0.1,continuous log
AST-02,1410.2,53.68,0.1,continuous log
AST-02,1410.4,53.7,0.1,continuous log
AST-02,1410.6,53.71,0.1,continuous log
AST-02,1410.8,53.71,0.1,continuous log
AST-02,1411,53.71,0.1,continuous log
AST-02,1411.2,53.71,0.1,continuous log
AST-02,1411.4,53.71,0.1,continuous log
AST-02,1411.6,53.74,0.1,continuous log
AST-02,1411.8,53.69,0.1,continuous log
AST-02,1412,53.67,0.1,continuous log
AST-02,1412.2,53.71,0.1,continuous log
AST-02,1412.4,53.74,0.1,continuous log
AST-02,1412.6,53.74,0.1,continuous log
AST-02,1412.8,53.78,0.1,continuous log
AST-02,1413,53.78,0.1,continuous log
AST-02,1413.2,53.85,0.1,continuous log
AST-02,1413.4,53.81,0.1,continuous log
AST-02,1413.6,53.85,0.1,continuous log
AST-02,1413.8,53.88,0.1,continuous log
AST-02,1414,53.86,0.1,continuous log
AST-02,1414.2,53.85,0.1,continuous log
AST-02,1414.4,53.88,0.1,continuous log
AST-02,1414.6,53.89,0.1,continuous log
AST-02,1414.8,53.9,0.1,continuous log
AST-02,1415,53.91,0.1,continuous log
AST-02,1415.2,53.92,0.1,continuous log
AST-02,1415.4,53.95,0.1,continuous log
AST-02,1415.6,53.98,0.1,continuous log
AST-02,1415.8,53.99,0.1,continuous log
AST-02,1416,53.99,0.1,continuous log
AST-02,1416.2,54.02,0.1,continuous log
AST-02,1416.4,54.03,0.1,continuous log
AST-02,1416.6,54.03,0.1,continuous log
AST-02,1416.8,54.03,0.1,continuous log
AST-02,1417,54.08,0.1,continuous log
AST-02,1417.2,54.1,0.1,continuous log
AST-02,1417.4,54.06,0.1,continuous log
AST-02,1417.6,54.06,0.1,continuous log
AST-02,1417.8,54.06,0.1,continuous log
AST-02,1418,54.07,0.1,continuous log
AST-02,1418.2,54.06,0.1,continuous log
AST-02,1418.4,54.06,0.1,continuous log
AST-02,1418.6,54.1,0.1,continuous log
AST-02,1418.8,54.16,0.1,continuous log
AST-02,1419,54.16,0.1,continuous log
AST-02,1419.2,54.13,0.1,continuous log
AST-02,1419.4,54.13,0.1,continuous log
AST-02,1419.6,54.12,0.1,continuous log
AST-02,1419.8,54.15,0.1,continuous log
AST-02,1420,54.18,0.1,continuous log
AST-02,1420.2,54.2,0.1,continuous log
AST-02,1420.4,54.24,0.1,continuous log
AST-02,1420.6,54.27,0.1,continuous log
AST-02,1420.8,54.27,0.1,continuous log
AST-02,1421,54.27,0.1,continuous log
AST-02,1421.2,54.27,0.1,continuous log
AST-02,1421.4,54.31,0.1,continuous log
AST-02,1421.6,54.35,0.1,continuous log
AST-02,1421.8,54.35,0.1,continuous log
AST-02,1422,54.35,0.1,continuous log
AST-02,1422.2,54.35,0.1,continuous log
AST-02,1422.4,54.35,0.1,continuous log
AST-02,1422.6,54.35,0.1,continuous log
AST-02,1422.8,54.38,0.1,continuous log
AST-02,1423,54.38,0.1,continuous log
AST-02,1423.2,54.41,0.1,continuous log
AST-02,1423.4,54.41,0.1,continuous log
AST-02,1423.6,54.38,0.1,continuous log
AST-02,1423.8,54.4,0.1,continuous log
AST-02,1424,54.38,0.1,continuous log
AST-02,1424.2,54.38,0.1,continuous log
AST-02,1424.4,54.31,0.1,continuous log
AST-02,1424.6,54.3,0.1,continuous log
AST-02,1424.8,54.34,0.1,continuous log
AST-02,1425,54.37,0.1,continuous log
AST-02,1425.2,54.4,0.1,continuous log
AST-02,1425.4,54.42,0.1,continuous log
AST-02,1425.6,54.45,0.1,continuous log
AST-02,1425.8,54.45,0.1,continuous log
AST-02,1426,54.45,0.1,continuous log
AST-02,1426.2,54.49,0.1,continuous log
AST-02,1426.4,54.49,0.1,continuous log
AST-02,1426.6,54.52,0.1,continuous log
AST-02,1426.8,54.53,0.1,continuous log
AST-02,1427,54.56,0.1,continuous log
AST-02,1427.2,54.56,0.1,continuous log
AST-02,1427.4,54.62,0.1,continuous log
AST-02,1427.6,54.59,0.1,continuous log
AST-02,1427.8,54.63,0.1,continuous log
AST-02,1428,54.65,0.1,continuous log
AST-02,1428.2,54.66,0.1,continuous log
AST-02,1428.4,54.66,0.1,continuous log
AST-02,1428.6,54.7,0.1,continuous log
AST-02,1428.8,54.7,0.1,continuous log
AST-02,1429,54.75,0.1,continuous log
AST-02,1429.2,54.77,0.1,continuous log
AST-02,1429.4,54.74,0.1,continuous log
AST-02,1429.6,54.74,0.1,continuous log
AST-02,1429.8,54.77,0.1,continuous log
AST-02,1430,54.79,0.1,continuous log
AST-02,1430.2,54.81,0.1,continuous log
AST-02,1430.4,54.81,0.1,continuous log
AST-02,1430.6,54.88,0.1,continuous log
AST-02,1430.8,54.85,0.1,continuous log
AST-02,1431,54.84,0.1,continuous log
AST-02,1431.2,54.88,0.1,continuous log
AST-02,1431.4,54.88,0.1,continuous log
AST-02,1431.6,54.89,0.1,continuous log
AST-02,1431.8,54.91,0.1,continuous log
AST-02,1432,54.91,0.1,continuous log
AST-02,1432.2,54.93,0.1,continuous log
AST-02,1432.4,54.95,0.1,continuous log
AST-02,1432.6,54.95,0.1,continuous log
AST-02,1432.8,54.98,0.1,continuous log
AST-02,1433,55.02,0.1,continuous log
AST-02,1433.2,55.02,0.1,continuous log
AST-02,1433.4,55.02,0.1,continuous log
AST-02,1433.6,55.02,0.1,continuous log
AST-02,1433.8,55.08,0.1,continuous log
AST-02,1434,55.09,0.1,continuous log
AST-02,1434.2,55.08,0.1,continuous log
AST-02,1434.4,55.09,0.1,continuous log
AST-02,1434.6,55.13,0.1,continuous log
AST-02,1434.8,55.14,0.1,continuous log
AST-02,1435,55.15,0.1,continuous log
AST-02,1435.2,55.16,0.1,continuous log
AST-02,1435.4,55.17,0.1,continuous log
AST-02,1435.6,55.2,0.1,continuous log
AST-02,1435.8,55.2,0.1,continuous log
AST-02,1436,55.2,0.1,continuous log
AST-02,1436.2,55.23,0.1,continuous log
AST-02,1436.4,55.22,0.1,continuous log
AST-02,1436.6,55.23,0.1,continuous log
AST-02,1436.8,55.25,0.1,continuous log
AST-02,1437,55.27,0.1,continuous log
AST-02,1437.2,55.27,0.1,continuous log
AST-02,1437.4,55.27,0.1,continuous log
AST-02,1437.6,55.3,0.1,continuous log
AST-02,1437.8,55.3,0.1,continuous log
AST-02,1438,55.31,0.1,continuous log
AST-02,1438.2,55.34,0.1,continuous log
AST-02,1438.4,55.38,0.1,continuous log
AST-02,1438.6,55.41,0.1,continuous log
AST-02,1438.8,55.41,0.1,continuous log
AST-02,1439,55.41,0.1,continuous log
AST-02,1439.2,55.45,0.1,continuous log
AST-02,1439.4,55.48,0.1,continuous log
AST-02,1439.6,55.49,0.1,continuous log
AST-02,1439.8,55.5,0.1,continuous log
AST-02,1440,55.51,0.1,continuous log
AST-02,1440.2,55.55,0.1,continuous log
AST-02,1440.4,55.6,0.1,continuous log
AST-02,1440.6,55.61,0.1,continuous log
AST-02,1440.8,55.62,0.1,continuous log
AST-02,1441,55.62,0.1,continuous log
AST-02,1441.2,55.62,0.1,continuous log
AST-02,1441.4,55.66,0.1,continuous log
AST-02,1441.6,55.68,0.1,continuous log
AST-02,1441.8,55.69,0.1,continuous log
AST-02,1442,55.69,0.1,continuous log
AST-02,1442.2,55.69,0.1,continuous log
AST-02,1442.4,55.69,0.1,continuous log
AST-02,1442.6,55.69,0.1,continuous log
AST-02,1442.8,55.73,0.1,continuous log
AST-02,1443,55.73,0.1,continuous log
AST-02,1443.2,55.73,0.1,continuous log
AST-02,1443.4,55.73,0.1,continuous log
AST-02,1443.6,55.73,0.1,continuous log
AST-02,1443.8,55.73,0.1,continuous log
AST-02,1444,55.73,0.1,continuous log
AST-02,1444.2,55.73,0.1,continuous log
AST-02,1444.4,55.73,0.1,continuous log
AST-02,1444.6,55.74,0.1,continuous log
AST-02,1444.8,55.78,0.1,continuous log
AST-02,1445,55.82,0.1,continuous log
AST-02,1445.2,55.8,0.1,continuous log
AST-02,1445.4,55.8,0.1,continuous log
AST-02,1445.6,55.8,0.1,continuous log
AST-02,1445.8,55.8,0.1,continuous log
AST-02,1446,55.8,0.1,continuous log
AST-02,1446.2,55.8,0.1,continuous log
AST-02,1446.4,55.8,0.1,continuous log
AST-02,1446.6,55.81,0.1,continuous log
AST-02,1446.8,55.84,0.1,continuous log
AST-02,1447,55.87,0.1,continuous log
AST-02,1447.2,55.91,0.1,continuous log
AST-02,1447.4,55.94,0.1,continuous log
AST-02,1447.6,55.98,0.1,continuous log
AST-02,1447.8,56.01,0.1,continuous log
AST-02,1448,56.15,0.1,continuous log
AST-02,1448.2,56.19,0.1,continuous log
AST-02,1448.4,56.19,0.1,continuous log
AST-02,1448.6,56.19,0.1,continuous log
AST-02,1448.8,56.19,0.1,continuous log
AST-02,1449,56.19,0.1,continuous log
AST-02,1449.2,56.19,0.1,continuous log
AST-02,1449.4,56.19,0.1,continuous log
AST-02,1449.6,56.2,0.1,continuous log
AST-02,1449.8,56.21,0.1,continuous log
AST-02,1450,56.22,0.1,continuous log
AST-02,1450.2,56.22,0.1,continuous log
AST-02,1450.4,56.26,0.1,continuous log
AST-02,1450.6,56.23,0.1,continuous log
AST-02,1450.8,56.23,0.1,continuous log
AST-02,1451,56.26,0.1,continuous log
AST-02,1451.2,56.3,0.1,continuous log
AST-02,1451.4,56.3,0.1,continuous log
AST-02,1451.6,56.3,0.1,continuous log
AST-02,1451.8,56.3,0.1,continuous log
AST-02,1452,56.3,0.1,continuous log
AST-02,1452.2,56.3,0.1,continuous log
AST-02,1452.4,56.32,0.1,continuous log
AST-02,1452.6,56.3,0.1,continuous log
AST-02,1452.8,56.4,0.1,continuous log
AST-02,1453,56.4,0.1,continuous log
AST-02,1453.2,56.44,0.1,continuous log
AST-02,1453.4,56.47,0.1,continuous log
AST-02,1453.6,56.48,0.1,continuous log
AST-02,1453.8,56.49,0.1,continuous log
AST-02,1454,56.51,0.1,continuous log
AST-02,1454.2,56.53,0.1,continuous log
AST-02,1454.4,56.55,0.1,continuous log
AST-02,1454.6,56.57,0.1,continuous log
AST-02,1454.8,56.59,0.1,continuous log
AST-02,1455,56.61,0.1,continuous log
AST-02,1455.2,56.63,0.1,continuous log
AST-02,1455.4,56.65,0.1,continuous log
AST-02,1455.6,56.67,0.1,continuous log
AST-02,1455.8,56.69,0.1,continuous log
AST-02,1456,56.71,0.1,continuous log
AST-02,1456.2,56.72,0.1,continuous log
AST-02,1456.4,56.74,0.1,continuous log
AST-02,1456.6,56.76,0.1,continuous log
AST-02,1456.8,56.8,0.1,continuous log
AST-02,1457,56.83,0.1,continuous log
AST-02,1457.2,56.83,0.1,continuous log
AST-02,1457.4,56.86,0.1,continuous log
AST-02,1457.6,56.89,0.1,continuous log
AST-02,1457.8,56.87,0.1,continuous log
AST-02,1458,56.9,0.1,continuous log
AST-02,1458.2,56.92,0.1,continuous log
AST-02,1458.4,56.94,0.1,continuous log
AST-02,1458.6,56.97,0.1,continuous log
AST-02,1458.8,56.99,0.1,continuous log
AST-02,1459,56.97,0.1,continuous log
AST-02,1459.2,56.97,0.1,continuous log
AST-02,1459.4,57.04,0.1,continuous log
AST-02,1459.6,57.04,0.1,continuous log
AST-02,1459.8,57.02,0.1,continuous log
AST-02,1460,57.04,0.1,continuous log
AST-02,1460.2,57.06,0.1,continuous log
AST-02,1460.4,57.08,0.1,continuous log
AST-02,1460.6,57.08,0.1,continuous log
AST-02,1460.8,57.15,0.1,continuous log
AST-02,1461,57.15,0.1,continuous log
AST-02,1461.2,57.19,0.1,continuous log
AST-02,1461.4,57.21,0.1,continuous log
AST-02,1461.6,57.22,0.1,continuous log
AST-02,1461.8,57.22,0.1,continuous log
AST-02,1462,57.26,0.1,continuous log
AST-02,1462.2,57.26,0.1,continuous log
AST-02,1462.4,57.29,0.1,continuous log
AST-02,1462.6,57.29,0.1,continuous log
AST-02,1462.8,57.29,0.1,continuous log
AST-02,1463,57.29,0.1,continuous log
AST-02,1463.2,57.29,0.1,continuous log
AST-02,1463.4,57.29,0.1,continuous log
AST-02,1463.6,57.29,0.1,continuous log
AST-02,1463.8,57.34,0.1,continuous log
AST-02,1464,57.36,0.1,continuous log
AST-02,1464.2,57.36,0.1,continuous log
AST-02,1464.4,57.36,0.1,continuous log
AST-02,1464.6,57.36,0.1,continuous log
AST-02,1464.8,57.36,0.1,continuous log
AST-02,1465,57.36,0.1,continuous log
AST-02,1465.2,57.36,0.1,continuous log
AST-02,1465.4,57.36,0.1,continuous log
AST-02,1465.6,57.36,0.1,continuous log
AST-02,1465.8,57.36,0.1,continuous log
AST-02,1466,57.36,0.1,continuous log
AST-02,1466.2,57.36,0.1,continuous log
AST-02,1466.4,57.36,0.1,continuous log
AST-02,1466.6,57.36,0.1,continuous log
AST-02,1466.8,57.36,0.1,continuous log
AST-02,1467,57.37,0.1,continuous log
AST-02,1467.2,57.37,0.1,continuous log
AST-02,1467.4,57.38,0.1,continuous log
AST-02,1467.6,57.38,0.1,continuous log
AST-02,1467.8,57.38,0.1,continuous log
AST-02,1468,57.39,0.1,continuous log
AST-02,1468.2,57.39,0.1,continuous log
AST-02,1468.4,57.39,0.1,continuous log
AST-02,1468.6,57.4,0.1,continuous log
AST-02,1468.8,57.4,0.1,continuous log
AST-02,1469,57.54,0.1,continuous log
AST-02,1469.2,57.6,0.1,continuous log
AST-02,1469.4,57.61,0.1,continuous log
AST-02,1469.6,57.65,0.1,continuous log
AST-02,1469.8,57.67,0.1,continuous log
AST-02,1470,57.69,0.1,continuous log
AST-02,1470.2,57.71,0.1,continuous log
AST-02,1470.4,57.75,0.1,continuous log
AST-02,1470.6,57.79,0.1,continuous log
AST-02,1470.8,57.79,0.1,continuous log
AST-02,1471,57.79,0.1,continuous log
AST-02,1471.2,57.79,0.1,continuous log
AST-02,1471.4,57.83,0.1,continuous log
AST-02,1471.6,57.83,0.1,continuous log
AST-02,1471.8,57.83,0.1,continuous log
AST-02,1472,57.83,0.1,continuous log
AST-02,1472.2,57.83,0.1,continuous log
AST-02,1472.4,57.86,0.1,continuous log
AST-02,1472.6,57.9,0.1,continuous log
AST-02,1472.8,57.9,0.1,continuous log
AST-02,1473,57.93,0.1,continuous log
AST-02,1473.2,57.94,0.1,continuous log
AST-02,1473.4,58.03,0.1,continuous log
AST-02,1473.6,58.07,0.1,continuous log
AST-02,1473.8,58.09,0.1,continuous log
AST-02,1474,58.14,0.1,continuous log
AST-02,1474.2,58.14,0.1,continuous log
AST-02,1474.4,58.18,0.1,continuous log
AST-02,1474.6,58.19,0.1,continuous log
AST-02,1474.8,58.21,0.1,continuous log
AST-02,1475,58.23,0.1,continuous log
AST-02,1475.2,58.24,0.1,continuous log
AST-02,1475.4,58.22,0.1,continuous log
AST-02,1475.6,58.22,0.1,continuous log
AST-02,1475.8,58.22,0.1,continuous log
AST-02,1476,58.24,0.1,continuous log
AST-02,1476.2,58.25,0.1,continuous log
AST-02,1476.4,58.25,0.1,continuous log
AST-02,1476.6,58.29,0.1,continuous log
AST-02,1476.8,58.29,0.1,continuous log
AST-02,1477,58.34,0.1,continuous log
AST-02,1477.2,58.36,0.1,continuous log
AST-02,1477.4,58.39,0.1,continuous log
AST-02,1477.6,58.39,0.1,continuous log
AST-02,1477.8,58.43,0.1,continuous log
AST-02,1478,58.43,0.1,continuous log
AST-02,1478.2,58.46,0.1,continuous log
AST-02,1478.4,58.46,0.1,continuous log
AST-02,1478.6,58.5,0.1,continuous log
AST-02,1478.8,58.54,0.1,continuous log
AST-02,1479,58.57,0.1,continuous log
AST-02,1479.2,58.57,0.1,continuous log
AST-02,1479.4,58.61,0.1,continuous log
AST-02,1479.6,58.64,0.1,continuous log
AST-02,1479.8,58.64,0.1,continuous log
AST-02,1480,58.64,0.1,continuous log
AST-02,1480.2,58.64,0.1,continuous log
AST-02,1480.4,58.68,0.1,continuous log
AST-02,1480.6,58.68,0.1,continuous log
AST-02,1480.8,58.68,0.1,continuous log
AST-02,1481,58.68,0.1,continuous log
AST-02,1481.2,58.68,0.1,continuous log
AST-02,1481.4,58.68,0.1,continuous log
AST-02,1481.6,58.68,0.1,continuous log
AST-02,1481.8,58.68,0.1,continuous log
AST-02,1482,58.68,0.1,continuous log
AST-02,1482.2,58.71,0.1,continuous log
AST-02,1482.4,58.71,0.1,continuous log
AST-02,1482.6,58.75,0.1,continuous log
AST-02,1482.8,58.78,0.1,continuous log
AST-02,1483,58.78,0.1,continuous log
AST-02,1483.2,58.82,0.1,continuous log
AST-02,1483.4,58.85,0.1,continuous log
AST-02,1483.6,58.85,0.1,continuous log
AST-02,1483.8,58.85,0.1,continuous log
AST-02,1484,58.85,0.1,continuous log
AST-02,1484.2,58.89,0.1,continuous log
AST-02,1484.4,58.89,0.1,continuous log
AST-02,1484.6,58.89,0.1,continuous log
AST-02,1484.8,58.89,0.1,continuous log
AST-02,1485,58.89,0.1,continuous log
AST-02,1485.2,58.93,0.1,continuous log
AST-02,1485.4,58.96,0.1,continuous log
AST-02,1485.6,59,0.1,continuous log
AST-02,1485.8,59,0.1,continuous log
AST-02,1486,59.03,0.1,continuous log
AST-02,1486.2,59.03,0.1,continuous log
AST-02,1486.4,59.03,0.1,continuous log
AST-02,1486.6,59.03,0.1,continuous log
AST-02,1486.8,59.08,0.1,continuous log
AST-02,1487,59.1,0.1,continuous log
AST-02,1487.2,59.1,0.1,continuous log
AST-02,1487.4,59.1,0.1,continuous log
AST-02,1487.6,59.14,0.1,continuous log
AST-02,1487.8,59.17,0.1,continuous log
AST-02,1488,59.14,0.1,continuous log
AST-02,1488.2,59.17,0.1,continuous log
AST-02,1488.4,59.21,0.1,continuous log
AST-02,1488.6,59.21,0.1,continuous log
AST-02,1488.8,59.2,0.1,continuous log
AST-02,1489,59.21,0.1,continuous log
AST-02,1489.2,59.21,0.1,continuous log
AST-02,1489.4,59.26,0.1,continuous log
AST-02,1489.6,59.25,0.1,continuous log
AST-02,1489.8,59.25,0.1,continuous log
AST-02,1490,59.25,0.1,continuous log
AST-02,1490.2,59.25,0.1,continuous log
AST-02,1490.4,59.27,0.1,continuous log
AST-02,1490.6,59.27,0.1,continuous log
AST-02,1490.8,59.32,0.1,continuous log
AST-02,1491,59.32,0.1,continuous log
AST-02,1491.2,59.32,0.1,continuous log
AST-02,1491.4,59.32,0.1,continuous log
AST-02,1491.6,59.32,0.1,continuous log
AST-02,1491.8,59.32,0.1,continuous log
AST-02,1492,59.32,0.1,continuous log
AST-02,1492.2,59.31,0.1,continuous log
AST-02,1492.4,59.32,0.1,continuous log
AST-02,1492.6,59.32,0.1,continuous log
AST-02,1492.8,59.32,0.1,continuous log
AST-02,1493,59.32,0.1,continuous log
AST-02,1493.2,59.35,0.1,continuous log
AST-02,1493.4,59.35,0.1,continuous log
AST-02,1493.6,59.35,0.1,continuous log
AST-02,1493.8,59.35,0.1,continuous log
AST-02,1494,59.39,0.1,continuous log
AST-02,1494.2,59.42,0.1,continuous log
AST-02,1494.4,59.42,0.1,continuous log
AST-02,1494.6,59.39,0.1,continuous log
AST-02,1494.8,59.41,0.1,continuous log
AST-02,1495,59.44,0.1,continuous log
AST-02,1495.2,59.46,0.1,continuous log
AST-02,1495.4,59.46,0.1,continuous log
AST-02,1495.6,59.46,0.1,continuous log
AST-02,1495.8,59.46,0.1,continuous log
AST-02,1496,59.49,0.1,continuous log
AST-02,1496.2,59.49,0.1,continuous log
AST-02,1496.4,59.49,0.1,continuous log
AST-02,1496.6,59.49,0.1,continuous log
AST-02,1496.8,59.49,0.1,continuous log
AST-02,1497,59.53,0.1,continuous log
AST-02,1497.2,59.53,0.1,continuous log
AST-02,1497.4,59.49,0.1,continuous log
AST-02,1497.6,59.53,0.1,continuous log
AST-02,1497.8,59.51,0.1,continuous log
AST-02,1498,59.49,0.1,continuous log
AST-02,1498.2,59.53,0.1,continuous log
AST-02,1498.4,59.53,0.1,continuous log
AST-02,1498.6,59.57,0.1,continuous log
AST-02,1498.8,59.57,0.1,continuous log
AST-02,1499,59.57,0.1,continuous log
AST-02,1499.2,59.57,0.1,continuous log
AST-02,1499.4,59.57,0.1,continuous log
AST-02,1499.6,59.57,0.1,continuous log
AST-02,1499.8,59.57,0.1,continuous log
AST-02,1500,59.57,0.1,continuous log
AST-02,1500.2,59.57,0.1,continuous log
AST-02,1500.4,59.57,0.1,continuous log
AST-02,1500.6,59.57,0.1,continuous log
AST-02,1500.8,59.57,0.1,continuous log
AST-02,1501,59.57,0.1,continuous log
AST-02,1501.2,59.57,0.1,continuous log
AST-02,1501.4,59.57,0.1,continuous log
AST-02,1501.6,59.57,0.1,continuous log
AST-02,1501.8,59.57,0.1,continuous log
AST-02,1502,59.57,0.1,continuous log
AST-02,1502.2,59.57,0.1,continuous log
AST-02,1502.4,59.57,0.1,continuous log
AST-02,1502.6,59.57,0.1,continuous log
AST-02,1502.8,59.57,0.1,continuous log
AST-02,1503,59.57,0.1,continuous log
AST-02,1503.2,59.57,0.1,continuous log
AST-02,1503.4,59.57,0.1,continuous log
AST-02,1503.6,59.57,0.1,continuous log
AST-02,1503.8,59.57,0.1,continuous log
AST-02,1504,59.57,0.1,continuous log
AST-02,1504.2,59.57,0.1,continuous log
AST-02,1504.4,59.57,0.1,continuous log
AST-02,1504.6,59.6,0.1,continuous log
AST-02,1504.8,59.6,0.1,continuous log
AST-02,1505,59.6,0.1,continuous log
AST-02,1505.2,59.6,0.1,continuous log
AST-02,1505.4,59.6,0.1,continuous log
AST-02,1505.6,59.64,0.1,continuous log
AST-02,1505.8,59.66,0.1,continuous log
AST-02,1506,59.71,0.1,continuous log
AST-02,1506.2,59.71,0.1,continuous log
AST-02,1506.4,59.71,0.1,continuous log
AST-02,1506.6,59.74,0.1,continuous log
AST-02,1506.8,59.77,0.1,continuous log
AST-02,1507,59.78,0.1,continuous log
AST-02,1507.2,59.78,0.1,continuous log
AST-02,1507.4,59.78,0.1,continuous log
AST-02,1507.6,59.78,0.1,continuous log
AST-02,1507.8,59.8,0.1,continuous log
AST-02,1508,59.81,0.1,continuous log
AST-02,1508.2,59.81,0.1,continuous log
AST-02,1508.4,59.81,0.1,continuous log
AST-02,1508.6,59.82,0.1,continuous log
AST-02,1508.8,59.85,0.1,continuous log
AST-02,1509,59.88,0.1,continuous log
AST-02,1509.2,59.86,0.1,continuous log
AST-02,1509.4,59.85,0.1,continuous log
AST-02,1509.6,59.88,0.1,continuous log
AST-02,1509.8,59.87,0.1,continuous log
AST-02,1510,59.85,0.1,continuous log
AST-02,1510.2,59.88,0.1,continuous log
AST-02,1510.4,59.91,0.1,continuous log
AST-02,1510.6,59.92,0.1,continuous log
AST-02,1510.8,59.92,0.1,continuous log
AST-02,1511,59.92,0.1,continuous log
AST-02,1511.2,59.92,0.1,continuous log
AST-02,1511.4,59.92,0.1,continuous log
AST-02,1511.6,59.92,0.1,continuous log
AST-02,1511.8,59.92,0.1,continuous log
AST-02,1512,59.93,0.1,continuous log
AST-02,1512.2,59.94,0.1,continuous log
AST-02,1512.4,59.94,0.1,continuous log
AST-02,1512.6,59.95,0.1,continuous log
AST-02,1512.8,59.96,0.1,continuous log
AST-02,1513,59.96,0.1,continuous log
AST-02,1513.2,59.97,0.1,continuous log
AST-02,1513.4,59.97,0.1,continuous log
AST-02,1513.6,59.98,0.1,continuous log
AST-02,1513.8,59.99,0.1,continuous log
AST-02,1514,59.99,0.1,continuous log
AST-02,1514.2,60,0.1,continuous log
AST-02,1514.4,60.01,0.1,continuous log
AST-02,1514.6,60.01,0.1,continuous log
AST-02,1514.8,60.02,0.1,continuous log
AST-02,1515,60.03,0.1,continuous log
AST-02,1515.2,60.03,0.1,continuous log
AST-02,1515.4,60.04,0.1,continuous log
AST-02,1515.6,60.04,0.1,continuous log
AST-02,1515.8,60.05,0.1,continuous log
AST-02,1516,60.06,0.1,continuous log
AST-02,1516.2,60.06,0.1,continuous log
AST-02,1516.4,60.07,0.1,continuous log
AST-02,1516.6,60.08,0.1,continuous log
AST-02,1516.8,60.08,0.1,continuous log
AST-02,1517,60.09,0.1,continuous log
AST-02,1517.2,60.1,0.1,continuous log
AST-02,1517.4,60.1,0.1,continuous log
AST-02,1517.6,60.11,0.1,continuous log
AST-02,1517.8,60.11,0.1,continuous log
AST-02,1518,60.12,0.1,continuous log
AST-02,1518.2,60.13,0.1,continuous log
AST-02,1518.4,60.13,0.1,continuous log
AST-02,1518.6,60.14,0.1,continuous log
AST-02,1518.8,60.15,0.1,continuous log
AST-02,1519,60.15,0.1,continuous log
AST-02,1519.2,60.16,0.1,continuous log
AST-02,1519.4,60.17,0.1,continuous log
AST-02,1519.6,60.17,0.1,continuous log
AST-02,1519.8,60.18,0.1,continuous log
AST-02,1520,60.19,0.1,continuous log
AST-02,1520.2,60.19,0.1,continuous log
AST-02,1520.4,60.2,0.1,continuous log
AST-02,1520.6,60.2,0.1,continuous log
AST-02,1520.8,60.21,0.1,continuous log
AST-02,1521,60.22,0.1,continuous log
AST-02,1521.2,60.22,0.1,continuous log
AST-02,1521.4,60.23,0.1,continuous log
AST-02,1521.6,60.24,0.1,continuous log
AST-02,1521.8,60.24,0.1,continuous log
AST-02,1522,60.25,0.1,continuous log
AST-02,1522.2,60.26,0.1,continuous log
AST-02,1522.4,60.26,0.1,continuous log
AST-02,1522.6,60.27,0.1,continuous log
AST-02,1522.8,60.27,0.1,continuous log
AST-02,1523,60.28,0.1,continuous log
AST-02,1523.2,60.29,0.1,continuous log
AST-02,1523.4,60.29,0.1,continuous log
AST-02,1523.6,60.3,0.1,continuous log
AST-02,1523.8,60.31,0.1,continuous log
AST-02,1524,60.31,0.1,continuous log
AST-02,1524.2,60.32,0.1,continuous log
AST-02,1524.4,60.33,0.1,continuous log
AST-02,1524.6,60.33,0.1,continuous log
AST-02,1524.8,60.34,0.1,continuous log
AST-02,1525,60.34,0.1,continuous log
AST-02,1525.2,60.35,0.1,continuous log
AST-02,1525.4,60.36,0.1,continuous log
AST-02,1525.6,60.36,0.1,continuous log
AST-02,1525.8,60.37,0.1,continuous log
AST-02,1526,60.38,0.1,continuous log
AST-02,1526.2,60.38,0.1,continuous log
AST-02,1526.4,60.39,0.1,continuous log
AST-02,1526.6,60.4,0.1,continuous log
AST-02,1526.8,60.4,0.1,continuous log
AST-02,1527,60.41,0.1,continuous log
AST-02,1527.2,60.41,0.1,continuous log
AST-02,1527.4,60.42,0.1,continuous log
AST-02,1527.6,60.43,0.1,continuous log
AST-02,1527.8,60.43,0.1,continuous log
AST-02,1528,60.44,0.1,continuous log
AST-02,1528.2,60.45,0.1,continuous log
AST-02,1528.4,60.45,0.1,continuous log
AST-02,1528.6,60.46,0.1,continuous log
AST-02,1528.8,60.47,0.1,continuous log
AST-02,1529,60.47,0.1,continuous log
AST-02,1529.2,60.48,0.1,continuous log
AST-02,1529.4,60.48,0.1,continuous log
AST-02,1529.6,60.49,0.1,continuous log
AST-02,1529.8,60.5,0.1,continuous log
AST-02,1530,60.5,0.1,continuous log
AST-02,1530.2,60.51,0.1,continuous log
AST-02,1530.4,60.52,0.1,continuous log
AST-02,1530.6,60.52,0.1,continuous log
AST-02,1530.8,60.53,0.1,continuous log
AST-02,1531,60.54,0.1,continuous log
AST-02,1531.2,60.54,0.1,continuous log
AST-02,1531.4,60.55,0.1,continuous log
AST-02,1531.6,60.55,0.1,continuous log
AST-02,1531.8,60.56,0.1,continuous log
AST-02,1532,60.57,0.1,continuous log
AST-02,1532.2,60.57,0.1,continuous log
AST-02,1532.4,60.58,0.1,continuous log
AST-02,1532.6,60.59,0.1,continuous log
AST-02,1532.8,60.59,0.1,continuous log
AST-02,1533,60.6,0.1,continuous log
AST-02,1533.2,60.61,0.1,continuous log
AST-02,1533.4,60.61,0.1,continuous log
AST-02,1533.6,60.62,0.1,continuous log
AST-02,1533.8,60.63,0.1,continuous log
AST-02,1534,60.63,0.1,continuous log
AST-02,1534.2,60.64,0.1,continuous log
AST-02,1534.4,60.64,0.1,continuous log
AST-02,1534.6,60.65,0.1,continuous log
AST-02,1534.8,60.66,0.1,continuous log
AST-02,1535,60.66,0.1,continuous log
AST-02,1535.2,60.67,0.1,continuous log
AST-02,1535.4,60.68,0.1,continuous log
AST-02,1535.6,60.68,0.1,continuous log
AST-02,1535.8,60.69,0.1,continuous log
AST-02,1536,60.7,0.1,continuous log
AST-02,1536.2,60.7,0.1,continuous log
AST-02,1536.4,60.7,0.1,continuous log
AST-02,1536.6,60.74,0.1,continuous log
AST-02,1536.8,60.75,0.1,continuous log
AST-02,1537,60.77,0.1,continuous log
AST-02,1537.2,60.77,0.1,continuous log
AST-02,1537.4,60.74,0.1,continuous log
AST-02,1537.6,60.77,0.1,continuous log
AST-02,1537.8,60.81,0.1,continuous log
AST-02,1538,60.81,0.1,continuous log
AST-02,1538.2,60.81,0.1,continuous log
AST-02,1538.4,60.81,0.1,continuous log
AST-02,1538.6,60.81,0.1,continuous log
AST-02,1538.8,60.81,0.1,continuous log
AST-02,1539,60.88,0.1,continuous log
AST-02,1539.2,60.85,0.1,continuous log
AST-02,1539.4,60.84,0.1,continuous log
AST-02,1539.6,60.84,0.1,continuous log
AST-02,1539.8,60.84,0.1,continuous log
AST-02,1540,60.84,0.1,continuous log
AST-02,1540.2,60.87,0.1,continuous log
AST-02,1540.4,60.91,0.1,continuous log
AST-02,1540.6,60.91,0.1,continuous log
AST-02,1540.8,60.91,0.1,continuous log
AST-02,1541,60.91,0.1,continuous log
AST-02,1541.2,60.91,0.1,continuous log
AST-02,1541.4,60.91,0.1,continuous log
AST-02,1541.6,60.93,0.1,continuous log
AST-02,1541.8,60.91,0.1,continuous log
AST-02,1542,60.95,0.1,continuous log
AST-02,1542.2,60.95,0.1,continuous log
AST-02,1542.4,60.99,0.1,continuous log
AST-02,1542.6,60.99,0.1,continuous log
AST-02,1542.8,61.02,0.1,continuous log
AST-02,1543,61.02,0.1,continuous log
AST-02,1543.2,61.02,0.1,continuous log
AST-02,1543.4,61.02,0.1,continuous log
AST-02,1543.6,61.02,0.1,continuous log
AST-02,1543.8,61.02,0.1,continuous log
AST-02,1544,61.06,0.1,continuous log
AST-02,1544.2,61.06,0.1,continuous log
AST-02,1544.4,61.06,0.1,continuous log
AST-02,1544.6,61.06,0.1,continuous log
AST-02,1544.8,61.07,0.1,continuous log
AST-02,1545,61.1,0.1,continuous log
AST-02,1545.2,61.12,0.1,continuous log
AST-02,1545.4,61.13,0.1,continuous log
AST-02,1545.6,61.13,0.1,continuous log
AST-02,1545.8,61.13,0.1,continuous log
AST-02,1546,61.09,0.1,continuous log
AST-02,1546.2,61.09,0.1,continuous log
AST-02,1546.4,61.13,0.1,continuous log
AST-02,1546.6,61.13,0.1,continuous log
AST-02,1546.8,61.16,0.1,continuous log
AST-02,1547,61.17,0.1,continuous log
AST-02,1547.2,61.17,0.1,continuous log
AST-02,1547.4,61.18,0.1,continuous log
AST-02,1547.6,61.18,0.1,continuous log
AST-02,1547.8,61.19,0.1,continuous log
AST-02,1548,61.19,0.1,continuous log
AST-02,1548.2,61.2,0.1,continuous log
AST-02,1548.4,61.2,0.1,continuous log
AST-02,1548.6,61.21,0.1,continuous log
AST-02,1548.8,61.21,0.1,continuous log
AST-02,1549,61.22,0.1,continuous log
AST-02,1549.2,61.22,0.1,continuous log
AST-02,1549.4,61.23,0.1,continuous log
AST-02,1549.6,61.23,0.1,continuous log
AST-02,1549.8,61.24,0.1,continuous log
AST-02,1550,61.24,0.1,continuous log
AST-02,1550.2,61.25,0.1,continuous log
AST-02,1550.4,61.25,0.1,continuous log
AST-02,1550.6,61.26,0.1,continuous log
AST-02,1550.8,61.26,0.1,continuous log
AST-02,1551,61.27,0.1,continuous log
AST-02,1551.2,61.27,0.1,continuous log
AST-02,1551.4,61.28,0.1,continuous log
AST-02,1551.6,61.28,0.1,continuous log
AST-02,1551.8,61.29,0.1,continuous log
AST-02,1552,61.3,0.1,continuous log
AST-02,1552.2,61.3,0.1,continuous log
AST-02,1552.4,61.3,0.1,continuous log
AST-02,1552.6,61.3,0.1,continuous log
AST-02,1552.8,61.3,0.1,continuous log
AST-02,1553,61.3,0.1,continuous log
AST-02,1553.2,61.3,0.1,continuous log
AST-02,1553.4,61.3,0.1,continuous log
AST-02,1553.6,61.3,0.1,continuous log
AST-02,1553.8,61.3,0.1,continuous log
AST-02,1554,61.3,0.1,continuous log
AST-02,1554.2,61.3,0.1,continuous log
AST-02,1554.4,61.3,0.1,continuous log
AST-02,1554.6,61.3,0.1,continuous log
AST-02,1554.8,61.3,0.1,continuous log
AST-02,1555,61.3,0.1,continuous log
AST-02,1555.2,61.3,0.1,continuous log
AST-02,1555.4,61.3,0.1,continuous log
AST-02,1555.6,61.3,0.1,continuous log
AST-02,1555.8,61.3,0.1,continuous log
AST-02,1556,61.3,0.1,continuous log
AST-02,1556.2,61.3,0.1,continuous log
AST-02,1556.4,61.3,0.1,continuous log
AST-02,1556.6,61.3,0.1,continuous log
AST-02,1556.8,61.3,0.1,continuous log
AST-02,1557,61.3,0.1,continuous log
AST-02,1557.2,61.3,0.1,continuous log
AST-02,1557.4,61.3,0.1,continuous log
AST-02,1557.6,61.3,0.1,continuous log
AST-02,1557.8,61.3,0.1,continuous log
AST-02,1558,61.3,0.1,continuous log
AST-02,1558.2,61.3,0.1,continuous log
AST-02,1558.4,61.3,0.1,continuous log
AST-02,1558.6,61.3,0.1,continuous log
AST-02,1558.8,61.3,0.1,continuous log
AST-02,1559,61.3,0.1,continuous log
AST-02,1559.2,61.3,0.1,continuous log
AST-02,1559.4,61.3,0.1,continuous log
AST-02,1559.6,61.3,0.1,continuous log
AST-02,1559.8,61.3,0.1,continuous log
AST-02,1560,61.3,0.1,continuous log
AST-02,1560.2,61.3,0.1,continuous log
AST-02,1560.4,61.3,0.1,continuous log
AST-02,1560.6,61.3,0.1,continuous log
AST-02,1560.8,61.3,0.1,continuous log
AST-02,1561,61.3,0.1,continuous log
AST-02,1561.2,61.3,0.1,continuous log
AST-02,1561.4,61.3,0.1,continuous log
AST-02,1561.6,61.3,0.1,continuous log
AST-02,1561.8,61.31,0.1,continuous log
AST-02,1562,61.31,0.1,continuous log
AST-02,1562.2,61.31,0.1,continuous log
AST-02,1562.4,61.32,0.1,continuous log
AST-02,1562.6,61.32,0.1,continuous log
AST-02,1562.8,61.32,0.1,continuous log
AST-02,1563,61.33,0.1,continuous log
AST-02,1563.2,61.33,0.1,continuous log
AST-02,1563.4,61.33,0.1,continuous log
AST-02,1563.6,61.34,0.1,continuous log
AST-02,1563.8,61.34,0.1,continuous log
AST-02,1564,61.34,0.1,continuous log
AST-02,1564.2,61.35,0.1,continuous log
AST-02,1564.4,61.35,0.1,continuous log
AST-02,1564.6,61.35,0.1,continuous log
AST-02,1564.8,61.36,0.1,continuous log
AST-02,1565,61.36,0.1,continuous log
AST-02,1565.2,61.36,0.1,continuous log
AST-02,1565.4,61.37,0.1,continuous log
AST-02,1565.6,61.37,0.1,continuous log
AST-02,1565.8,61.37,0.1,continuous log
AST-02,1566,61.38,0.1,continuous log
AST-02,1566.2,61.38,0.1,continuous log
AST-02,1566.4,61.38,0.1,continuous log
AST-02,1566.6,61.39,0.1,continuous log
AST-02,1566.8,61.39,0.1,continuous log
AST-02,1567,61.39,0.1,continuous log
AST-02,1567.2,61.4,0.1,continuous log
AST-02,1567.4,61.4,0.1,continuous log
AST-02,1567.6,61.4,0.1,continuous log
AST-02,1567.8,61.41,0.1,continuous log
AST-02,1568,61.41,0.1,continuous log
AST-02,1568.2,61.41,0.1,continuous log
AST-02,1568.4,61.41,0.1,continuous log
AST-02,1568.6,61.41,0.1,continuous log
AST-02,1568.8,61.42,0.1,continuous log
AST-02,1569,61.42,0.1,continuous log
AST-02,1569.2,61.42,0.1,continuous log
AST-02,1569.4,61.42,0.1,continuous log
AST-02,1569.6,61.42,0.1,continuous log
AST-02,1569.8,61.42,0.1,continuous log
AST-02,1570,61.42,0.1,continuous log
AST-02,1570.2,61.42,0.1,continuous log
AST-02,1570.4,61.42,0.1,continuous log
AST-02,1570.6,61.43,0.1,continuous log
AST-02,1570.8,61.43,0.1,continuous log
AST-02,1571,61.43,0.1,continuous log
AST-02,1571.2,61.43,0.1,continuous log
AST-02,1571.4,61.43,0.1,continuous log
AST-02,1571.6,61.43,0.1,continuous log
AST-02,1571.8,61.43,0.1,continuous log
AST-02,1572,61.43,0.1,continuous log
AST-02,1572.2,61.43,0.1,continuous log
AST-02,1572.4,61.43,0.1,continuous log
AST-02,1572.6,61.44,0.1,continuous log
AST-02,1572.8,61.44,0.1,continuous log
AST-02,1573,61.44,0.1,continuous log
AST-02,1573.2,61.44,0.1,continuous log
AST-02,1573.4,61.44,0.1,continuous log
AST-02,1573.6,61.44,0.1,continuous log
AST-02,1573.8,61.44,0.1,continuous log
AST-02,1574,61.44,0.1,continuous log
AST-02,1574.2,61.44,0.1,continuous log
AST-02,1574.4,61.45,0.1,continuous log
AST-02,1574.6,61.45,0.1,continuous log
AST-02,1574.8,61.45,0.1,continuous log
AST-02,1575,61.45,0.1,continuous log
AST-02,1575.2,61.45,0.1,continuous log
AST-02,1575.4,61.45,0.1,continuous log
AST-02,1575.6,61.45,0.1,continuous log
AST-02,1575.8,61.45,0.1,continuous log
AST-02,1576,61.45,0.1,continuous log
AST-02,1576.2,61.45,0.1,continuous log
AST-02,1576.4,61.45,0.1,continuous log
AST-02,1576.6,61.45,0.1,continuous log
AST-02,1576.8,61.45,0.1,continuous log
AST-02,1577,61.45,0.1,continuous log
AST-02,1577.2,61.45,0.1,continuous log
AST-02,1577.4,61.45,0.1,continuous log
AST-02,1577.6,61.45,0.1,continuous log
AST-02,1577.8,61.45,0.1,continuous log
AST-02,1578,61.48,0.1,continuous log
AST-02,1578.2,61.48,0.1,continuous log
AST-02,1578.4,61.48,0.1,continuous log
AST-02,1578.6,61.52,0.1,continuous log
AST-02,1578.8,61.52,0.1,continuous log
AST-02,1579,61.52,0.1,continuous log
AST-02,1579.2,61.55,0.1,continuous log
AST-02,1579.4,61.55,0.1,continuous log
AST-02,1579.6,61.55,0.1,continuous log
AST-02,1579.8,61.55,0.1,continuous log
AST-02,1580,61.55,0.1,continuous log
AST-02,1580.2,61.55,0.1,continuous log
AST-02,1580.4,61.55,0.1,continuous log
AST-02,1580.6,61.55,0.1,continuous log
AST-02,1580.8,61.55,0.1,continuous log
AST-02,1581,61.59,0.1,continuous log
AST-02,1581.2,61.61,0.1,continuous log
AST-02,1581.4,61.62,0.1,continuous log
AST-02,1581.6,61.62,0.1,continuous log
AST-02,1581.8,61.62,0.1,continuous log
AST-02,1582,61.62,0.1,continuous log
AST-02,1582.2,61.59,0.1,continuous log
AST-02,1582.4,61.59,0.1,continuous log
AST-02,1582.6,61.59,0.1,continuous log
AST-02,1582.8,61.59,0.1,continuous log
AST-02,1583,61.59,0.1,continuous log
AST-02,1583.2,61.6,0.1,continuous log
AST-02,1583.4,61.59,0.1,continuous log
AST-02,1583.6,61.59,0.1,continuous log
AST-02,1583.8,61.59,0.1,continuous log
AST-02,1584,61.59,0.1,continuous log
AST-02,1584.2,61.59,0.1,continuous log
AST-02,1584.4,61.62,0.1,continuous log
AST-02,1584.6,61.63,0.1,continuous log
AST-02,1584.8,61.64,0.1,continuous log
AST-02,1585,61.65,0.1,continuous log
AST-02,1585.2,61.66,0.1,continuous log
AST-02,1585.4,61.66,0.1,continuous log
AST-02,1585.6,61.63,0.1,continuous log
AST-02,1585.8,61.66,0.1,continuous log
AST-02,1586,61.65,0.1,continuous log
AST-02,1586.2,61.66,0.1,continuous log
AST-02,1586.4,61.66,0.1,continuous log
AST-02,1586.6,61.66,0.1,continuous log
AST-02,1586.8,61.66,0.1,continuous log
AST-02,1587,61.66,0.1,continuous log
AST-02,1587.2,61.66,0.1,continuous log
AST-02,1587.4,61.66,0.1,continuous log
AST-02,1587.6,61.66,0.1,continuous log
AST-02,1587.8,61.66,0.1,continuous log
AST-02,1588,61.66,0.1,continuous log
AST-02,1588.2,61.66,0.1,continuous log
AST-02,1588.4,61.66,0.1,continuous log
AST-02,1588.6,61.66,0.1,continuous log
AST-02,1588.8,61.66,0.1,continuous log
AST-02,1589,61.66,0.1,continuous log
AST-02,1589.2,61.63,0.1,continuous log
AST-02,1589.4,61.66,0.1,continuous log
AST-02,1589.6,61.66,0.1,continuous log
AST-02,1589.8,61.64,0.1,continuous log
AST-02,1590,61.63,0.1,continuous log
AST-02,1590.2,61.62,0.1,continuous log
AST-02,1590.4,61.66,0.1,continuous log
AST-02,1590.6,61.62,0.1,continuous log
AST-02,1590.8,61.62,0.1,continuous log
AST-02,1591,61.66,0.1,continuous log
AST-02,1591.2,61.66,0.1,continuous log
AST-02,1591.4,61.7,0.1,continuous log
AST-02,1591.6,61.7,0.1,continuous log
AST-02,1591.8,61.7,0.1,continuous log
AST-02,1592,61.7,0.1,continuous log
AST-02,1592.2,61.7,0.1,continuous log
AST-02,1592.4,61.7,0.1,continuous log
AST-02,1592.6,61.7,0.1,continuous log
AST-02,1592.8,61.7,0.1,continuous log
AST-02,1593,61.7,0.1,continuous log
AST-02,1593.2,61.7,0.1,continuous log
AST-02,1593.4,61.76,0.1,continuous log
AST-02,1593.6,61.76,0.1,continuous log
AST-02,1593.8,61.73,0.1,continuous log
AST-02,1594,61.76,0.1,continuous log
AST-02,1594.2,61.73,0.1,continuous log
AST-02,1594.4,61.73,0.1,continuous log
AST-02,1594.6,61.74,0.1,continuous log
AST-02,1594.8,61.76,0.1,continuous log
AST-02,1595,61.78,0.1,continuous log
AST-02,1595.2,61.8,0.1,continuous log
AST-02,1595.4,61.8,0.1,continuous log
AST-02,1595.6,61.8,0.1,continuous log
AST-02,1595.8,61.8,0.1,continuous log
AST-02,1596,61.8,0.1,continuous log
AST-02,1596.2,61.8,0.1,continuous log
AST-02,1596.4,61.8,0.1,continuous log
AST-02,1596.6,61.8,0.1,continuous log
AST-02,1596.8,61.84,0.1,continuous log
AST-02,1597,61.84,0.1,continuous log
AST-02,1597.2,61.87,0.1,continuous log
AST-02,1597.4,61.85,0.1,continuous log
AST-02,1597.6,61.84,0.1,continuous log
AST-02,1597.8,61.84,0.1,continuous log
AST-02,1598,61.84,0.1,continuous log
AST-02,1598.2,61.84,0.1,continuous log
AST-02,1598.4,61.84,0.1,continuous log
AST-02,1598.6,61.84,0.1,continuous log
AST-02,1598.8,61.84,0.1,continuous log
AST-02,1599,61.84,0.1,continuous log
AST-02,1599.2,61.84,0.1,continuous log
AST-02,1599.4,61.84,0.1,continuous log
AST-02,1599.6,61.85,0.1,continuous log
AST-02,1599.8,61.86,0.1,continuous log
AST-02,1600,61.86,0.1,continuous log
AST-02,1600.2,61.87,0.1,continuous log
AST-02,1600.4,61.9,0.1,continuous log
AST-02,1600.6,61.87,0.1,continuous log
AST-02,1600.8,61.87,0.1,continuous log
AST-02,1601,61.87,0.1,continuous log
AST-02,1601.2,61.87,0.1,continuous log
AST-02,1601.4,61.87,0.1,continuous log
AST-02,1601.6,61.87,0.1,continuous log
AST-02,1601.8,61.87,0.1,continuous log
AST-02,1602,61.91,0.1,continuous log
AST-02,1602.2,61.94,0.1,continuous log
AST-02,1602.4,61.94,0.1,continuous log
AST-02,1602.6,61.94,0.1,continuous log
AST-02,1602.8,61.94,0.1,continuous log
AST-02,1603,61.94,0.1,continuous log
AST-02,1603.2,61.94,0.1,continuous log
AST-02,1603.4,61.98,0.1,continuous log
AST-02,1603.6,61.98,0.1,continuous log
AST-02,1603.8,61.98,0.1,continuous log
AST-02,1604,61.98,0.1,continuous log
AST-02,1604.2,61.98,0.1,continuous log
AST-02,1604.4,61.98,0.1,continuous log
AST-02,1604.6,61.98,0.1,continuous log
AST-02,1604.8,62,0.1,continuous log
AST-02,1605,62.02,0.1,continuous log
AST-02,1605.2,62.05,0.1,continuous log
AST-02,1605.4,62.05,0.1,continuous log
AST-02,1605.6,62.05,0.1,continuous log
AST-02,1605.8,62.05,0.1,continuous log
AST-02,1606,62.05,0.1,continuous log
AST-02,1606.2,62.05,0.1,continuous log
AST-02,1606.4,62.09,0.1,continuous log
AST-02,1606.6,62.09,0.1,continuous log
AST-02,1606.8,62.09,0.1,continuous log
AST-02,1607,62.09,0.1,continuous log
AST-02,1607.2,62.09,0.1,continuous log
AST-02,1607.4,62.11,0.1,continuous log
AST-02,1607.6,62.13,0.1,continuous log
AST-02,1607.8,62.14,0.1,continuous log
AST-02,1608,62.12,0.1,continuous log
AST-02,1608.2,62.12,0.1,continuous log
AST-02,1608.4,62.12,0.1,continuous log
AST-02,1608.6,62.16,0.1,continuous log
AST-02,1608.8,62.16,0.1,continuous log
AST-02,1609,62.16,0.1,continuous log
AST-02,1609.2,62.19,0.1,continuous log
AST-02,1609.4,62.19,0.1,continuous log
AST-02,1609.6,62.19,0.1,continuous log
AST-02,1609.8,62.14,0.1,continuous log
AST-02,1610,62.16,0.1,continuous log
AST-02,1610.2,62.18,0.1,continuous log
AST-02,1610.4,62.19,0.1,continuous log
AST-02,1610.6,62.19,0.1,continuous log
AST-02,1610.8,62.23,0.1,continuous log
AST-02,1611,62.23,0.1,continuous log
AST-02,1611.2,62.23,0.1,continuous log
AST-02,1611.4,62.23,0.1,continuous log
AST-02,1611.6,62.23,0.1,continuous log
AST-02,1611.8,62.23,0.1,continuous log
AST-02,1612,62.25,0.1,continuous log
AST-02,1612.2,62.26,0.1,continuous log
AST-02,1612.4,62.26,0.1,continuous log
AST-02,1612.6,62.29,0.1,continuous log
AST-02,1612.8,62.3,0.1,continuous log
AST-02,1613,62.3,0.1,continuous log
AST-02,1613.2,62.3,0.1,continuous log
AST-02,1613.4,62.3,0.1,continuous log
AST-02,1613.6,62.3,0.1,continuous log
AST-02,1613.8,62.3,0.1,continuous log
AST-02,1614,62.3,0.1,continuous log
AST-02,1614.2,62.33,0.1,continuous log
AST-02,1614.4,62.33,0.1,continuous log
AST-02,1614.6,62.33,0.1,continuous log
AST-02,1614.8,62.33,0.1,continuous log
AST-02,1615,62.33,0.1,continuous log
AST-02,1615.2,62.33,0.1,continuous log
AST-02,1615.4,62.33,0.1,continuous log
AST-02,1615.6,62.33,0.1,continuous log
AST-02,1615.8,62.3,0.1,continuous log
AST-02,1616,62.33,0.1,continuous log
AST-02,1616.2,62.39,0.1,continuous log
AST-02,1616.4,62.41,0.1,continuous log
AST-02,1616.6,62.37,0.1,continuous log
AST-02,1616.8,62.37,0.1,continuous log
AST-02,1617,62.37,0.1,continuous log
AST-02,1617.2,62.37,0.1,continuous log
AST-02,1617.4,62.4,0.1,continuous log
AST-02,1617.6,62.37,0.1,continuous log
AST-02,1617.8,62.37,0.1,continuous log
AST-02,1618,62.37,0.1,continuous log
AST-02,1618.2,62.39,0.1,continuous log
AST-02,1618.4,62.44,0.1,continuous log
AST-02,1618.6,62.44,0.1,continuous log
AST-02,1618.8,62.44,0.1,continuous log
AST-02,1619,62.44,0.1,continuous log
AST-02,1619.2,62.44,0.1,continuous log
AST-02,1619.4,62.44,0.1,continuous log
AST-02,1619.6,62.44,0.1,continuous log
AST-02,1619.8,62.44,0.1,continuous log
AST-02,1620,62.44,0.1,continuous log
AST-02,1620.2,62.44,0.1,continuous log
AST-02,1620.4,62.44,0.1,continuous log
AST-02,1620.6,62.44,0.1,continuous log
AST-02,1620.8,62.51,0.1,continuous log
AST-02,1621,62.48,0.1,continuous log
AST-02,1621.2,62.48,0.1,continuous log
AST-02,1621.4,62.48,0.1,continuous log
AST-02,1621.6,62.48,0.1,continuous log
AST-02,1621.8,62.48,0.1,continuous log
AST-02,1622,62.48,0.1,continuous log
AST-02,1622.2,62.48,0.1,continuous log
AST-02,1622.4,62.48,0.1,continuous log
AST-02,1622.6,62.48,0.1,continuous log
AST-02,1622.8,62.48,0.1,continuous log
AST-02,1623,62.48,0.1,continuous log
AST-02,1623.2,62.48,0.1,continuous log
AST-02,1623.4,62.53,0.1,continuous log
AST-02,1623.6,62.55,0.1,continuous log
AST-02,1623.8,62.58,0.1,continuous log
AST-02,1624,62.55,0.1,continuous log
AST-02,1624.2,62.55,0.1,continuous log
AST-02,1624.4,62.55,0.1,continuous log
AST-02,1624.6,62.58,0.1,continuous log
AST-02,1624.8,62.57,0.1,continuous log
AST-02,1625,62.56,0.1,continuous log
AST-02,1625.2,62.56,0.1,continuous log
AST-02,1625.4,62.55,0.1,continuous log
AST-02,1625.6,62.55,0.1,continuous log
AST-02,1625.8,62.55,0.1,continuous log
AST-02,1626,62.55,0.1,continuous log
AST-02,1626.2,62.55,0.1,continuous log
AST-02,1626.4,62.55,0.1,continuous log
AST-02,1626.6,62.55,0.1,continuous log
AST-02,1626.8,62.58,0.1,continuous log
AST-02,1627,62.62,0.1,continuous log
AST-02,1627.2,62.62,0.1,continuous log
AST-02,1627.4,62.62,0.1,continuous log
AST-02,1627.6,62.62,0.1,continuous log
AST-02,1627.8,62.62,0.1,continuous log
AST-02,1628,62.62,0.1,continuous log
AST-02,1628.2,62.62,0.1,continuous log
AST-02,1628.4,62.62,0.1,continuous log
AST-02,1628.6,62.62,0.1,continuous log
AST-02,1628.8,62.62,0.1,continuous log
AST-02,1629,62.62,0.1,continuous log
AST-02,1629.2,62.62,0.1,continuous log
AST-02,1629.4,62.62,0.1,continuous log
AST-02,1629.6,62.62,0.1,continuous log
AST-02,1629.8,62.62,0.1,continuous log
AST-02,1630,62.62,0.1,continuous log
AST-02,1630.2,62.62,0.1,continuous log
AST-02,1630.4,62.62,0.1,continuous log
AST-02,1630.6,62.62,0.1,continuous log
AST-02,1630.8,62.62,0.1,continuous log
AST-02,1631,62.62,0.1,continuous log
AST-02,1631.2,62.62,0.1,continuous log
AST-02,1631.4,62.62,0.1,continuous log
AST-02,1631.6,62.65,0.1,continuous log
AST-02,1631.8,62.65,0.1,continuous log
AST-02,1632,62.65,0.1,continuous log
AST-02,1632.2,62.65,0.1,continuous log
AST-02,1632.4,62.65,0.1,continuous log
AST-02,1632.6,62.65,0.1,continuous log
AST-02,1632.8,62.65,0.1,continuous log
AST-02,1633,62.65,0.1,continuous log
AST-02,1633.2,62.65,0.1,continuous log
AST-02,1633.4,62.65,0.1,continuous log
AST-02,1633.6,62.65,0.1,continuous log
AST-02,1633.8,62.65,0.1,continuous log
AST-02,1634,62.65,0.1,continuous log
AST-02,1634.2,62.65,0.1,continuous log
AST-02,1634.4,62.65,0.1,continuous log
AST-02,1634.6,62.65,0.1,continuous log
AST-02,1634.8,62.67,0.1,continuous log
AST-02,1635,62.69,0.1,continuous log
AST-02,1635.2,62.72,0.1,continuous log
AST-02,1635.4,62.73,0.1,continuous log
AST-02,1635.6,62.73,0.1,continuous log
AST-02,1635.8,62.73,0.1,continuous log
AST-02,1636,62.73,0.1,continuous log
AST-02,1636.2,62.73,0.1,continuous log
AST-02,1636.4,62.73,0.1,continuous log
AST-02,1636.6,62.73,0.1,continuous log
AST-02,1636.8,62.72,0.1,continuous log
AST-02,1637,62.73,0.1,continuous log
AST-02,1637.2,62.69,0.1,continuous log
AST-02,1637.4,62.7,0.1,continuous log
AST-02,1637.6,62.69,0.1,continuous log
AST-02,1637.8,62.69,0.1,continuous log
AST-02,1638,62.69,0.1,continuous log
AST-02,1638.2,62.69,0.1,continuous log
AST-02,1638.4,62.69,0.1,continuous log
AST-02,1638.6,62.73,0.1,continuous log
AST-02,1638.8,62.69,0.1,continuous log
AST-02,1639,62.69,0.1,continuous log
AST-02,1639.2,62.69,0.1,continuous log
AST-02,1639.4,62.69,0.1,continuous log
AST-02,1639.6,62.69,0.1,continuous log